ISO-10303-21;
HEADER;
FILE_DESCRIPTION (( 'STEP AP214' ),
    '1' );
FILE_NAME ('O-PCF20-20.STEP',
    '2024-05-07T08:40:02',
    ( '' ),
    ( '' ),
    'SwSTEP 2.0',
    'SolidWorks 2023',
    '' );
FILE_SCHEMA (( 'AUTOMOTIVE_DESIGN' ));
ENDSEC;

DATA;
#1 = CARTESIAN_POINT ( 'NONE',  ( 0.000000000000000000, 0.01799999999999999864, 0.08799999999999999489 ) ) ;
#2 = VERTEX_POINT ( 'NONE', #510 ) ;
#3 = EDGE_CURVE ( 'NONE', #1400, #4, #979, .T. ) ;
#4 = VERTEX_POINT ( 'NONE', #920 ) ;
#5 = LINE ( 'NONE', #1116, #138 ) ;
#6 = DIRECTION ( 'NONE',  ( 0.000000000000000000, -1.000000000000000000, -2.775557561562890365E-16 ) ) ;
#7 = CARTESIAN_POINT ( 'NONE',  ( -0.01700000000000000122, 0.000000000000000000, 0.1250000000000000000 ) ) ;
#8 = CARTESIAN_POINT ( 'NONE',  ( -0.02651650429449575047, 0.1049999999999999961, 0.1145165042944951972 ) ) ;
#9 = ORIENTED_EDGE ( 'NONE', *, *, #910, .F. ) ;
#10 = VERTEX_POINT ( 'NONE', #1079 ) ;
#11 = DIRECTION ( 'NONE',  ( 0.000000000000000000, 0.000000000000000000, 1.000000000000000000 ) ) ;
#12 = ADVANCED_FACE ( 'NONE', ( #1477 ), #1629, .T. ) ;
#13 = CARTESIAN_POINT ( 'NONE',  ( -0.02651650429449519883, 0.08500000000000000611, 0.06148349570550420279 ) ) ;
#14 = CARTESIAN_POINT ( 'NONE',  ( -0.01899999999999999953, 0.06800000000000000488, 0.09550000000000000155 ) ) ;
#15 = LINE ( 'NONE', #967, #745 ) ;
#16 = ORIENTED_EDGE ( 'NONE', *, *, #728, .T. ) ;
#17 = ORIENTED_EDGE ( 'NONE', *, *, #741, .T. ) ;
#18 = DIRECTION ( 'NONE',  ( 0.000000000000000000, 0.000000000000000000, -1.000000000000000000 ) ) ;
#19 = FACE_OUTER_BOUND ( 'NONE', #266, .T. ) ;
#20 = EDGE_CURVE ( 'NONE', #10, #1285, #1328, .T. ) ;
#21 = LINE ( 'NONE', #288, #893 ) ;
#22 = VECTOR ( 'NONE', #1693, 1.000000000000000000 ) ;
#23 = CARTESIAN_POINT ( 'NONE',  ( -0.03351650429450069718, -0.02651650429449439739, 0.02000000000000000042 ) ) ;
#24 = COLOUR_RGB ( '',0.7921568627450980005, 0.8196078431372548767, 0.9333333333333333481 ) ;
#25 = VECTOR ( 'NONE', #444, 1.000000000000000000 ) ;
#26 = AXIS2_PLACEMENT_3D ( 'NONE', #844, #274, #1378 ) ;
#27 = AXIS2_PLACEMENT_3D ( 'NONE', #667, #490, #643 ) ;
#28 = ORIENTED_EDGE ( 'NONE', *, *, #1262, .T. ) ;
#29 = LINE ( 'NONE', #1689, #498 ) ;
#30 = DIRECTION ( 'NONE',  ( 0.000000000000000000, 0.000000000000000000, -1.000000000000000000 ) ) ;
#31 = DIRECTION ( 'NONE',  ( -1.000000000000000000, 0.000000000000000000, 0.000000000000000000 ) ) ;
#32 = EDGE_CURVE ( 'NONE', #1267, #1411, #21, .T. ) ;
#33 = DIRECTION ( 'NONE',  ( 0.000000000000000000, 0.000000000000000000, -1.000000000000000000 ) ) ;
#34 = EDGE_LOOP ( 'NONE', ( #104, #1236, #489, #679 ) ) ;
#35 = ORIENTED_EDGE ( 'NONE', *, *, #32, .F. ) ;
#36 = CARTESIAN_POINT ( 'NONE',  ( 0.01799999999999999864, 2.204364238465235129E-18, 0.1250000000000000000 ) ) ;
#37 = CARTESIAN_POINT ( 'NONE',  ( -0.02651650429449575047, 0.08500000000000000611, 0.1145165042944951972 ) ) ;
#38 = CYLINDRICAL_SURFACE ( 'NONE', #1678, 0.007000000000000006217 ) ;
#39 = CARTESIAN_POINT ( 'NONE',  ( -0.03351650429450069718, -0.02651650429449439739, 0.000000000000000000 ) ) ;
#40 = CARTESIAN_POINT ( 'NONE',  ( -0.03351650429450069718, -0.02651650429449439739, 0.01499999999999999944 ) ) ;
#41 = ADVANCED_FACE ( 'NONE', ( #1112 ), #1214, .T. ) ;
#42 = EDGE_LOOP ( 'NONE', ( #145, #1488, #1137, #1428 ) ) ;
#43 = DIRECTION ( 'NONE',  ( 0.000000000000000000, 1.000000000000000000, 0.000000000000000000 ) ) ;
#44 = ADVANCED_FACE ( 'NONE', ( #973, #985, #1276, #1534, #710, #157 ), #683, .F. ) ;
#45 = ORIENTED_EDGE ( 'NONE', *, *, #568, .T. ) ;
#46 = DIRECTION ( 'NONE',  ( 0.000000000000000000, -1.000000000000000000, 0.000000000000000000 ) ) ;
#47 = CYLINDRICAL_SURFACE ( 'NONE', #1245, 0.007000000000000006217 ) ;
#48 = DIRECTION ( 'NONE',  ( 0.000000000000000000, 0.000000000000000000, 1.000000000000000000 ) ) ;
#49 = AXIS2_PLACEMENT_3D ( 'NONE', #239, #1368, #788 ) ;
#50 = ORIENTED_EDGE ( 'NONE', *, *, #1474, .F. ) ;
#51 = AXIS2_PLACEMENT_3D ( 'NONE', #536, #1083, #95 ) ;
#52 = CIRCLE ( 'NONE', #229, 0.01799999999999999864 ) ;
#53 = DIRECTION ( 'NONE',  ( 1.000000000000000000, 0.000000000000000000, 0.000000000000000000 ) ) ;
#54 = ORIENTED_EDGE ( 'NONE', *, *, #820, .T. ) ;
#55 = CONICAL_SURFACE ( 'NONE', #981, 0.02299999999999999267, 0.7853981633974539411 ) ;
#56 = CIRCLE ( 'NONE', #406, 0.05249999999999999112 ) ;
#57 = FACE_OUTER_BOUND ( 'NONE', #1484, .T. ) ;
#58 = EDGE_CURVE ( 'NONE', #1006, #1081, #1692, .T. ) ;
#59 = CIRCLE ( 'NONE', #1100, 0.02900000000000000147 ) ;
#60 = CARTESIAN_POINT ( 'NONE',  ( -0.01899999999999999953, 0.06800000000000000488, 0.08050000000000000211 ) ) ;
#61 = DIRECTION ( 'NONE',  ( 0.000000000000000000, -1.000000000000000000, 0.000000000000000000 ) ) ;
#62 = CARTESIAN_POINT ( 'NONE',  ( 0.02651650429449540006, 0.1049999999999999961, 0.1145165042944955996 ) ) ;
#63 = AXIS2_PLACEMENT_3D ( 'NONE', #323, #500, #1153 ) ;
#64 = EDGE_LOOP ( 'NONE', ( #255, #1177, #1114, #125 ) ) ;
#65 = LINE ( 'NONE', #1723, #666 ) ;
#66 = VERTEX_POINT ( 'NONE', #1239 ) ;
#67 = CARTESIAN_POINT ( 'NONE',  ( -0.01499999999999999944, -0.01799999999999999864, 0.07599802425699700437 ) ) ;
#68 = ORIENTED_EDGE ( 'NONE', *, *, #1536, .F. ) ;
#69 = EDGE_CURVE ( 'NONE', #1495, #1737, #432, .T. ) ;
#70 = DIRECTION ( 'NONE',  ( 0.000000000000000000, 0.000000000000000000, -1.000000000000000000 ) ) ;
#71 = CARTESIAN_POINT ( 'NONE',  ( 0.02651650429449509822, 0.02651650429449439739, 0.000000000000000000 ) ) ;
#72 = LINE ( 'NONE', #1553, #1447 ) ;
#73 = EDGE_LOOP ( 'NONE', ( #698, #448 ) ) ;
#74 = DIRECTION ( 'NONE',  ( 0.000000000000000000, 0.000000000000000000, -1.000000000000000000 ) ) ;
#75 = ORIENTED_EDGE ( 'NONE', *, *, #360, .F. ) ;
#76 = DIRECTION ( 'NONE',  ( 0.000000000000000000, 0.000000000000000000, 1.000000000000000000 ) ) ;
#77 = CARTESIAN_POINT ( 'NONE',  ( 0.01499999999999999944, -0.01799999999999999864, 0.1059980242569970033 ) ) ;
#78 = EDGE_CURVE ( 'NONE', #396, #1632, #590, .T. ) ;
#79 = ORIENTED_EDGE ( 'NONE', *, *, #668, .F. ) ;
#80 = DIRECTION ( 'NONE',  ( 0.000000000000000000, -1.000000000000000000, 0.000000000000000000 ) ) ;
#81 = VECTOR ( 'NONE', #1093, 1.000000000000000000 ) ;
#82 = DIRECTION ( 'NONE',  ( 0.000000000000000000, 0.000000000000000000, 1.000000000000000000 ) ) ;
#83 = VECTOR ( 'NONE', #1170, 1.000000000000000000 ) ;
#84 = ORIENTED_EDGE ( 'NONE', *, *, #1394, .F. ) ;
#85 = AXIS2_PLACEMENT_3D ( 'NONE', #282, #835, #1548 ) ;
#86 = CIRCLE ( 'NONE', #231, 0.007000000000000190098 ) ;
#87 = CARTESIAN_POINT ( 'NONE',  ( 0.000000000000000000, 0.000000000000000000, -0.002000000000000000042 ) ) ;
#88 = FACE_OUTER_BOUND ( 'NONE', #34, .T. ) ;
#89 = ORIENTED_EDGE ( 'NONE', *, *, #1514, .T. ) ;
#90 = EDGE_CURVE ( 'NONE', #1267, #534, #1141, .T. ) ;
#91 = LINE ( 'NONE', #1348, #1188 ) ;
#92 = ORIENTED_EDGE ( 'NONE', *, *, #399, .T. ) ;
#93 = VERTEX_POINT ( 'NONE', #1552 ) ;
#94 = DIRECTION ( 'NONE',  ( -1.000000000000000000, 0.000000000000000000, 0.000000000000000000 ) ) ;
#95 = DIRECTION ( 'NONE',  ( 0.000000000000000000, 0.000000000000000000, 1.000000000000000000 ) ) ;
#96 = LINE ( 'NONE', #1113, #1065 ) ;
#97 = EDGE_CURVE ( 'NONE', #10, #212, #993, .T. ) ;
#98 = ORIENTED_EDGE ( 'NONE', *, *, #1120, .T. ) ;
#99 =( LENGTH_UNIT ( ) NAMED_UNIT ( * ) SI_UNIT ( $, .METRE. ) );
#100 = EDGE_CURVE ( 'NONE', #1285, #1370, #1522, .T. ) ;
#101 = ORIENTED_EDGE ( 'NONE', *, *, #1536, .T. ) ;
#102 = CARTESIAN_POINT ( 'NONE',  ( -0.02651650429449600027, 0.02651650429449664906, 0.02000000000000000042 ) ) ;
#103 = DIRECTION ( 'NONE',  ( 0.000000000000000000, 0.000000000000000000, -1.000000000000000000 ) ) ;
#104 = ORIENTED_EDGE ( 'NONE', *, *, #579, .F. ) ;
#105 = FACE_OUTER_BOUND ( 'NONE', #1744, .T. ) ;
#106 = ORIENTED_EDGE ( 'NONE', *, *, #514, .F. ) ;
#107 = EDGE_LOOP ( 'NONE', ( #949, #833, #230, #322 ) ) ;
#108 = CIRCLE ( 'NONE', #165, 0.007000000000001220524 ) ;
#109 = EDGE_CURVE ( 'NONE', #525, #732, #1039, .T. ) ;
#110 = FACE_OUTER_BOUND ( 'NONE', #1614, .T. ) ;
#111 = AXIS2_PLACEMENT_3D ( 'NONE', #1263, #829, #137 ) ;
#112 = CIRCLE ( 'NONE', #201, 0.007000000000000193567 ) ;
#113 = CIRCLE ( 'NONE', #581, 0.007000000000002448708 ) ;
#114 = DIRECTION ( 'NONE',  ( -1.000000000000000000, 0.000000000000000000, 0.000000000000000000 ) ) ;
#115 = CIRCLE ( 'NONE', #353, 0.007000000000000006217 ) ;
#116 = ORIENTED_EDGE ( 'NONE', *, *, #3, .T. ) ;
#117 = DIRECTION ( 'NONE',  ( 0.000000000000000000, 1.000000000000000000, 0.000000000000000000 ) ) ;
#118 = ORIENTED_EDGE ( 'NONE', *, *, #3, .F. ) ;
#119 = ORIENTED_EDGE ( 'NONE', *, *, #1403, .F. ) ;
#120 = CARTESIAN_POINT ( 'NONE',  ( -0.01951650429449579977, 0.02651650429449664906, 0.02000000000000000042 ) ) ;
#121 = EDGE_CURVE ( 'NONE', #400, #419, #425, .T. ) ;
#122 = CARTESIAN_POINT ( 'NONE',  ( -0.01899999999999999953, 0.01799999999999999864, 0.000000000000000000 ) ) ;
#123 = ORIENTED_EDGE ( 'NONE', *, *, #568, .F. ) ;
#124 = CARTESIAN_POINT ( 'NONE',  ( 0.01951650429448955129, -0.02651650429449664906, 0.01499999999999999944 ) ) ;
#125 = ORIENTED_EDGE ( 'NONE', *, *, #647, .F. ) ;
#126 = EDGE_LOOP ( 'NONE', ( #742, #856, #92, #17 ) ) ;
#127 = DIRECTION ( 'NONE',  ( 1.000000000000000000, 0.000000000000000000, 0.000000000000000000 ) ) ;
#128 = CARTESIAN_POINT ( 'NONE',  ( -0.01499999999999999944, -0.01799999999999999864, 0.1059980242569970033 ) ) ;
#129 = VERTEX_POINT ( 'NONE', #830 ) ;
#130 = EDGE_CURVE ( 'NONE', #467, #168, #1268, .T. ) ;
#131 = FACE_BOUND ( 'NONE', #705, .T. ) ;
#132 = ORIENTED_EDGE ( 'NONE', *, *, #130, .F. ) ;
#133 = EDGE_LOOP ( 'NONE', ( #1173, #361, #942, #1017 ) ) ;
#134 = LINE ( 'NONE', #990, #777 ) ;
#135 = DIRECTION ( 'NONE',  ( 0.000000000000000000, 1.000000000000000000, 0.000000000000000000 ) ) ;
#136 = AXIS2_PLACEMENT_3D ( 'NONE', #1566, #1172, #1584 ) ;
#137 = DIRECTION ( 'NONE',  ( 0.000000000000000000, 1.000000000000000000, 0.000000000000000000 ) ) ;
#138 = VECTOR ( 'NONE', #558, 1.000000000000000000 ) ;
#139 = AXIS2_PLACEMENT_3D ( 'NONE', #296, #852, #1002 ) ;
#140 = DIRECTION ( 'NONE',  ( -0.000000000000000000, 1.000000000000000000, 0.000000000000000000 ) ) ;
#141 = CIRCLE ( 'NONE', #437, 0.02899999999999999800 ) ;
#142 = DIRECTION ( 'NONE',  ( 0.000000000000000000, 0.000000000000000000, 1.000000000000000000 ) ) ;
#143 = EDGE_CURVE ( 'NONE', #4, #1461, #1406, .T. ) ;
#144 = ORIENTED_EDGE ( 'NONE', *, *, #1202, .F. ) ;
#145 = ORIENTED_EDGE ( 'NONE', *, *, #872, .F. ) ;
#146 = LINE ( 'NONE', #701, #720 ) ;
#147 = AXIS2_PLACEMENT_3D ( 'NONE', #533, #1088, #926 ) ;
#148 = DIRECTION ( 'NONE',  ( 1.000000000000000000, 0.000000000000000000, 0.000000000000000000 ) ) ;
#149 = CARTESIAN_POINT ( 'NONE',  ( -0.01499999999999999944, -0.01799999999999999864, 0.1059980242569970033 ) ) ;
#150 = CARTESIAN_POINT ( 'NONE',  ( 0.000000000000000000, 0.000000000000000000, 0.000000000000000000 ) ) ;
#151 = ORIENTED_EDGE ( 'NONE', *, *, #719, .T. ) ;
#152 = ADVANCED_FACE ( 'NONE', ( #696 ), #865, .T. ) ;
#153 = VERTEX_POINT ( 'NONE', #1658 ) ;
#154 = DIRECTION ( 'NONE',  ( 0.000000000000000000, 0.000000000000000000, 1.000000000000000000 ) ) ;
#155 = EDGE_CURVE ( 'NONE', #1252, #412, #1250, .T. ) ;
#156 = CARTESIAN_POINT ( 'NONE',  ( 0.000000000000000000, 0.000000000000000000, 0.01499999999999999944 ) ) ;
#157 = FACE_OUTER_BOUND ( 'NONE', #1175, .T. ) ;
#158 = CARTESIAN_POINT ( 'NONE',  ( 0.000000000000000000, 0.000000000000000000, 0.000000000000000000 ) ) ;
#159 = ORIENTED_EDGE ( 'NONE', *, *, #1575, .F. ) ;
#160 = ORIENTED_EDGE ( 'NONE', *, *, #684, .F. ) ;
#161 = DIRECTION ( 'NONE',  ( 0.000000000000000000, 0.000000000000000000, 1.000000000000000000 ) ) ;
#162 = EDGE_CURVE ( 'NONE', #987, #1669, #328, .T. ) ;
#163 = CARTESIAN_POINT ( 'NONE',  ( 0.01951650429448955129, -0.02651650429449664906, 0.000000000000000000 ) ) ;
#164 = PLANE ( 'NONE',  #111 ) ;
#165 = AXIS2_PLACEMENT_3D ( 'NONE', #671, #545, #383 ) ;
#166 = DIRECTION ( 'NONE',  ( 0.000000000000000000, 0.000000000000000000, -1.000000000000000000 ) ) ;
#167 = AXIS2_PLACEMENT_3D ( 'NONE', #1424, #70, #206 ) ;
#168 = VERTEX_POINT ( 'NONE', #39 ) ;
#169 = CIRCLE ( 'NONE', #1128, 0.05249999999999999806 ) ;
#170 = VECTOR ( 'NONE', #249, 1.000000000000000000 ) ;
#171 = CARTESIAN_POINT ( 'NONE',  ( 0.01499999999999999944, -0.01799999999999999864, 0.07599802425699700437 ) ) ;
#172 = EDGE_LOOP ( 'NONE', ( #101, #1602 ) ) ;
#173 = DIRECTION ( 'NONE',  ( -1.000000000000000000, 0.000000000000000000, 0.000000000000000000 ) ) ;
#174 = CARTESIAN_POINT ( 'NONE',  ( 0.01799999999999998823, 0.01054415587728430199, 0.07745584412271565300 ) ) ;
#175 = PRODUCT_DEFINITION ( 'BİLİNMEY', '', #784, #1303 ) ;
#176 = DIRECTION ( 'NONE',  ( 0.000000000000000000, 1.000000000000000000, 0.000000000000000000 ) ) ;
#177 = EDGE_CURVE ( 'NONE', #1081, #497, #716, .T. ) ;
#178 = DIRECTION ( 'NONE',  ( 0.000000000000000000, 0.000000000000000000, -1.000000000000000000 ) ) ;
#179 = EDGE_CURVE ( 'NONE', #1316, #1235, #1565, .T. ) ;
#180 = CARTESIAN_POINT ( 'NONE',  ( -0.05249999999999999806, 0.000000000000000000, 0.000000000000000000 ) ) ;
#181 = ORIENTED_EDGE ( 'NONE', *, *, #143, .F. ) ;
#182 = LINE ( 'NONE', #674, #837 ) ;
#183 = VERTEX_POINT ( 'NONE', #1147 ) ;
#184 = DIRECTION ( 'NONE',  ( -1.000000000000000000, 0.000000000000000000, 0.000000000000000000 ) ) ;
#185 = FACE_OUTER_BOUND ( 'NONE', #1642, .T. ) ;
#186 = DIRECTION ( 'NONE',  ( -1.000000000000000000, 0.000000000000000000, 0.000000000000000000 ) ) ;
#187 = DIRECTION ( 'NONE',  ( 0.000000000000000000, -1.000000000000000000, 0.000000000000000000 ) ) ;
#188 = EDGE_LOOP ( 'NONE', ( #1465, #386, #340, #1182 ) ) ;
#189 = EDGE_CURVE ( 'NONE', #739, #412, #1660, .T. ) ;
#190 = CARTESIAN_POINT ( 'NONE',  ( 2.816687638038899977E-18, 0.08999999999999999667, 0.06500000000000000222 ) ) ;
#191 = ORIENTED_EDGE ( 'NONE', *, *, #214, .F. ) ;
#192 = CARTESIAN_POINT ( 'NONE',  ( 0.000000000000000000, -0.01799999999999999864, 0.000000000000000000 ) ) ;
#193 = DIRECTION ( 'NONE',  ( 0.000000000000000000, 0.000000000000000000, -1.000000000000000000 ) ) ;
#194 = DIRECTION ( 'NONE',  ( 0.000000000000000000, -1.000000000000000000, 0.000000000000000000 ) ) ;
#195 = LINE ( 'NONE', #1721, #576 ) ;
#196 = ORIENTED_EDGE ( 'NONE', *, *, #199, .T. ) ;
#197 = CIRCLE ( 'NONE', #1558, 0.01700000000000000122 ) ;
#198 = LINE ( 'NONE', #907, #519 ) ;
#199 = EDGE_CURVE ( 'NONE', #1252, #754, #473, .T. ) ;
#200 = ORIENTED_EDGE ( 'NONE', *, *, #422, .T. ) ;
#201 = AXIS2_PLACEMENT_3D ( 'NONE', #980, #413, #173 ) ;
#202 = VECTOR ( 'NONE', #1352, 1.000000000000000000 ) ;
#203 = DIRECTION ( 'NONE',  ( 0.000000000000000000, 1.000000000000000000, 0.000000000000000000 ) ) ;
#204 = VECTOR ( 'NONE', #209, 1.000000000000000000 ) ;
#205 = ORIENTED_EDGE ( 'NONE', *, *, #1759, .F. ) ;
#206 = DIRECTION ( 'NONE',  ( -1.000000000000000000, 0.000000000000000000, 0.000000000000000000 ) ) ;
#207 = DIRECTION ( 'NONE',  ( -1.000000000000000000, 0.000000000000000000, 0.000000000000000000 ) ) ;
#208 = AXIS2_PLACEMENT_3D ( 'NONE', #916, #1757, #1777 ) ;
#209 = DIRECTION ( 'NONE',  ( 1.000000000000000000, 0.000000000000000000, 0.000000000000000000 ) ) ;
#210 = ORIENTED_EDGE ( 'NONE', *, *, #1201, .T. ) ;
#211 = DIRECTION ( 'NONE',  ( 0.000000000000000000, -1.000000000000000000, 0.000000000000000000 ) ) ;
#212 = VERTEX_POINT ( 'NONE', #1282 ) ;
#213 = CARTESIAN_POINT ( 'NONE',  ( -0.01799999999999999864, 0.000000000000000000, 0.08799999999999999489 ) ) ;
#214 = EDGE_CURVE ( 'NONE', #903, #240, #617, .T. ) ;
#215 = DIRECTION ( 'NONE',  ( 0.000000000000000000, 0.000000000000000000, 1.000000000000000000 ) ) ;
#216 = FACE_OUTER_BOUND ( 'NONE', #1748, .T. ) ;
#217 = EDGE_LOOP ( 'NONE', ( #757, #943 ) ) ;
#218 = DIRECTION ( 'NONE',  ( 1.000000000000000000, 0.000000000000000000, 0.000000000000000000 ) ) ;
#219 = CARTESIAN_POINT ( 'NONE',  ( 0.000000000000000000, 0.1049999999999999961, 0.08799999999999999489 ) ) ;
#220 = ORIENTED_EDGE ( 'NONE', *, *, #1010, .T. ) ;
#221 = LINE ( 'NONE', #1489, #170 ) ;
#222 = EDGE_CURVE ( 'NONE', #93, #1019, #522, .T. ) ;
#223 = DIRECTION ( 'NONE',  ( 0.000000000000000000, 1.000000000000000000, 0.000000000000000000 ) ) ;
#224 = ORIENTED_EDGE ( 'NONE', *, *, #988, .F. ) ;
#225 = DIRECTION ( 'NONE',  ( 0.000000000000000000, 0.000000000000000000, 1.000000000000000000 ) ) ;
#226 = ORIENTED_EDGE ( 'NONE', *, *, #1630, .F. ) ;
#227 = VECTOR ( 'NONE', #838, 1.000000000000000000 ) ;
#228 = AXIS2_PLACEMENT_3D ( 'NONE', #869, #1034, #1308 ) ;
#229 = AXIS2_PLACEMENT_3D ( 'NONE', #1029, #1582, #889 ) ;
#230 = ORIENTED_EDGE ( 'NONE', *, *, #699, .T. ) ;
#231 = AXIS2_PLACEMENT_3D ( 'NONE', #1287, #629, #477 ) ;
#232 = DIRECTION ( 'NONE',  ( 1.000000000000000000, 0.000000000000000000, 0.000000000000000000 ) ) ;
#233 = EDGE_CURVE ( 'NONE', #786, #332, #625, .T. ) ;
#234 = FACE_OUTER_BOUND ( 'NONE', #572, .T. ) ;
#235 = ORIENTED_EDGE ( 'NONE', *, *, #310, .T. ) ;
#236 =( BOUNDED_CURVE ( )  B_SPLINE_CURVE ( 3, ( #911, #1056, #1204, #1752 ),
 .UNSPECIFIED., .F., .F. ) 
 B_SPLINE_CURVE_WITH_KNOTS ( ( 4, 4 ),
 ( 3.141592653589795336, 4.712388980384689674 ),
 .UNSPECIFIED. ) 
 CURVE ( )  GEOMETRIC_REPRESENTATION_ITEM ( )  RATIONAL_B_SPLINE_CURVE ( ( 1.000000000000000000, 0.8047378541243649375, 0.8047378541243649375, 1.000000000000000000 ) ) 
 REPRESENTATION_ITEM ( '' )  );
#237 = ADVANCED_FACE ( 'NONE', ( #1178 ), #1290, .T. ) ;
#238 = CIRCLE ( 'NONE', #929, 0.007000000000000006217 ) ;
#239 = CARTESIAN_POINT ( 'NONE',  ( 0.000000000000000000, 0.08500000000000000611, 0.08799999999999999489 ) ) ;
#240 = VERTEX_POINT ( 'NONE', #163 ) ;
#241 = APPLICATION_PROTOCOL_DEFINITION ( 'draft international standard', 'automotive_design', 1998, #1047 ) ;
#242 = ORIENTED_EDGE ( 'NONE', *, *, #1320, .F. ) ;
#243 = CARTESIAN_POINT ( 'NONE',  ( 0.01899999999999999953, 0.000000000000000000, 0.000000000000000000 ) ) ;
#244 = CYLINDRICAL_SURFACE ( 'NONE', #1761, 0.007000000000002448708 ) ;
#245 = EDGE_LOOP ( 'NONE', ( #123, #235, #1479, #1322 ) ) ;
#246 = CARTESIAN_POINT ( 'NONE',  ( 0.000000000000000000, 0.000000000000000000, 0.1250000000000000000 ) ) ;
#247 = ADVANCED_FACE ( 'NONE', ( #880 ), #47, .F. ) ;
#248 = EDGE_LOOP ( 'NONE', ( #1048, #1519 ) ) ;
#249 = DIRECTION ( 'NONE',  ( 0.000000000000000000, 0.000000000000000000, -1.000000000000000000 ) ) ;
#250 = FACE_BOUND ( 'NONE', #791, .T. ) ;
#251 = ORIENTED_EDGE ( 'NONE', *, *, #1110, .T. ) ;
#252 = DIRECTION ( 'NONE',  ( 0.000000000000000000, -1.000000000000000000, 0.000000000000000000 ) ) ;
#253 = ORIENTED_EDGE ( 'NONE', *, *, #1664, .T. ) ;
#254 = ADVANCED_FACE ( 'NONE', ( #185 ), #850, .F. ) ;
#255 = ORIENTED_EDGE ( 'NONE', *, *, #422, .F. ) ;
#256 = CIRCLE ( 'NONE', #752, 0.01799999999999999864 ) ;
#257 = CARTESIAN_POINT ( 'NONE',  ( 3.551475717527324141E-18, 0.1069999999999999979, 0.1170000000000000068 ) ) ;
#258 = VECTOR ( 'NONE', #966, 1.000000000000000000 ) ;
#259 = VECTOR ( 'NONE', #203, 1.000000000000000000 ) ;
#260 = CIRCLE ( 'NONE', #1444, 0.05249999999999999112 ) ;
#261 = CYLINDRICAL_SURFACE ( 'NONE', #1067, 0.02899999999999999800 ) ;
#262 = EDGE_LOOP ( 'NONE', ( #1084, #273, #817, #1511 ) ) ;
#263 = CYLINDRICAL_SURFACE ( 'NONE', #804, 0.01799999999999999864 ) ;
#264 = ORIENTED_EDGE ( 'NONE', *, *, #1062, .F. ) ;
#265 = APPLICATION_PROTOCOL_DEFINITION ( 'draft international standard', 'automotive_design', 1998, #1230 ) ;
#266 = EDGE_LOOP ( 'NONE', ( #1232, #480, #900, #144 ) ) ;
#267 = DIRECTION ( 'NONE',  ( 0.000000000000000000, 0.000000000000000000, -1.000000000000000000 ) ) ;
#268 = EDGE_CURVE ( 'NONE', #1370, #1702, #870, .T. ) ;
#269 = PLANE ( 'NONE',  #1355 ) ;
#270 = VERTEX_POINT ( 'NONE', #588 ) ;
#271 = CYLINDRICAL_SURFACE ( 'NONE', #1766, 0.007000000000000006217 ) ;
#272 = ORIENTED_EDGE ( 'NONE', *, *, #687, .F. ) ;
#273 = ORIENTED_EDGE ( 'NONE', *, *, #787, .F. ) ;
#274 = DIRECTION ( 'NONE',  ( 0.000000000000000000, 0.000000000000000000, -1.000000000000000000 ) ) ;
#275 = DIRECTION ( 'NONE',  ( 0.000000000000000000, -1.000000000000000000, 0.000000000000000000 ) ) ;
#276 = ADVANCED_FACE ( 'NONE', ( #605 ), #596, .T. ) ;
#277 = CARTESIAN_POINT ( 'NONE',  ( -0.01899999999999999953, 0.06800000000000000488, 0.000000000000000000 ) ) ;
#278 = DIRECTION ( 'NONE',  ( 0.000000000000000000, 1.000000000000000000, 0.000000000000000000 ) ) ;
#279 = ADVANCED_BREP_SHAPE_REPRESENTATION ( 'O-PCF20-20', ( #1118, #1480 ), #902 ) ;
#280 = DIRECTION ( 'NONE',  ( 1.000000000000000000, 0.000000000000000000, 0.000000000000000000 ) ) ;
#281 = ORIENTED_EDGE ( 'NONE', *, *, #579, .T. ) ;
#282 = CARTESIAN_POINT ( 'NONE',  ( 0.000000000000000000, 0.08999999999999999667, 0.08799999999999999489 ) ) ;
#283 = AXIS2_PLACEMENT_3D ( 'NONE', #158, #142, #685 ) ;
#284 = AXIS2_PLACEMENT_3D ( 'NONE', #122, #1205, #938 ) ;
#285 = VECTOR ( 'NONE', #1149, 1.000000000000000000 ) ;
#286 = CARTESIAN_POINT ( 'NONE',  ( 0.01799999999999999864, 2.204364238465235129E-18, 0.1250000000000000000 ) ) ;
#287 = VECTOR ( 'NONE', #402, 1.000000000000000000 ) ;
#288 = CARTESIAN_POINT ( 'NONE',  ( -0.01499999999999999944, -0.01799999999999999864, 0.1059980242569970033 ) ) ;
#289 = EDGE_CURVE ( 'NONE', #1035, #1347, #1563, .T. ) ;
#290 = VECTOR ( 'NONE', #697, 1.000000000000000000 ) ;
#291 = LINE ( 'NONE', #722, #290 ) ;
#292 = ORIENTED_EDGE ( 'NONE', *, *, #822, .T. ) ;
#293 = ADVANCED_FACE ( 'NONE', ( #311 ), #734, .F. ) ;
#294 = ORIENTED_EDGE ( 'NONE', *, *, #214, .T. ) ;
#295 = CARTESIAN_POINT ( 'NONE',  ( 0.000000000000000000, 0.000000000000000000, 0.000000000000000000 ) ) ;
#296 = CARTESIAN_POINT ( 'NONE',  ( -0.02651650429449824847, -0.02651650429449439739, 0.000000000000000000 ) ) ;
#297 = FACE_BOUND ( 'NONE', #826, .T. ) ;
#298 = VERTEX_POINT ( 'NONE', #1718 ) ;
#299 = EDGE_CURVE ( 'NONE', #1370, #212, #52, .T. ) ;
#300 = ORIENTED_EDGE ( 'NONE', *, *, #1098, .F. ) ;
#301 = CARTESIAN_POINT ( 'NONE',  ( 0.000000000000000000, 0.000000000000000000, 0.01499999999999999944 ) ) ;
#302 = CARTESIAN_POINT ( 'NONE',  ( 0.01951650429448955129, -0.02651650429449664906, 0.02000000000000000042 ) ) ;
#303 = CYLINDRICAL_SURFACE ( 'NONE', #919, 0.02900000000000000147 ) ;
#304 = CARTESIAN_POINT ( 'NONE',  ( 0.000000000000000000, 0.06800000000000000488, 0.08799999999999999489 ) ) ;
#305 = LINE ( 'NONE', #23, #22 ) ;
#306 = ORIENTED_EDGE ( 'NONE', *, *, #1343, .F. ) ;
#307 = CARTESIAN_POINT ( 'NONE',  ( -0.01799999999999999864, 0.000000000000000000, 0.1250000000000000000 ) ) ;
#308 = EDGE_LOOP ( 'NONE', ( #1401, #45, #723, #730 ) ) ;
#309 = DIRECTION ( 'NONE',  ( 0.000000000000000000, -1.000000000000000000, 0.000000000000000000 ) ) ;
#310 = EDGE_CURVE ( 'NONE', #520, #594, #693, .T. ) ;
#311 = FACE_OUTER_BOUND ( 'NONE', #995, .T. ) ;
#312 = DIRECTION ( 'NONE',  ( -1.000000000000000000, 0.000000000000000000, 0.000000000000000000 ) ) ;
#313 = CARTESIAN_POINT ( 'NONE',  ( 0.02651650429449540006, 0.08500000000000000611, 0.1215165042944956059 ) ) ;
#314 = CIRCLE ( 'NONE', #661, 0.02899999999999999800 ) ;
#315 = SURFACE_STYLE_FILL_AREA ( #1729 ) ;
#316 = PRESENTATION_LAYER_ASSIGNMENT (  '', '', ( #549 ) ) ;
#317 = VECTOR ( 'NONE', #1381, 1.000000000000000000 ) ;
#318 = ORIENTED_EDGE ( 'NONE', *, *, #1630, .T. ) ;
#319 = CIRCLE ( 'NONE', #665, 0.007000000000002448708 ) ;
#320 = VECTOR ( 'NONE', #275, 1.000000000000000000 ) ;
#321 = CARTESIAN_POINT ( 'NONE',  ( 0.000000000000000000, 0.1049999999999999961, 0.08799999999999999489 ) ) ;
#322 = ORIENTED_EDGE ( 'NONE', *, *, #1023, .T. ) ;
#323 = CARTESIAN_POINT ( 'NONE',  ( 0.000000000000000000, 0.000000000000000000, 0.01499999999999999944 ) ) ;
#324 = CIRCLE ( 'NONE', #1598, 0.02299999999999999267 ) ;
#325 = CARTESIAN_POINT ( 'NONE',  ( 0.02651650429449509822, 0.02651650429449439739, 0.02000000000000000042 ) ) ;
#326 = DIRECTION ( 'NONE',  ( 0.000000000000000000, 1.000000000000000000, 0.000000000000000000 ) ) ;
#327 = EDGE_CURVE ( 'NONE', #1632, #240, #1068, .T. ) ;
#328 = LINE ( 'NONE', #1016, #1559 ) ;
#329 = DIRECTION ( 'NONE',  ( 0.000000000000000000, 1.000000000000000000, 0.000000000000000000 ) ) ;
#330 = ORIENTED_EDGE ( 'NONE', *, *, #233, .F. ) ;
#331 = DIRECTION ( 'NONE',  ( 0.000000000000000000, 1.000000000000000000, 0.000000000000000000 ) ) ;
#332 = VERTEX_POINT ( 'NONE', #1415 ) ;
#333 = DIRECTION ( 'NONE',  ( 0.000000000000000000, 0.000000000000000000, 1.000000000000000000 ) ) ;
#334 = DIRECTION ( 'NONE',  ( 0.000000000000000000, 0.000000000000000000, 1.000000000000000000 ) ) ;
#335 = FACE_OUTER_BOUND ( 'NONE', #637, .T. ) ;
#336 = EDGE_CURVE ( 'NONE', #212, #1370, #1129, .T. ) ;
#337 = DIRECTION ( 'NONE',  ( 0.000000000000000000, 0.000000000000000000, 1.000000000000000000 ) ) ;
#338 = ORIENTED_EDGE ( 'NONE', *, *, #1762, .F. ) ;
#339 = DIRECTION ( 'NONE',  ( 0.000000000000000000, 0.000000000000000000, 1.000000000000000000 ) ) ;
#340 = ORIENTED_EDGE ( 'NONE', *, *, #100, .T. ) ;
#341 = CARTESIAN_POINT ( 'NONE',  ( -0.01054415587728428985, 0.01800000000000001252, 0.1060000000000000248 ) ) ;
#342 = ORIENTED_EDGE ( 'NONE', *, *, #78, .T. ) ;
#343 = CARTESIAN_POINT ( 'NONE',  ( 2.816687638038899977E-18, 0.08999999999999999667, 0.06500000000000000222 ) ) ;
#344 = LINE ( 'NONE', #891, #405 ) ;
#345 = LINE ( 'NONE', #1057, #494 ) ;
#346 = ORIENTED_EDGE ( 'NONE', *, *, #1426, .T. ) ;
#347 = CIRCLE ( 'NONE', #403, 0.02900000000000000147 ) ;
#348 = DIRECTION ( 'NONE',  ( 0.000000000000000000, -1.000000000000000000, 0.000000000000000000 ) ) ;
#349 = ADVANCED_FACE ( 'NONE', ( #917, #1319 ), #792, .T. ) ;
#350 = AXIS2_PLACEMENT_3D ( 'NONE', #1396, #1520, #962 ) ;
#351 = AXIS2_PLACEMENT_3D ( 'NONE', #102, #1339, #94 ) ;
#352 = CARTESIAN_POINT ( 'NONE',  ( -0.01499999999999999944, -0.01799999999999999864, 0.07599802425699700437 ) ) ;
#353 = AXIS2_PLACEMENT_3D ( 'NONE', #62, #627, #465 ) ;
#354 = ORIENTED_EDGE ( 'NONE', *, *, #1549, .T. ) ;
#355 = CARTESIAN_POINT ( 'NONE',  ( 3.551475717527324141E-18, 0.1049999999999999961, 0.1170000000000000068 ) ) ;
#356 = DIRECTION ( 'NONE',  ( 0.000000000000000000, 1.000000000000000000, 0.000000000000000000 ) ) ;
#357 = ORIENTED_EDGE ( 'NONE', *, *, #1394, .T. ) ;
#358 = DIRECTION ( 'NONE',  ( 0.000000000000000000, 0.000000000000000000, 1.000000000000000000 ) ) ;
#359 = FACE_OUTER_BOUND ( 'NONE', #1647, .T. ) ;
#360 = EDGE_CURVE ( 'NONE', #989, #810, #1063, .T. ) ;
#361 = ORIENTED_EDGE ( 'NONE', *, *, #918, .T. ) ;
#362 = DIRECTION ( 'NONE',  ( 0.000000000000000000, 0.000000000000000000, -1.000000000000000000 ) ) ;
#363 = CARTESIAN_POINT ( 'NONE',  ( 0.000000000000000000, 0.08999999999999999667, 0.1110000000000000014 ) ) ;
#364 = ORIENTED_EDGE ( 'NONE', *, *, #1686, .F. ) ;
#365 = DIRECTION ( 'NONE',  ( 0.000000000000000000, 0.000000000000000000, 1.000000000000000000 ) ) ;
#366 = ORIENTED_EDGE ( 'NONE', *, *, #910, .T. ) ;
#367 = EDGE_CURVE ( 'NONE', #1770, #680, #1649, .T. ) ;
#368 = DIRECTION ( 'NONE',  ( 1.000000000000000000, 0.000000000000000000, 0.000000000000000000 ) ) ;
#369 = ADVANCED_FACE ( 'NONE', ( #1727 ), #928, .F. ) ;
#370 = CARTESIAN_POINT ( 'NONE',  ( -0.01799999999999998823, 0.01054415587728430199, 0.07745584412271565300 ) ) ;
#371 = DIRECTION ( 'NONE',  ( 0.000000000000000000, 0.000000000000000000, 1.000000000000000000 ) ) ;
#372 = FACE_OUTER_BOUND ( 'NONE', #706, .T. ) ;
#373 = VERTEX_POINT ( 'NONE', #355 ) ;
#374 = AXIS2_PLACEMENT_3D ( 'NONE', #1373, #1119, #543 ) ;
#375 = AXIS2_PLACEMENT_3D ( 'NONE', #352, #1716, #1453 ) ;
#376 = AXIS2_PLACEMENT_3D ( 'NONE', #1391, #140, #1517 ) ;
#377 = ORIENTED_EDGE ( 'NONE', *, *, #1386, .F. ) ;
#378 = AXIS2_PLACEMENT_3D ( 'NONE', #560, #1771, #1687 ) ;
#379 = CARTESIAN_POINT ( 'NONE',  ( -0.02651650429449575047, 0.1049999999999999961, 0.1145165042944951972 ) ) ;
#380 = EDGE_CURVE ( 'NONE', #1019, #1680, #1482, .T. ) ;
#381 = DIRECTION ( 'NONE',  ( 0.000000000000000000, 0.000000000000000000, -1.000000000000000000 ) ) ;
#382 = DIRECTION ( 'NONE',  ( 0.000000000000000000, 0.000000000000000000, 1.000000000000000000 ) ) ;
#383 = DIRECTION ( 'NONE',  ( 1.000000000000000000, 0.000000000000000000, 0.000000000000000000 ) ) ;
#384 = VERTEX_POINT ( 'NONE', #1470 ) ;
#385 = DIRECTION ( 'NONE',  ( 1.000000000000000000, 0.000000000000000000, 0.000000000000000000 ) ) ;
#386 = ORIENTED_EDGE ( 'NONE', *, *, #1311, .F. ) ;
#387 = CARTESIAN_POINT ( 'NONE',  ( -0.01899999999999999953, 0.06800000000000000488, 0.09550000000000000155 ) ) ;
#388 = CARTESIAN_POINT ( 'NONE',  ( -0.01799999999999999864, 0.000000000000000000, 0.08799999999999999489 ) ) ;
#389 = DIRECTION ( 'NONE',  ( 0.000000000000000000, 0.000000000000000000, -1.000000000000000000 ) ) ;
#390 = ADVANCED_FACE ( 'NONE', ( #650 ), #1760, .T. ) ;
#391 = CARTESIAN_POINT ( 'NONE',  ( 0.01499999999999999944, -0.01799999999999999864, 0.1059980242569970033 ) ) ;
#392 = ORIENTED_EDGE ( 'NONE', *, *, #155, .F. ) ;
#393 = ORIENTED_EDGE ( 'NONE', *, *, #1062, .T. ) ;
#394 = DIRECTION ( 'NONE',  ( 0.000000000000000000, 1.000000000000000000, 0.000000000000000000 ) ) ;
#395 = DIRECTION ( 'NONE',  ( 0.000000000000000000, 1.000000000000000000, 0.000000000000000000 ) ) ;
#396 = VERTEX_POINT ( 'NONE', #1076 ) ;
#397 = CYLINDRICAL_SURFACE ( 'NONE', #1220, 0.05249999999999999806 ) ;
#398 = ORIENTED_EDGE ( 'NONE', *, *, #1064, .F. ) ;
#399 = EDGE_CURVE ( 'NONE', #987, #1053, #221, .T. ) ;
#400 = VERTEX_POINT ( 'NONE', #387 ) ;
#401 = CIRCLE ( 'NONE', #1094, 0.007000000000002448708 ) ;
#402 = DIRECTION ( 'NONE',  ( 0.000000000000000000, -1.000000000000000000, -2.775557561562890365E-16 ) ) ;
#403 = AXIS2_PLACEMENT_3D ( 'NONE', #295, #851, #1665 ) ;
#404 = AXIS2_PLACEMENT_3D ( 'NONE', #325, #30, #1432 ) ;
#405 = VECTOR ( 'NONE', #453, 1.000000000000000000 ) ;
#406 = AXIS2_PLACEMENT_3D ( 'NONE', #321, #819, #1496 ) ;
#407 = CARTESIAN_POINT ( 'NONE',  ( -0.05249999999999999806, 0.000000000000000000, 0.01499999999999999944 ) ) ;
#408 = ORIENTED_EDGE ( 'NONE', *, *, #874, .F. ) ;
#409 = FACE_OUTER_BOUND ( 'NONE', #478, .T. ) ;
#410 = EDGE_LOOP ( 'NONE', ( #639, #1260, #517, #1685 ) ) ;
#411 = AXIS2_PLACEMENT_3D ( 'NONE', #479, #755, #615 ) ;
#412 = VERTEX_POINT ( 'NONE', #800 ) ;
#413 = DIRECTION ( 'NONE',  ( 0.000000000000000000, 0.000000000000000000, -1.000000000000000000 ) ) ;
#414 = EDGE_CURVE ( 'NONE', #298, #525, #1626, .T. ) ;
#415 = CARTESIAN_POINT ( 'NONE',  ( 0.02651650429449559782, 0.1049999999999999961, 0.05448349570550450188 ) ) ;
#416 = DIRECTION ( 'NONE',  ( 0.000000000000000000, 1.000000000000000000, 0.000000000000000000 ) ) ;
#417 = CARTESIAN_POINT ( 'NONE',  ( 0.01700000000000000122, 2.081899558550495072E-18, 0.1250000000000000000 ) ) ;
#418 = LINE ( 'NONE', #1399, #575 ) ;
#419 = VERTEX_POINT ( 'NONE', #1739 ) ;
#420 = ORIENTED_EDGE ( 'NONE', *, *, #177, .F. ) ;
#421 = CARTESIAN_POINT ( 'NONE',  ( 0.000000000000000000, 0.000000000000000000, 0.1059980242569970033 ) ) ;
#422 = EDGE_CURVE ( 'NONE', #1019, #93, #59, .T. ) ;
#423 = LINE ( 'NONE', #286, #978 ) ;
#424 = ADVANCED_FACE ( 'NONE', ( #110 ), #1332, .T. ) ;
#425 = LINE ( 'NONE', #14, #258 ) ;
#426 = CARTESIAN_POINT ( 'NONE',  ( -0.01899999999999999953, 0.06800000000000000488, 0.000000000000000000 ) ) ;
#427 = ORIENTED_EDGE ( 'NONE', *, *, #616, .T. ) ;
#428 = VERTEX_POINT ( 'NONE', #1036 ) ;
#429 = DIRECTION ( 'NONE',  ( 0.000000000000000000, 0.000000000000000000, -1.000000000000000000 ) ) ;
#430 = CIRCLE ( 'NONE', #1124, 0.01800000000000000211 ) ;
#431 = AXIS2_PLACEMENT_3D ( 'NONE', #552, #562, #702 ) ;
#432 = CIRCLE ( 'NONE', #1441, 0.007000000000000006217 ) ;
#433 = FACE_OUTER_BOUND ( 'NONE', #1243, .T. ) ;
#434 = AXIS2_PLACEMENT_3D ( 'NONE', #421, #451, #970 ) ;
#435 = VECTOR ( 'NONE', #1136, 1.000000000000000000 ) ;
#436 = EDGE_CURVE ( 'NONE', #1316, #129, #1594, .T. ) ;
#437 = AXIS2_PLACEMENT_3D ( 'NONE', #1025, #885, #1306 ) ;
#438 = DIRECTION ( 'NONE',  ( 0.000000000000000000, 0.000000000000000000, -1.000000000000000000 ) ) ;
#439 = ORIENTED_EDGE ( 'NONE', *, *, #1286, .F. ) ;
#440 = ORIENTED_EDGE ( 'NONE', *, *, #1462, .T. ) ;
#441 = CARTESIAN_POINT ( 'NONE',  ( -0.02651650429449519883, 0.1049999999999999961, 0.05448349570550409943 ) ) ;
#442 = CARTESIAN_POINT ( 'NONE',  ( 0.01799999999999999864, 0.000000000000000000, 0.08799999999999999489 ) ) ;
#443 = CARTESIAN_POINT ( 'NONE',  ( 0.000000000000000000, 0.000000000000000000, -0.002000000000000000042 ) ) ;
#444 = DIRECTION ( 'NONE',  ( 0.000000000000000000, 0.000000000000000000, -1.000000000000000000 ) ) ;
#445 = FACE_BOUND ( 'NONE', #1567, .T. ) ;
#446 = EDGE_CURVE ( 'NONE', #66, #1087, #113, .T. ) ;
#447 = EDGE_CURVE ( 'NONE', #505, #1457, #1593, .T. ) ;
#448 = ORIENTED_EDGE ( 'NONE', *, *, #655, .F. ) ;
#449 = CARTESIAN_POINT ( 'NONE',  ( -0.01899999999999999953, 0.06800000000000000488, 0.08050000000000000211 ) ) ;
#450 = VERTEX_POINT ( 'NONE', #1049 ) ;
#451 = DIRECTION ( 'NONE',  ( 0.000000000000000000, 0.000000000000000000, 1.000000000000000000 ) ) ;
#452 = CARTESIAN_POINT ( 'NONE',  ( 0.02651650429449279797, -0.02651650429449664906, 0.000000000000000000 ) ) ;
#453 = DIRECTION ( 'NONE',  ( 0.000000000000000000, 0.000000000000000000, -1.000000000000000000 ) ) ;
#454 = DIRECTION ( 'NONE',  ( 0.7071067811865460184, 8.659560562354919300E-17, -0.7071067811865490160 ) ) ;
#455 = CARTESIAN_POINT ( 'NONE',  ( 0.01799999999999999864, 2.204364238465235129E-18, 0.02000000000000000042 ) ) ;
#456 = ORIENTED_EDGE ( 'NONE', *, *, #109, .T. ) ;
#457 = CARTESIAN_POINT ( 'NONE',  ( -0.01899999999999999953, -2.650657471292559897E-17, 0.09550000000000000155 ) ) ;
#458 = ORIENTED_EDGE ( 'NONE', *, *, #1262, .F. ) ;
#459 = CARTESIAN_POINT ( 'NONE',  ( -0.02900000000000000147, 3.551475717527324141E-18, 0.000000000000000000 ) ) ;
#460 = EDGE_CURVE ( 'NONE', #129, #739, #236, .T. ) ;
#461 = DIRECTION ( 'NONE',  ( 0.000000000000000000, 0.000000000000000000, 1.000000000000000000 ) ) ;
#462 = DIRECTION ( 'NONE',  ( 0.000000000000000000, 1.000000000000000000, 0.000000000000000000 ) ) ;
#463 = CARTESIAN_POINT ( 'NONE',  ( 0.000000000000000000, 0.000000000000000000, 0.01499999999999999944 ) ) ;
#464 = AXIS2_PLACEMENT_3D ( 'NONE', #676, #381, #1330 ) ;
#465 = DIRECTION ( 'NONE',  ( 0.000000000000000000, 0.000000000000000000, 1.000000000000000000 ) ) ;
#466 = AXIS2_PLACEMENT_3D ( 'NONE', #743, #1176, #1725 ) ;
#467 = VERTEX_POINT ( 'NONE', #1603 ) ;
#468 = VECTOR ( 'NONE', #267, 1.000000000000000000 ) ;
#469 = DIRECTION ( 'NONE',  ( 1.000000000000000000, 0.000000000000000000, 0.000000000000000000 ) ) ;
#470 = ORIENTED_EDGE ( 'NONE', *, *, #1524, .F. ) ;
#471 = CARTESIAN_POINT ( 'NONE',  ( -0.01799999999999999864, 0.000000000000000000, 0.08799999999999999489 ) ) ;
#472 = EDGE_CURVE ( 'NONE', #659, #1135, #781, .T. ) ;
#473 = LINE ( 'NONE', #343, #951 ) ;
#474 = CARTESIAN_POINT ( 'NONE',  ( -0.02651650429449824847, -0.02651650429449439739, 0.000000000000000000 ) ) ;
#475 =( NAMED_UNIT ( * ) SI_UNIT ( $, .STERADIAN. ) SOLID_ANGLE_UNIT ( ) );
#476 = VERTEX_POINT ( 'NONE', #257 ) ;
#477 = DIRECTION ( 'NONE',  ( 1.000000000000000000, 0.000000000000000000, 0.000000000000000000 ) ) ;
#478 = EDGE_LOOP ( 'NONE', ( #50, #9, #796, #427 ) ) ;
#479 = CARTESIAN_POINT ( 'NONE',  ( -0.02651650429449519883, 0.1049999999999999961, 0.06148349570550420279 ) ) ;
#480 = ORIENTED_EDGE ( 'NONE', *, *, #933, .T. ) ;
#481 = DIRECTION ( 'NONE',  ( 0.000000000000000000, -2.775557561562890365E-16, 1.000000000000000000 ) ) ;
#482 = CARTESIAN_POINT ( 'NONE',  ( -0.01499999999999999944, -0.009949874371066199513, 0.1059980242569970033 ) ) ;
#483 = EDGE_CURVE ( 'NONE', #1767, #476, #1217, .T. ) ;
#484 =( NAMED_UNIT ( * ) PLANE_ANGLE_UNIT ( ) SI_UNIT ( $, .RADIAN. ) );
#485 = EDGE_LOOP ( 'NONE', ( #242, #1280, #1363, #909 ) ) ;
#486 = CARTESIAN_POINT ( 'NONE',  ( 0.000000000000000000, 0.000000000000000000, -0.002000000000000000042 ) ) ;
#487 = ORIENTED_EDGE ( 'NONE', *, *, #1168, .F. ) ;
#488 = PLANE ( 'NONE',  #375 ) ;
#489 = ORIENTED_EDGE ( 'NONE', *, *, #708, .T. ) ;
#490 = DIRECTION ( 'NONE',  ( 0.000000000000000000, 0.000000000000000000, -1.000000000000000000 ) ) ;
#491 = UNCERTAINTY_MEASURE_WITH_UNIT (LENGTH_MEASURE( 1.000000000000000082E-05 ), #99, 'distance_accuracy_value', 'NONE');
#492 = VERTEX_POINT ( 'NONE', #1103 ) ;
#493 = EDGE_CURVE ( 'NONE', #525, #1184, #542, .T. ) ;
#494 = VECTOR ( 'NONE', #223, 1.000000000000000000 ) ;
#495 = CLOSED_SHELL ( 'NONE', ( #293, #247, #1485, #1203, #254, #1574, #1233, #849, #41, #1329, #1494, #1600, #1273, #1672, #774, #811, #1709, #1750, #390, #930, #237, #1382, #634, #1655, #1169, #1772, #765, #1334, #798, #276, #44, #1054, #859, #152, #756, #1275, #1617, #1253, #1720, #1435, #349, #1438, #840, #1210, #1372, #1154, #12, #1223, #1454, #1242, #424, #369, #1608, #1143, #1193, #884, #1031, #1077, #1365 ) ) ;
#496 = PLANE ( 'NONE',  #1733 ) ;
#497 = VERTEX_POINT ( 'NONE', #1656 ) ;
#498 = VECTOR ( 'NONE', #587, 1.000000000000000000 ) ;
#499 = AXIS2_PLACEMENT_3D ( 'NONE', #1052, #1323, #1458 ) ;
#500 = DIRECTION ( 'NONE',  ( 0.000000000000000000, 0.000000000000000000, -1.000000000000000000 ) ) ;
#501 = DIRECTION ( 'NONE',  ( 0.000000000000000000, 0.000000000000000000, 1.000000000000000000 ) ) ;
#502 = CARTESIAN_POINT ( 'NONE',  ( 0.000000000000000000, 0.1069999999999999979, 0.08799999999999999489 ) ) ;
#503 = LINE ( 'NONE', #1429, #1529 ) ;
#504 = EDGE_CURVE ( 'NONE', #66, #467, #535, .T. ) ;
#505 = VERTEX_POINT ( 'NONE', #415 ) ;
#506 = EDGE_CURVE ( 'NONE', #1227, #1467, #963, .T. ) ;
#507 = EDGE_LOOP ( 'NONE', ( #1349, #1430 ) ) ;
#508 = DIRECTION ( 'NONE',  ( -1.000000000000000000, 0.000000000000000000, 0.000000000000000000 ) ) ;
#509 = FACE_BOUND ( 'NONE', #1108, .T. ) ;
#510 = CARTESIAN_POINT ( 'NONE',  ( -0.03351650429449620078, 0.02651650429449664906, 0.000000000000000000 ) ) ;
#511 = DIRECTION ( 'NONE',  ( 0.000000000000000000, 0.000000000000000000, -1.000000000000000000 ) ) ;
#512 = ORIENTED_EDGE ( 'NONE', *, *, #58, .T. ) ;
#513 = ORIENTED_EDGE ( 'NONE', *, *, #1586, .T. ) ;
#514 = EDGE_CURVE ( 'NONE', #476, #373, #867, .T. ) ;
#515 = DIRECTION ( 'NONE',  ( 0.000000000000000000, 0.000000000000000000, -1.000000000000000000 ) ) ;
#516 = LINE ( 'NONE', #1231, #1096 ) ;
#517 = ORIENTED_EDGE ( 'NONE', *, *, #143, .T. ) ;
#518 = DIRECTION ( 'NONE',  ( 0.000000000000000000, 0.000000000000000000, -1.000000000000000000 ) ) ;
#519 = VECTOR ( 'NONE', #331, 1.000000000000000000 ) ;
#520 = VERTEX_POINT ( 'NONE', #1513 ) ;
#521 =( GEOMETRIC_REPRESENTATION_CONTEXT ( 3 ) GLOBAL_UNCERTAINTY_ASSIGNED_CONTEXT ( ( #1179 ) ) GLOBAL_UNIT_ASSIGNED_CONTEXT ( ( #1160, #484, #475 ) ) REPRESENTATION_CONTEXT ( 'NONE', 'WORKASPACE' ) );
#522 = CIRCLE ( 'NONE', #167, 0.02900000000000000147 ) ;
#523 = CIRCLE ( 'NONE', #85, 0.02299999999999999267 ) ;
#524 = VECTOR ( 'NONE', #956, 1.000000000000000000 ) ;
#525 = VERTEX_POINT ( 'NONE', #813 ) ;
#526 = VECTOR ( 'NONE', #53, 1.000000000000000000 ) ;
#527 = DIRECTION ( 'NONE',  ( 0.000000000000000000, 1.000000000000000000, 0.000000000000000000 ) ) ;
#528 = EDGE_CURVE ( 'NONE', #557, #842, #56, .T. ) ;
#529 = DIRECTION ( 'NONE',  ( 0.000000000000000000, -1.000000000000000000, 0.000000000000000000 ) ) ;
#530 = ORIENTED_EDGE ( 'NONE', *, *, #1474, .T. ) ;
#531 = DIRECTION ( 'NONE',  ( 1.000000000000000000, 0.000000000000000000, 0.000000000000000000 ) ) ;
#532 = ORIENTED_EDGE ( 'NONE', *, *, #1320, .T. ) ;
#533 = CARTESIAN_POINT ( 'NONE',  ( -0.01899999999999999953, -2.650657471292559897E-17, 0.09550000000000000155 ) ) ;
#534 = VERTEX_POINT ( 'NONE', #1364 ) ;
#535 = LINE ( 'NONE', #593, #468 ) ;
#536 = CARTESIAN_POINT ( 'NONE',  ( 0.02651650429449559782, 0.08999999999999999667, 0.06148349570550450116 ) ) ;
#537 = ORIENTED_EDGE ( 'NONE', *, *, #1426, .F. ) ;
#538 = EDGE_CURVE ( 'NONE', #1035, #1053, #1371, .T. ) ;
#539 = DIRECTION ( 'NONE',  ( 0.000000000000000000, 0.000000000000000000, -1.000000000000000000 ) ) ;
#540 = ORIENTED_EDGE ( 'NONE', *, *, #1505, .T. ) ;
#541 = VERTEX_POINT ( 'NONE', #1410 ) ;
#542 = LINE ( 'NONE', #449, #1015 ) ;
#543 = DIRECTION ( 'NONE',  ( -1.000000000000000000, 0.000000000000000000, 0.000000000000000000 ) ) ;
#544 = ORIENTED_EDGE ( 'NONE', *, *, #100, .F. ) ;
#545 = DIRECTION ( 'NONE',  ( 0.000000000000000000, 0.000000000000000000, 1.000000000000000000 ) ) ;
#546 = EDGE_CURVE ( 'NONE', #1702, #815, #1556, .T. ) ;
#547 = ORIENTED_EDGE ( 'NONE', *, *, #559, .T. ) ;
#548 = ORIENTED_EDGE ( 'NONE', *, *, #1117, .T. ) ;
#549 = STYLED_ITEM ( 'NONE', ( #1448 ), #1118 ) ;
#550 = LINE ( 'NONE', #120, #1041 ) ;
#551 = AXIS2_PLACEMENT_3D ( 'NONE', #1027, #1431, #184 ) ;
#552 = CARTESIAN_POINT ( 'NONE',  ( -0.02651650429449519883, 0.08999999999999999667, 0.06148349570550420279 ) ) ;
#553 = CARTESIAN_POINT ( 'NONE',  ( 0.000000000000000000, 0.000000000000000000, 0.1250000000000000000 ) ) ;
#554 = CARTESIAN_POINT ( 'NONE',  ( 0.000000000000000000, 0.000000000000000000, 0.01499999999999999944 ) ) ;
#555 = EDGE_LOOP ( 'NONE', ( #1778, #548, #1123, #224 ) ) ;
#556 = EDGE_CURVE ( 'NONE', #786, #153, #954, .T. ) ;
#557 = VERTEX_POINT ( 'NONE', #1379 ) ;
#558 = DIRECTION ( 'NONE',  ( 0.000000000000000000, 0.000000000000000000, -1.000000000000000000 ) ) ;
#559 = EDGE_CURVE ( 'NONE', #270, #428, #1414, .T. ) ;
#560 = CARTESIAN_POINT ( 'NONE',  ( 0.000000000000000000, 0.1069999999999999979, 0.08799999999999999489 ) ) ;
#561 =( BOUNDED_CURVE ( )  B_SPLINE_CURVE ( 3, ( #471, #1020, #341, #887 ),
 .UNSPECIFIED., .F., .F. ) 
 B_SPLINE_CURVE_WITH_KNOTS ( ( 4, 4 ),
 ( 1.570796326794895004, 3.141592653589795336 ),
 .UNSPECIFIED. ) 
 CURVE ( )  GEOMETRIC_REPRESENTATION_ITEM ( )  RATIONAL_B_SPLINE_CURVE ( ( 1.000000000000000000, 0.8047378541243649375, 0.8047378541243649375, 1.000000000000000000 ) ) 
 REPRESENTATION_ITEM ( '' )  );
#562 = DIRECTION ( 'NONE',  ( 0.000000000000000000, 1.000000000000000000, 0.000000000000000000 ) ) ;
#563 = CARTESIAN_POINT ( 'NONE',  ( 0.000000000000000000, 0.08999999999999999667, 0.07000000000000000666 ) ) ;
#564 = FACE_OUTER_BOUND ( 'NONE', #1784, .T. ) ;
#565 = ORIENTED_EDGE ( 'NONE', *, *, #130, .T. ) ;
#566 = ORIENTED_EDGE ( 'NONE', *, *, #787, .T. ) ;
#567 = LINE ( 'NONE', #36, #895 ) ;
#568 = EDGE_CURVE ( 'NONE', #520, #620, #550, .T. ) ;
#569 = LINE ( 'NONE', #277, #1703 ) ;
#570 = DIRECTION ( 'NONE',  ( 0.000000000000000000, -1.000000000000000000, 0.000000000000000000 ) ) ;
#571 = CARTESIAN_POINT ( 'NONE',  ( 0.02651650429449540006, 0.08500000000000000611, 0.1145165042944955996 ) ) ;
#572 = EDGE_LOOP ( 'NONE', ( #1741, #1221, #540, #364 ) ) ;
#573 = EDGE_LOOP ( 'NONE', ( #932, #632 ) ) ;
#574 = FACE_BOUND ( 'NONE', #1161, .T. ) ;
#575 = VECTOR ( 'NONE', #280, 1.000000000000000000 ) ;
#576 = VECTOR ( 'NONE', #329, 1.000000000000000000 ) ;
#577 = AXIS2_PLACEMENT_3D ( 'NONE', #1621, #382, #939 ) ;
#578 = CARTESIAN_POINT ( 'NONE',  ( -0.01899999999999999953, 0.01799999999999999864, 0.000000000000000000 ) ) ;
#579 = EDGE_CURVE ( 'NONE', #927, #505, #182, .T. ) ;
#580 = AXIS2_PLACEMENT_3D ( 'NONE', #219, #908, #771 ) ;
#581 = AXIS2_PLACEMENT_3D ( 'NONE', #904, #215, #232 ) ;
#582 = DIRECTION ( 'NONE',  ( 0.000000000000000000, 1.000000000000000000, 0.000000000000000000 ) ) ;
#583 = AXIS2_PLACEMENT_3D ( 'NONE', #660, #1200, #1749 ) ;
#584 = CARTESIAN_POINT ( 'NONE',  ( 0.02651650429449279797, -0.02651650429449664906, 0.000000000000000000 ) ) ;
#585 = EDGE_LOOP ( 'NONE', ( #306, #1073, #677, #1254 ) ) ;
#586 = ORIENTED_EDGE ( 'NONE', *, *, #179, .T. ) ;
#587 = DIRECTION ( 'NONE',  ( 0.000000000000000000, 0.000000000000000000, -1.000000000000000000 ) ) ;
#588 = CARTESIAN_POINT ( 'NONE',  ( 0.000000000000000000, -0.01799999999999999864, 0.07599802425699700437 ) ) ;
#589 = CARTESIAN_POINT ( 'NONE',  ( 0.000000000000000000, 0.08999999999999999667, 0.08799999999999999489 ) ) ;
#590 = LINE ( 'NONE', #1673, #25 ) ;
#591 = DIRECTION ( 'NONE',  ( 0.000000000000000000, 0.000000000000000000, 1.000000000000000000 ) ) ;
#592 = EDGE_CURVE ( 'NONE', #400, #987, #691, .T. ) ;
#593 = CARTESIAN_POINT ( 'NONE',  ( -0.01951650429449579977, -0.02651650429449439739, 0.02000000000000000042 ) ) ;
#594 = VERTEX_POINT ( 'NONE', #996 ) ;
#595 = DIRECTION ( 'NONE',  ( 0.000000000000000000, -1.000000000000000000, 0.000000000000000000 ) ) ;
#596 = CYLINDRICAL_SURFACE ( 'NONE', #1473, 0.02899999999999999800 ) ;
#597 = DIRECTION ( 'NONE',  ( 0.000000000000000000, 0.000000000000000000, -1.000000000000000000 ) ) ;
#598 = CARTESIAN_POINT ( 'NONE',  ( 0.000000000000000000, 0.08999999999999999667, 0.1110000000000000014 ) ) ;
#599 = DIRECTION ( 'NONE',  ( 1.000000000000000000, 0.000000000000000000, 0.000000000000000000 ) ) ;
#600 = VERTEX_POINT ( 'NONE', #1694 ) ;
#601 = CARTESIAN_POINT ( 'NONE',  ( 0.000000000000000000, 0.1069999999999999979, 0.08799999999999999489 ) ) ;
#602 = EDGE_CURVE ( 'NONE', #450, #1165, #260, .T. ) ;
#603 = ORIENTED_EDGE ( 'NONE', *, *, #504, .T. ) ;
#604 = CARTESIAN_POINT ( 'NONE',  ( 0.02651650429449540006, 0.08999999999999999667, 0.1145165042944955996 ) ) ;
#605 = FACE_OUTER_BOUND ( 'NONE', #1651, .T. ) ;
#606 = CARTESIAN_POINT ( 'NONE',  ( 0.000000000000000000, 0.08999999999999999667, 0.08799999999999999489 ) ) ;
#607 = CIRCLE ( 'NONE', #431, 0.006999999999999999278 ) ;
#608 = DIRECTION ( 'NONE',  ( 0.000000000000000000, 0.000000000000000000, -1.000000000000000000 ) ) ;
#609 = CIRCLE ( 'NONE', #692, 0.007000000000001220524 ) ;
#610 = AXIS2_PLACEMENT_3D ( 'NONE', #1312, #481, #1272 ) ;
#611 = ORIENTED_EDGE ( 'NONE', *, *, #971, .T. ) ;
#612 = VECTOR ( 'NONE', #1345, 1.000000000000000000 ) ;
#613 = CARTESIAN_POINT ( 'NONE',  ( -0.01899999999999999953, 0.06800000000000000488, 0.000000000000000000 ) ) ;
#614 = ORIENTED_EDGE ( 'NONE', *, *, #222, .F. ) ;
#615 = DIRECTION ( 'NONE',  ( 0.000000000000000000, 0.000000000000000000, 1.000000000000000000 ) ) ;
#616 = EDGE_CURVE ( 'NONE', #810, #1408, #1082, .T. ) ;
#617 = LINE ( 'NONE', #302, #836 ) ;
#618 = FACE_BOUND ( 'NONE', #133, .T. ) ;
#619 = DIRECTION ( 'NONE',  ( -1.000000000000000000, 0.000000000000000000, 0.000000000000000000 ) ) ;
#620 = VERTEX_POINT ( 'NONE', #1229 ) ;
#621 = CARTESIAN_POINT ( 'NONE',  ( 0.02651650429449559782, 0.08999999999999999667, 0.06848349570550449350 ) ) ;
#622 = EDGE_LOOP ( 'NONE', ( #847, #662 ) ) ;
#623 = PLANE ( 'NONE',  #1592 ) ;
#624 = ORIENTED_EDGE ( 'NONE', *, *, #483, .T. ) ;
#625 = LINE ( 'NONE', #1021, #1189 ) ;
#626 = EDGE_CURVE ( 'NONE', #1347, #1640, #1779, .T. ) ;
#627 = DIRECTION ( 'NONE',  ( 0.000000000000000000, 1.000000000000000000, 0.000000000000000000 ) ) ;
#628 = ORIENTED_EDGE ( 'NONE', *, *, #1110, .F. ) ;
#629 = DIRECTION ( 'NONE',  ( 0.000000000000000000, 0.000000000000000000, 1.000000000000000000 ) ) ;
#630 = ORIENTED_EDGE ( 'NONE', *, *, #299, .T. ) ;
#631 = DIRECTION ( 'NONE',  ( 0.000000000000000000, 0.000000000000000000, -1.000000000000000000 ) ) ;
#632 = ORIENTED_EDGE ( 'NONE', *, *, #177, .T. ) ;
#633 = CARTESIAN_POINT ( 'NONE',  ( 2.204364238465235129E-18, 0.08999999999999999667, 0.1059999999999999970 ) ) ;
#634 = ADVANCED_FACE ( 'NONE', ( #638 ), #1033, .F. ) ;
#635 = CARTESIAN_POINT ( 'NONE',  ( -0.02651650429449575047, 0.08500000000000000611, 0.1145165042944951972 ) ) ;
#636 = AXIS2_PLACEMENT_3D ( 'NONE', #613, #211, #74 ) ;
#637 = EDGE_LOOP ( 'NONE', ( #1209, #1547, #913, #1722, #392 ) ) ;
#638 = FACE_OUTER_BOUND ( 'NONE', #1225, .T. ) ;
#639 = ORIENTED_EDGE ( 'NONE', *, *, #1549, .F. ) ;
#640 = CIRCLE ( 'NONE', #1040, 0.02899999999999999800 ) ;
#641 = AXIS2_PLACEMENT_3D ( 'NONE', #681, #1237, #1786 ) ;
#642 = ORIENTED_EDGE ( 'NONE', *, *, #831, .F. ) ;
#643 = DIRECTION ( 'NONE',  ( -1.000000000000000000, 0.000000000000000000, 0.000000000000000000 ) ) ;
#644 = FACE_BOUND ( 'NONE', #780, .T. ) ;
#645 = ORIENTED_EDGE ( 'NONE', *, *, #708, .F. ) ;
#646 = PLANE ( 'NONE',  #1758 ) ;
#647 = EDGE_CURVE ( 'NONE', #93, #600, #503, .T. ) ;
#648 = ORIENTED_EDGE ( 'NONE', *, *, #964, .F. ) ;
#649 = ORIENTED_EDGE ( 'NONE', *, *, #616, .F. ) ;
#650 = FACE_OUTER_BOUND ( 'NONE', #1051, .T. ) ;
#651 = FACE_OUTER_BOUND ( 'NONE', #1095, .T. ) ;
#652 = ORIENTED_EDGE ( 'NONE', *, *, #1505, .F. ) ;
#653 = DIRECTION ( 'NONE',  ( 1.000000000000000000, 0.000000000000000000, 0.000000000000000000 ) ) ;
#654 = ORIENTED_EDGE ( 'NONE', *, *, #899, .T. ) ;
#655 = EDGE_CURVE ( 'NONE', #396, #903, #750, .T. ) ;
#656 = EDGE_LOOP ( 'NONE', ( #226, #35, #1774 ) ) ;
#657 = DIRECTION ( 'NONE',  ( 1.000000000000000000, 0.000000000000000000, 0.000000000000000000 ) ) ;
#658 = DIRECTION ( 'NONE',  ( 0.000000000000000000, 1.000000000000000000, 0.000000000000000000 ) ) ;
#659 = VERTEX_POINT ( 'NONE', #1568 ) ;
#660 = CARTESIAN_POINT ( 'NONE',  ( -0.02651650429449600027, 0.02651650429449664906, 0.02000000000000000042 ) ) ;
#661 = AXIS2_PLACEMENT_3D ( 'NONE', #601, #1578, #1018 ) ;
#662 = ORIENTED_EDGE ( 'NONE', *, *, #20, .T. ) ;
#663 = AXIS2_PLACEMENT_3D ( 'NONE', #760, #608, #1181 ) ;
#664 = AXIS2_PLACEMENT_3D ( 'NONE', #958, #1058, #371 ) ;
#665 = AXIS2_PLACEMENT_3D ( 'NONE', #474, #597, #31 ) ;
#666 = VECTOR ( 'NONE', #731, 1.000000000000000000 ) ;
#667 = CARTESIAN_POINT ( 'NONE',  ( 0.000000000000000000, 0.000000000000000000, 0.1250000000000000000 ) ) ;
#668 = EDGE_CURVE ( 'NONE', #1408, #270, #1764, .T. ) ;
#669 = DIRECTION ( 'NONE',  ( 0.000000000000000000, 0.000000000000000000, 1.000000000000000000 ) ) ;
#670 = EDGE_LOOP ( 'NONE', ( #825, #1115 ) ) ;
#671 = CARTESIAN_POINT ( 'NONE',  ( 0.02651650429449509822, 0.02651650429449439739, 0.01499999999999999944 ) ) ;
#672 = ORIENTED_EDGE ( 'NONE', *, *, #447, .T. ) ;
#673 = ORIENTED_EDGE ( 'NONE', *, *, #289, .F. ) ;
#674 = CARTESIAN_POINT ( 'NONE',  ( 0.02651650429449559782, 0.08500000000000000611, 0.05448349570550450188 ) ) ;
#675 = EDGE_CURVE ( 'NONE', #541, #876, #1501, .T. ) ;
#676 = CARTESIAN_POINT ( 'NONE',  ( 0.02651650429449509822, 0.02651650429449439739, 0.02000000000000000042 ) ) ;
#677 = ORIENTED_EDGE ( 'NONE', *, *, #1728, .T. ) ;
#678 = DIRECTION ( 'NONE',  ( -1.000000000000000000, 0.000000000000000000, 0.000000000000000000 ) ) ;
#679 = ORIENTED_EDGE ( 'NONE', *, *, #1133, .T. ) ;
#680 = VERTEX_POINT ( 'NONE', #769 ) ;
#681 = CARTESIAN_POINT ( 'NONE',  ( 0.000000000000000000, 0.000000000000000000, 0.07599802425699700437 ) ) ;
#682 = CARTESIAN_POINT ( 'NONE',  ( 0.02651650429449540006, 0.1049999999999999961, 0.1075165042944956073 ) ) ;
#683 = PLANE ( 'NONE',  #376 ) ;
#684 = EDGE_CURVE ( 'NONE', #557, #1165, #1714, .T. ) ;
#685 = DIRECTION ( 'NONE',  ( 1.000000000000000000, 0.000000000000000000, 0.000000000000000000 ) ) ;
#686 = VERTEX_POINT ( 'NONE', #621 ) ;
#687 = EDGE_CURVE ( 'NONE', #594, #520, #86, .T. ) ;
#688 = EDGE_LOOP ( 'NONE', ( #763, #1367, #253 ) ) ;
#689 = CIRCLE ( 'NONE', #1735, 0.05249999999999999112 ) ;
#690 = CARTESIAN_POINT ( 'NONE',  ( 0.000000000000000000, 0.06800000000000000488, 0.08799999999999999489 ) ) ;
#691 = LINE ( 'NONE', #457, #287 ) ;
#692 = AXIS2_PLACEMENT_3D ( 'NONE', #71, #735, #312 ) ;
#693 = CIRCLE ( 'NONE', #1706, 0.007000000000000190098 ) ;
#694 = AXIS2_PLACEMENT_3D ( 'NONE', #379, #937, #773 ) ;
#695 = CARTESIAN_POINT ( 'NONE',  ( 0.05249999999999999806, 6.429395695523600116E-18, 0.000000000000000000 ) ) ;
#696 = FACE_OUTER_BOUND ( 'NONE', #622, .T. ) ;
#697 = DIRECTION ( 'NONE',  ( 0.000000000000000000, 1.000000000000000000, 0.000000000000000000 ) ) ;
#698 = ORIENTED_EDGE ( 'NONE', *, *, #1695, .F. ) ;
#699 = EDGE_CURVE ( 'NONE', #419, #1669, #65, .T. ) ;
#700 = ORIENTED_EDGE ( 'NONE', *, *, #592, .T. ) ;
#701 = CARTESIAN_POINT ( 'NONE',  ( -0.01499999999999999944, -0.01799999999999999864, 0.1059980242569970033 ) ) ;
#702 = DIRECTION ( 'NONE',  ( 0.000000000000000000, 0.000000000000000000, 1.000000000000000000 ) ) ;
#703 = CARTESIAN_POINT ( 'NONE',  ( -0.01700000000000000122, 0.000000000000000000, 0.1250000000000000000 ) ) ;
#704 = PLANE ( 'NONE',  #1353 ) ;
#705 = EDGE_LOOP ( 'NONE', ( #1089, #652 ) ) ;
#706 = EDGE_LOOP ( 'NONE', ( #160, #1756, #751, #1069 ) ) ;
#707 = FACE_OUTER_BOUND ( 'NONE', #1395, .T. ) ;
#708 = EDGE_CURVE ( 'NONE', #686, #1457, #877, .T. ) ;
#709 = DIRECTION ( 'NONE',  ( 0.000000000000000000, 0.000000000000000000, -1.000000000000000000 ) ) ;
#710 = FACE_BOUND ( 'NONE', #1715, .T. ) ;
#711 = CARTESIAN_POINT ( 'NONE',  ( -0.01899999999999999953, 0.01799999999999999864, 0.09550000000000000155 ) ) ;
#712 = ORIENTED_EDGE ( 'NONE', *, *, #1202, .T. ) ;
#713 = ORIENTED_EDGE ( 'NONE', *, *, #1562, .T. ) ;
#714 = DIRECTION ( 'NONE',  ( 1.000000000000000000, 0.000000000000000000, 0.000000000000000000 ) ) ;
#715 = CIRCLE ( 'NONE', #950, 0.007000000000000006217 ) ;
#716 = CIRCLE ( 'NONE', #1736, 0.02299999999999999961 ) ;
#717 = CARTESIAN_POINT ( 'NONE',  ( 0.000000000000000000, 0.01799999999999999864, 0.07000000000000000666 ) ) ;
#718 = CYLINDRICAL_SURFACE ( 'NONE', #1126, 0.006999999999999999278 ) ;
#719 = EDGE_CURVE ( 'NONE', #794, #373, #141, .T. ) ;
#720 = VECTOR ( 'NONE', #1654, 1.000000000000000000 ) ;
#721 = DIRECTION ( 'NONE',  ( -1.000000000000000000, 0.000000000000000000, 0.000000000000000000 ) ) ;
#722 = CARTESIAN_POINT ( 'NONE',  ( -0.02651650429449575047, 0.08500000000000000611, 0.1215165042944952034 ) ) ;
#723 = ORIENTED_EDGE ( 'NONE', *, *, #1572, .T. ) ;
#724 = CARTESIAN_POINT ( 'NONE',  ( -0.01899999999999999953, 0.000000000000000000, 0.08050000000000000211 ) ) ;
#725 = ORIENTED_EDGE ( 'NONE', *, *, #668, .T. ) ;
#726 = PLANE ( 'NONE',  #350 ) ;
#727 = CARTESIAN_POINT ( 'NONE',  ( 0.000000000000000000, 0.08999999999999999667, 0.08799999999999999489 ) ) ;
#728 = EDGE_CURVE ( 'NONE', #476, #1767, #314, .T. ) ;
#729 = FACE_OUTER_BOUND ( 'NONE', #64, .T. ) ;
#730 = ORIENTED_EDGE ( 'NONE', *, *, #1627, .F. ) ;
#731 = DIRECTION ( 'NONE',  ( 0.000000000000000000, -1.000000000000000000, 0.000000000000000000 ) ) ;
#732 = VERTEX_POINT ( 'NONE', #1437 ) ;
#733 = DIRECTION ( 'NONE',  ( 0.000000000000000000, 0.000000000000000000, 1.000000000000000000 ) ) ;
#734 = CYLINDRICAL_SURFACE ( 'NONE', #1012, 0.006999999999999999278 ) ;
#735 = DIRECTION ( 'NONE',  ( 0.000000000000000000, 0.000000000000000000, -1.000000000000000000 ) ) ;
#736 = DIRECTION ( 'NONE',  ( 0.000000000000000000, 1.000000000000000000, 0.000000000000000000 ) ) ;
#737 = EDGE_CURVE ( 'NONE', #815, #1006, #1327, .T. ) ;
#738 = EDGE_CURVE ( 'NONE', #659, #1579, #198, .T. ) ;
#739 = VERTEX_POINT ( 'NONE', #1451 ) ;
#740 = CARTESIAN_POINT ( 'NONE',  ( 6.429395695523600116E-18, 0.1049999999999999961, 0.1405000000000000138 ) ) ;
#741 = EDGE_CURVE ( 'NONE', #1053, #1640, #762, .T. ) ;
#742 = ORIENTED_EDGE ( 'NONE', *, *, #1023, .F. ) ;
#743 = CARTESIAN_POINT ( 'NONE',  ( 0.02651650429449279797, -0.02651650429449664906, 0.01499999999999999944 ) ) ;
#744 = DIRECTION ( 'NONE',  ( 0.000000000000000000, -1.000000000000000000, 0.000000000000000000 ) ) ;
#745 = VECTOR ( 'NONE', #1535, 1.000000000000000000 ) ;
#746 = DIRECTION ( 'NONE',  ( 0.000000000000000000, 0.000000000000000000, -1.000000000000000000 ) ) ;
#747 = AXIS2_PLACEMENT_3D ( 'NONE', #1515, #957, #1542 ) ;
#748 = CARTESIAN_POINT ( 'NONE',  ( 0.02651650429449279797, -0.02651650429449664906, 0.02000000000000000042 ) ) ;
#749 = AXIS2_PLACEMENT_3D ( 'NONE', #156, #709, #1657 ) ;
#750 = CIRCLE ( 'NONE', #499, 0.007000000000003250150 ) ;
#751 = ORIENTED_EDGE ( 'NONE', *, *, #1417, .T. ) ;
#752 = AXIS2_PLACEMENT_3D ( 'NONE', #1383, #1122, #1659 ) ;
#753 = CARTESIAN_POINT ( 'NONE',  ( -0.01899999999999999953, 0.01799999999999999864, 0.08050000000000000211 ) ) ;
#754 = VERTEX_POINT ( 'NONE', #190 ) ;
#755 = DIRECTION ( 'NONE',  ( 0.000000000000000000, 1.000000000000000000, 0.000000000000000000 ) ) ;
#756 = ADVANCED_FACE ( 'NONE', ( #1317 ), #1174, .T. ) ;
#757 = ORIENTED_EDGE ( 'NONE', *, *, #1782, .F. ) ;
#758 = CARTESIAN_POINT ( 'NONE',  ( -0.02651650429449519883, 0.08500000000000000611, 0.06148349570550420279 ) ) ;
#759 = LINE ( 'NONE', #862, #808 ) ;
#760 = CARTESIAN_POINT ( 'NONE',  ( 0.02651650429449509822, 0.02651650429449439739, 0.000000000000000000 ) ) ;
#761 = ORIENTED_EDGE ( 'NONE', *, *, #472, .T. ) ;
#762 = LINE ( 'NONE', #753, #526 ) ;
#763 = ORIENTED_EDGE ( 'NONE', *, *, #559, .F. ) ;
#764 = PLANE ( 'NONE',  #1450 ) ;
#765 = ADVANCED_FACE ( 'NONE', ( #1587 ), #898, .F. ) ;
#766 = CARTESIAN_POINT ( 'NONE',  ( 0.02651650429449559782, 0.1049999999999999961, 0.06148349570550450116 ) ) ;
#767 = CYLINDRICAL_SURFACE ( 'NONE', #860, 0.007000000000003250150 ) ;
#768 = EDGE_LOOP ( 'NONE', ( #292, #1487, #1500, #84 ) ) ;
#769 = CARTESIAN_POINT ( 'NONE',  ( -0.02651650429449575047, 0.1049999999999999961, 0.1215165042944952034 ) ) ;
#770 = EDGE_LOOP ( 'NONE', ( #79, #649, #440 ) ) ;
#771 = DIRECTION ( 'NONE',  ( 0.000000000000000000, 0.000000000000000000, 1.000000000000000000 ) ) ;
#772 = ORIENTED_EDGE ( 'NONE', *, *, #684, .T. ) ;
#773 = DIRECTION ( 'NONE',  ( 0.000000000000000000, 0.000000000000000000, 1.000000000000000000 ) ) ;
#774 = ADVANCED_FACE ( 'NONE', ( #1043 ), #496, .T. ) ;
#775 = CARTESIAN_POINT ( 'NONE',  ( 0.000000000000000000, 0.000000000000000000, 0.02000000000000000042 ) ) ;
#776 = EDGE_LOOP ( 'NONE', ( #338, #1107 ) ) ;
#777 = VECTOR ( 'NONE', #1413, 1.000000000000000000 ) ;
#778 = VECTOR ( 'NONE', #1789, 1.000000000000000000 ) ;
#779 = CARTESIAN_POINT ( 'NONE',  ( -0.01799999999999999864, 0.000000000000000000, 0.02000000000000000042 ) ) ;
#780 = EDGE_LOOP ( 'NONE', ( #272, #854 ) ) ;
#781 = CIRCLE ( 'NONE', #1359, 0.006999999999999999278 ) ;
#782 = SHAPE_DEFINITION_REPRESENTATION ( #1314, #279 ) ;
#783 = ORIENTED_EDGE ( 'NONE', *, *, #90, .F. ) ;
#784 = PRODUCT_DEFINITION_FORMATION_WITH_SPECIFIED_SOURCE ( 'HERHANG�', '', #1699, .NOT_KNOWN. ) ;
#785 = FACE_OUTER_BOUND ( 'NONE', #126, .T. ) ;
#786 = VERTEX_POINT ( 'NONE', #1755 ) ;
#787 = EDGE_CURVE ( 'NONE', #1737, #1495, #1595, .T. ) ;
#788 = DIRECTION ( 'NONE',  ( 0.000000000000000000, 0.000000000000000000, 1.000000000000000000 ) ) ;
#789 = EDGE_LOOP ( 'NONE', ( #1028, #955, #1653, #1055, #1623 ) ) ;
#790 = DIRECTION ( 'NONE',  ( 0.000000000000000000, 0.000000000000000000, 1.000000000000000000 ) ) ;
#791 = EDGE_LOOP ( 'NONE', ( #408, #1442 ) ) ;
#792 = CYLINDRICAL_SURFACE ( 'NONE', #1071, 0.01800000000000000211 ) ;
#793 = CARTESIAN_POINT ( 'NONE',  ( -0.02651650429449824847, -0.02651650429449439739, 0.02000000000000000042 ) ) ;
#794 = VERTEX_POINT ( 'NONE', #1080 ) ;
#795 = DIRECTION ( 'NONE',  ( 0.000000000000000000, 0.000000000000000000, -1.000000000000000000 ) ) ;
#796 = ORIENTED_EDGE ( 'NONE', *, *, #360, .T. ) ;
#797 = PLANE ( 'NONE',  #147 ) ;
#798 = ADVANCED_FACE ( 'NONE', ( #105 ), #646, .T. ) ;
#799 = ORIENTED_EDGE ( 'NONE', *, *, #268, .T. ) ;
#800 = CARTESIAN_POINT ( 'NONE',  ( 0.000000000000000000, 0.01799999999999999864, 0.07000000000000000666 ) ) ;
#801 = DIRECTION ( 'NONE',  ( -1.000000000000000000, 0.000000000000000000, 0.000000000000000000 ) ) ;
#802 = ORIENTED_EDGE ( 'NONE', *, *, #327, .T. ) ;
#803 = FACE_OUTER_BOUND ( 'NONE', #915, .T. ) ;
#804 = AXIS2_PLACEMENT_3D ( 'NONE', #246, #795, #678 ) ;
#805 = ORIENTED_EDGE ( 'NONE', *, *, #822, .F. ) ;
#806 = CIRCLE ( 'NONE', #663, 0.007000000000001220524 ) ;
#807 = AXIS2_PLACEMENT_3D ( 'NONE', #1341, #1206, #389 ) ;
#808 = VECTOR ( 'NONE', #61, 1.000000000000000000 ) ;
#809 = VECTOR ( 'NONE', #1211, 1.000000000000000000 ) ;
#810 = VERTEX_POINT ( 'NONE', #1207 ) ;
#811 = ADVANCED_FACE ( 'NONE', ( #409 ), #1631, .T. ) ;
#812 = AXIS2_PLACEMENT_3D ( 'NONE', #1622, #518, #940 ) ;
#813 = CARTESIAN_POINT ( 'NONE',  ( 0.01636306817195355007, 0.06800000000000000488, 0.08050000000000000211 ) ) ;
#814 = CARTESIAN_POINT ( 'NONE',  ( 0.000000000000000000, 0.000000000000000000, 0.1250000000000000000 ) ) ;
#815 = VERTEX_POINT ( 'NONE', #779 ) ;
#816 = FACE_OUTER_BOUND ( 'NONE', #245, .T. ) ;
#817 = ORIENTED_EDGE ( 'NONE', *, *, #988, .T. ) ;
#818 = ORIENTED_EDGE ( 'NONE', *, *, #1417, .F. ) ;
#819 = DIRECTION ( 'NONE',  ( 0.000000000000000000, 1.000000000000000000, 0.000000000000000000 ) ) ;
#820 = EDGE_CURVE ( 'NONE', #600, #1680, #948, .T. ) ;
#821 = FACE_OUTER_BOUND ( 'NONE', #1167, .T. ) ;
#822 = EDGE_CURVE ( 'NONE', #153, #786, #108, .T. ) ;
#823 = ORIENTED_EDGE ( 'NONE', *, *, #414, .T. ) ;
#824 = DIRECTION ( 'NONE',  ( 0.000000000000000000, 1.000000000000000000, 0.000000000000000000 ) ) ;
#825 = ORIENTED_EDGE ( 'NONE', *, *, #997, .F. ) ;
#826 = EDGE_LOOP ( 'NONE', ( #1776, #1781 ) ) ;
#827 = FACE_BOUND ( 'NONE', #1208, .T. ) ;
#828 = CARTESIAN_POINT ( 'NONE',  ( 0.02651650429449509822, 0.02651650429449439739, 0.01499999999999999944 ) ) ;
#829 = DIRECTION ( 'NONE',  ( 1.000000000000000000, 0.000000000000000000, 0.000000000000000000 ) ) ;
#830 = CARTESIAN_POINT ( 'NONE',  ( 2.204364238465235129E-18, 0.01799999999999999864, 0.1059999999999999970 ) ) ;
#831 = EDGE_CURVE ( 'NONE', #270, #492, #934, .T. ) ;
#832 = CARTESIAN_POINT ( 'NONE',  ( -0.01899999999999999953, 0.06800000000000000488, 0.08050000000000000211 ) ) ;
#833 = ORIENTED_EDGE ( 'NONE', *, *, #1562, .F. ) ;
#834 = VECTOR ( 'NONE', #187, 1.000000000000000000 ) ;
#835 = DIRECTION ( 'NONE',  ( 0.000000000000000000, 1.000000000000000000, 0.000000000000000000 ) ) ;
#836 = VECTOR ( 'NONE', #1697, 1.000000000000000000 ) ;
#837 = VECTOR ( 'NONE', #135, 1.000000000000000000 ) ;
#838 = DIRECTION ( 'NONE',  ( 0.000000000000000000, 0.000000000000000000, -1.000000000000000000 ) ) ;
#839 = FACE_OUTER_BOUND ( 'NONE', #998, .T. ) ;
#840 = ADVANCED_FACE ( 'NONE', ( #1486 ), #263, .T. ) ;
#841 = EDGE_CURVE ( 'NONE', #1467, #906, #91, .T. ) ;
#842 = VERTEX_POINT ( 'NONE', #1612 ) ;
#843 = EDGE_LOOP ( 'NONE', ( #566, #866 ) ) ;
#844 = CARTESIAN_POINT ( 'NONE',  ( -0.02651650429449824847, -0.02651650429449439739, 0.02000000000000000042 ) ) ;
#845 = DIRECTION ( 'NONE',  ( 0.000000000000000000, 0.000000000000000000, 1.000000000000000000 ) ) ;
#846 = FACE_BOUND ( 'NONE', #776, .T. ) ;
#847 = ORIENTED_EDGE ( 'NONE', *, *, #1311, .T. ) ;
#848 = CARTESIAN_POINT ( 'NONE',  ( 0.000000000000000000, 0.000000000000000000, 0.000000000000000000 ) ) ;
#849 = ADVANCED_FACE ( 'NONE', ( #816 ), #947, .F. ) ;
#850 = CYLINDRICAL_SURFACE ( 'NONE', #404, 0.007000000000001220524 ) ;
#851 = DIRECTION ( 'NONE',  ( 0.000000000000000000, 0.000000000000000000, -1.000000000000000000 ) ) ;
#852 = DIRECTION ( 'NONE',  ( 0.000000000000000000, 0.000000000000000000, -1.000000000000000000 ) ) ;
#853 = CARTESIAN_POINT ( 'NONE',  ( 0.000000000000000000, 0.1049999999999999961, 0.08799999999999999489 ) ) ;
#854 = ORIENTED_EDGE ( 'NONE', *, *, #310, .F. ) ;
#855 = DIRECTION ( 'NONE',  ( 0.000000000000000000, 0.000000000000000000, 1.000000000000000000 ) ) ;
#856 = ORIENTED_EDGE ( 'NONE', *, *, #162, .F. ) ;
#857 = DIRECTION ( 'NONE',  ( 1.000000000000000000, 0.000000000000000000, 0.000000000000000000 ) ) ;
#858 = VECTOR ( 'NONE', #1086, 1.000000000000000000 ) ;
#859 = ADVANCED_FACE ( 'NONE', ( #372 ), #397, .T. ) ;
#860 = AXIS2_PLACEMENT_3D ( 'NONE', #748, #1190, #619 ) ;
#861 = DIRECTION ( 'NONE',  ( 0.000000000000000000, 0.000000000000000000, -1.000000000000000000 ) ) ;
#862 = CARTESIAN_POINT ( 'NONE',  ( 0.000000000000000000, 0.1049999999999999961, 0.03549999999999999684 ) ) ;
#863 = VECTOR ( 'NONE', #1402, 1.000000000000000000 ) ;
#864 = VECTOR ( 'NONE', #80, 1.000000000000000000 ) ;
#865 = PLANE ( 'NONE',  #1097 ) ;
#866 = ORIENTED_EDGE ( 'NONE', *, *, #69, .T. ) ;
#867 = LINE ( 'NONE', #1144, #1620 ) ;
#868 = ORIENTED_EDGE ( 'NONE', *, *, #162, .T. ) ;
#869 = CARTESIAN_POINT ( 'NONE',  ( -0.01899999999999999953, 0.000000000000000000, 0.08050000000000000211 ) ) ;
#870 = LINE ( 'NONE', #1013, #1412 ) ;
#871 = DIRECTION ( 'NONE',  ( 0.000000000000000000, 1.000000000000000000, 0.000000000000000000 ) ) ;
#872 = EDGE_CURVE ( 'NONE', #428, #1411, #1775, .T. ) ;
#873 = DIRECTION ( 'NONE',  ( 1.000000000000000000, 0.000000000000000000, 0.000000000000000000 ) ) ;
#874 = EDGE_CURVE ( 'NONE', #1087, #66, #401, .T. ) ;
#875 = SURFACE_SIDE_STYLE ('',( #315 ) ) ;
#876 = VERTEX_POINT ( 'NONE', #1638 ) ;
#877 = LINE ( 'NONE', #1183, #1476 ) ;
#878 = ORIENTED_EDGE ( 'NONE', *, *, #121, .F. ) ;
#879 = PLANE ( 'NONE',  #228 ) ;
#880 = FACE_OUTER_BOUND ( 'NONE', #262, .T. ) ;
#881 = LINE ( 'NONE', #1274, #1443 ) ;
#882 = CARTESIAN_POINT ( 'NONE',  ( 0.000000000000000000, 0.000000000000000000, 0.02000000000000000042 ) ) ;
#883 = ORIENTED_EDGE ( 'NONE', *, *, #1743, .F. ) ;
#884 = ADVANCED_FACE ( 'NONE', ( #803 ), #1360, .F. ) ;
#885 = DIRECTION ( 'NONE',  ( 0.000000000000000000, 1.000000000000000000, 0.000000000000000000 ) ) ;
#886 = ORIENTED_EDGE ( 'NONE', *, *, #546, .T. ) ;
#887 = CARTESIAN_POINT ( 'NONE',  ( 2.204364238465235129E-18, 0.01799999999999999864, 0.1059999999999999970 ) ) ;
#888 = ORIENTED_EDGE ( 'NONE', *, *, #1462, .F. ) ;
#889 = DIRECTION ( 'NONE',  ( 1.000000000000000000, 0.000000000000000000, 0.000000000000000000 ) ) ;
#890 = AXIS2_PLACEMENT_3D ( 'NONE', #584, #438, #1544 ) ;
#891 = CARTESIAN_POINT ( 'NONE',  ( 0.01499999999999999944, -0.009949874371066199513, 0.1250000000000000000 ) ) ;
#892 = AXIS2_PLACEMENT_3D ( 'NONE', #1628, #669, #1224 ) ;
#893 = VECTOR ( 'NONE', #582, 1.000000000000000000 ) ;
#894 = CARTESIAN_POINT ( 'NONE',  ( 0.02299999999999999961, 2.816687638038920006E-18, 0.01499999999999999944 ) ) ;
#895 = VECTOR ( 'NONE', #429, 1.000000000000000000 ) ;
#896 = ORIENTED_EDGE ( 'NONE', *, *, #222, .T. ) ;
#897 = CIRCLE ( 'NONE', #890, 0.007000000000003250150 ) ;
#898 = PLANE ( 'NONE',  #636 ) ;
#899 = EDGE_CURVE ( 'NONE', #1316, #1252, #1212, .T. ) ;
#900 = ORIENTED_EDGE ( 'NONE', *, *, #841, .F. ) ;
#901 = FACE_OUTER_BOUND ( 'NONE', #485, .T. ) ;
#902 =( GEOMETRIC_REPRESENTATION_CONTEXT ( 3 ) GLOBAL_UNCERTAINTY_ASSIGNED_CONTEXT ( ( #491 ) ) GLOBAL_UNIT_ASSIGNED_CONTEXT ( ( #99, #1468, #1633 ) ) REPRESENTATION_CONTEXT ( 'NONE', 'WORKASPACE' ) );
#903 = VERTEX_POINT ( 'NONE', #124 ) ;
#904 = CARTESIAN_POINT ( 'NONE',  ( -0.02651650429449824847, -0.02651650429449439739, 0.01499999999999999944 ) ) ;
#905 = DIRECTION ( 'NONE',  ( 0.000000000000000000, 0.000000000000000000, 1.000000000000000000 ) ) ;
#906 = VERTEX_POINT ( 'NONE', #1342 ) ;
#907 = CARTESIAN_POINT ( 'NONE',  ( -0.02651650429449519883, 0.08500000000000000611, 0.06848349570550418819 ) ) ;
#908 = DIRECTION ( 'NONE',  ( 0.000000000000000000, 1.000000000000000000, 0.000000000000000000 ) ) ;
#909 = ORIENTED_EDGE ( 'NONE', *, *, #964, .T. ) ;
#910 = EDGE_CURVE ( 'NONE', #989, #1677, #96, .T. ) ;
#911 = CARTESIAN_POINT ( 'NONE',  ( 2.204364238465235129E-18, 0.01799999999999999864, 0.1059999999999999970 ) ) ;
#912 = DIRECTION ( 'NONE',  ( 0.000000000000000000, 0.000000000000000000, -1.000000000000000000 ) ) ;
#913 = ORIENTED_EDGE ( 'NONE', *, *, #460, .T. ) ;
#914 = DIRECTION ( 'NONE',  ( 0.000000000000000000, 0.000000000000000000, 1.000000000000000000 ) ) ;
#915 = EDGE_LOOP ( 'NONE', ( #1125, #281, #672, #645 ) ) ;
#916 = CARTESIAN_POINT ( 'NONE',  ( -0.02651650429449519883, 0.1049999999999999961, 0.06148349570550420279 ) ) ;
#917 = FACE_BOUND ( 'NONE', #107, .T. ) ;
#918 = EDGE_CURVE ( 'NONE', #298, #384, #430, .T. ) ;
#919 = AXIS2_PLACEMENT_3D ( 'NONE', #443, #845, #984 ) ;
#920 = CARTESIAN_POINT ( 'NONE',  ( 0.02651650429449540006, 0.08999999999999999667, 0.1215165042944956059 ) ) ;
#921 = AXIS2_PLACEMENT_3D ( 'NONE', #606, #176, #1171 ) ;
#922 = AXIS2_PLACEMENT_3D ( 'NONE', #304, #570, #1258 ) ;
#923 = DIRECTION ( 'NONE',  ( 0.000000000000000000, 0.000000000000000000, 1.000000000000000000 ) ) ;
#924 = ORIENTED_EDGE ( 'NONE', *, *, #538, .F. ) ;
#925 = AXIS2_PLACEMENT_3D ( 'NONE', #1606, #1466, #1194 ) ;
#926 = DIRECTION ( 'NONE',  ( 0.000000000000000000, -1.000000000000000000, -2.775557561562890365E-16 ) ) ;
#927 = VERTEX_POINT ( 'NONE', #1265 ) ;
#928 = CYLINDRICAL_SURFACE ( 'NONE', #351, 0.007000000000000193567 ) ;
#929 = AXIS2_PLACEMENT_3D ( 'NONE', #1046, #1601, #790 ) ;
#930 = ADVANCED_FACE ( 'NONE', ( #839 ), #704, .F. ) ;
#931 = CARTESIAN_POINT ( 'NONE',  ( 0.01899999999999999953, 0.06800000000000000488, 0.09550000000000000155 ) ) ;
#932 = ORIENTED_EDGE ( 'NONE', *, *, #952, .T. ) ;
#933 = EDGE_CURVE ( 'NONE', #298, #906, #418, .T. ) ;
#934 = LINE ( 'NONE', #1335, #81 ) ;
#935 = ORIENTED_EDGE ( 'NONE', *, *, #1343, .T. ) ;
#936 = EDGE_LOOP ( 'NONE', ( #1266, #654, #1357, #210, #1625 ) ) ;
#937 = DIRECTION ( 'NONE',  ( 0.000000000000000000, 1.000000000000000000, 0.000000000000000000 ) ) ;
#938 = DIRECTION ( 'NONE',  ( 0.000000000000000000, 0.000000000000000000, -1.000000000000000000 ) ) ;
#939 = DIRECTION ( 'NONE',  ( 1.000000000000000000, 0.000000000000000000, 0.000000000000000000 ) ) ;
#940 = DIRECTION ( 'NONE',  ( -1.000000000000000000, 0.000000000000000000, 0.000000000000000000 ) ) ;
#941 = EDGE_CURVE ( 'NONE', #1310, #1060, #1304, .T. ) ;
#942 = ORIENTED_EDGE ( 'NONE', *, *, #1168, .T. ) ;
#943 = ORIENTED_EDGE ( 'NONE', *, *, #1728, .F. ) ;
#944 = DIRECTION ( 'NONE',  ( 0.000000000000000000, 0.000000000000000000, 1.000000000000000000 ) ) ;
#945 = CARTESIAN_POINT ( 'NONE',  ( 0.02651650429449559782, 0.08500000000000000611, 0.06148349570550450116 ) ) ;
#946 = ORIENTED_EDGE ( 'NONE', *, *, #738, .T. ) ;
#947 = CYLINDRICAL_SURFACE ( 'NONE', #583, 0.007000000000000193567 ) ;
#948 = CIRCLE ( 'NONE', #812, 0.02900000000000000147 ) ;
#949 = ORIENTED_EDGE ( 'NONE', *, *, #626, .F. ) ;
#950 = AXIS2_PLACEMENT_3D ( 'NONE', #1773, #395, #1464 ) ;
#951 = VECTOR ( 'NONE', #1301, 1.000000000000000000 ) ;
#952 = EDGE_CURVE ( 'NONE', #497, #1081, #1362, .T. ) ;
#953 = AXIS2_PLACEMENT_3D ( 'NONE', #690, #309, #1255 ) ;
#954 = CIRCLE ( 'NONE', #1388, 0.007000000000001220524 ) ;
#955 = ORIENTED_EDGE ( 'NONE', *, *, #1295, .T. ) ;
#956 = DIRECTION ( 'NONE',  ( 0.000000000000000000, -1.000000000000000000, 0.000000000000000000 ) ) ;
#957 = DIRECTION ( 'NONE',  ( 0.000000000000000000, 0.000000000000000000, -1.000000000000000000 ) ) ;
#958 = CARTESIAN_POINT ( 'NONE',  ( 0.02651650429449540006, 0.08999999999999999667, 0.1145165042944955996 ) ) ;
#959 = DIRECTION ( 'NONE',  ( 0.000000000000000000, 1.000000000000000000, 0.000000000000000000 ) ) ;
#960 = ORIENTED_EDGE ( 'NONE', *, *, #741, .F. ) ;
#961 = ORIENTED_EDGE ( 'NONE', *, *, #1586, .F. ) ;
#962 = DIRECTION ( 'NONE',  ( 1.000000000000000000, 0.000000000000000000, 0.000000000000000000 ) ) ;
#963 = LINE ( 'NONE', #1506, #1074 ) ;
#964 = EDGE_CURVE ( 'NONE', #1060, #1310, #1523, .T. ) ;
#965 = FACE_OUTER_BOUND ( 'NONE', #688, .T. ) ;
#966 = DIRECTION ( 'NONE',  ( 1.000000000000000000, 0.000000000000000000, 0.000000000000000000 ) ) ;
#967 = CARTESIAN_POINT ( 'NONE',  ( -0.01799999999999999864, 0.000000000000000000, 0.02000000000000000042 ) ) ;
#968 = EDGE_LOOP ( 'NONE', ( #1713, #1754, #1554, #1449 ) ) ;
#969 = ORIENTED_EDGE ( 'NONE', *, *, #1295, .F. ) ;
#970 = DIRECTION ( 'NONE',  ( 1.000000000000000000, 0.000000000000000000, 0.000000000000000000 ) ) ;
#971 = EDGE_CURVE ( 'NONE', #1087, #168, #305, .T. ) ;
#972 = DIRECTION ( 'NONE',  ( 0.000000000000000000, 1.000000000000000000, 0.000000000000000000 ) ) ;
#973 = FACE_BOUND ( 'NONE', #172, .T. ) ;
#974 = DIRECTION ( 'NONE',  ( 1.000000000000000000, 0.000000000000000000, 0.000000000000000000 ) ) ;
#975 = ORIENTED_EDGE ( 'NONE', *, *, #1686, .T. ) ;
#976 = AXIS2_PLACEMENT_3D ( 'NONE', #1072, #117, #225 ) ;
#977 = EDGE_LOOP ( 'NONE', ( #896, #200 ) ) ;
#978 = VECTOR ( 'NONE', #1787, 1.000000000000000000 ) ;
#979 = CIRCLE ( 'NONE', #664, 0.007000000000000006217 ) ;
#980 = CARTESIAN_POINT ( 'NONE',  ( -0.02651650429449600027, 0.02651650429449664906, 0.000000000000000000 ) ) ;
#981 = AXIS2_PLACEMENT_3D ( 'NONE', #727, #871, #1283 ) ;
#982 = AXIS2_PLACEMENT_3D ( 'NONE', #766, #1187, #501 ) ;
#983 = AXIS2_PLACEMENT_3D ( 'NONE', #853, #1240, #1701 ) ;
#984 = DIRECTION ( 'NONE',  ( 1.000000000000000000, 0.000000000000000000, 0.000000000000000000 ) ) ;
#985 = FACE_BOUND ( 'NONE', #248, .T. ) ;
#986 = DIRECTION ( 'NONE',  ( 0.000000000000000000, 0.000000000000000000, -1.000000000000000000 ) ) ;
#987 = VERTEX_POINT ( 'NONE', #711 ) ;
#988 = EDGE_CURVE ( 'NONE', #1737, #680, #291, .T. ) ;
#989 = VERTEX_POINT ( 'NONE', #1251 ) ;
#990 = CARTESIAN_POINT ( 'NONE',  ( 0.02651650429449540006, 0.08500000000000000611, 0.1075165042944956073 ) ) ;
#991 = DIRECTION ( 'NONE',  ( 0.000000000000000000, 1.000000000000000000, 0.000000000000000000 ) ) ;
#992 = DIRECTION ( 'NONE',  ( 0.000000000000000000, 0.000000000000000000, 1.000000000000000000 ) ) ;
#993 = LINE ( 'NONE', #417, #1676 ) ;
#994 = FACE_OUTER_BOUND ( 'NONE', #507, .T. ) ;
#995 = EDGE_LOOP ( 'NONE', ( #398, #1481, #946, #1075 ) ) ;
#996 = CARTESIAN_POINT ( 'NONE',  ( -0.03351650429449620078, 0.02651650429449664906, 0.01499999999999999944 ) ) ;
#997 = EDGE_CURVE ( 'NONE', #240, #1632, #897, .T. ) ;
#998 = EDGE_LOOP ( 'NONE', ( #1662, #456, #393, #513 ) ) ;
#999 = DIRECTION ( 'NONE',  ( 0.000000000000000000, -1.000000000000000000, 0.000000000000000000 ) ) ;
#1000 = DIRECTION ( 'NONE',  ( 0.000000000000000000, 0.000000000000000000, -1.000000000000000000 ) ) ;
#1001 = FACE_OUTER_BOUND ( 'NONE', #410, .T. ) ;
#1002 = DIRECTION ( 'NONE',  ( -1.000000000000000000, 0.000000000000000000, 0.000000000000000000 ) ) ;
#1003 = DIRECTION ( 'NONE',  ( 0.000000000000000000, 1.000000000000000000, 0.000000000000000000 ) ) ;
#1004 = ORIENTED_EDGE ( 'NONE', *, *, #121, .T. ) ;
#1005 = DIRECTION ( 'NONE',  ( 0.000000000000000000, 0.000000000000000000, 1.000000000000000000 ) ) ;
#1006 = VERTEX_POINT ( 'NONE', #455 ) ;
#1007 = LINE ( 'NONE', #1460, #1270 ) ;
#1008 = EDGE_CURVE ( 'NONE', #680, #1770, #1588, .T. ) ;
#1009 = CONICAL_SURFACE ( 'NONE', #1384, 0.01799999999999999864, 0.7853981633974419507 ) ;
#1010 = EDGE_CURVE ( 'NONE', #815, #497, #15, .T. ) ;
#1011 = CIRCLE ( 'NONE', #551, 0.007000000000000193567 ) ;
#1012 = AXIS2_PLACEMENT_3D ( 'NONE', #758, #1710, #334 ) ;
#1013 = CARTESIAN_POINT ( 'NONE',  ( -0.01799999999999999864, 0.000000000000000000, 0.1250000000000000000 ) ) ;
#1014 = CARTESIAN_POINT ( 'NONE',  ( 0.02651650429449540006, 0.08999999999999999667, 0.1075165042944956073 ) ) ;
#1015 = VECTOR ( 'NONE', #1279, 1.000000000000000000 ) ;
#1016 = CARTESIAN_POINT ( 'NONE',  ( -0.01899999999999999953, 0.01799999999999999864, 0.09550000000000000155 ) ) ;
#1017 = ORIENTED_EDGE ( 'NONE', *, *, #109, .F. ) ;
#1018 = DIRECTION ( 'NONE',  ( 0.000000000000000000, 0.000000000000000000, 1.000000000000000000 ) ) ;
#1019 = VERTEX_POINT ( 'NONE', #1518 ) ;
#1020 = CARTESIAN_POINT ( 'NONE',  ( -0.01799999999999998823, 0.01054415587728430199, 0.09854415587728430903 ) ) ;
#1021 = CARTESIAN_POINT ( 'NONE',  ( 0.03351650429449629792, 0.02651650429449439739, 0.02000000000000000042 ) ) ;
#1022 = CARTESIAN_POINT ( 'NONE',  ( 0.000000000000000000, 0.000000000000000000, 0.1250000000000000000 ) ) ;
#1023 = EDGE_CURVE ( 'NONE', #1669, #1640, #1037, .T. ) ;
#1024 = ORIENTED_EDGE ( 'NONE', *, *, #655, .T. ) ;
#1025 = CARTESIAN_POINT ( 'NONE',  ( 0.000000000000000000, 0.1049999999999999961, 0.08799999999999999489 ) ) ;
#1026 = ORIENTED_EDGE ( 'NONE', *, *, #179, .F. ) ;
#1027 = CARTESIAN_POINT ( 'NONE',  ( -0.02651650429449600027, 0.02651650429449664906, 0.000000000000000000 ) ) ;
#1028 = ORIENTED_EDGE ( 'NONE', *, *, #189, .F. ) ;
#1029 = CARTESIAN_POINT ( 'NONE',  ( 0.000000000000000000, 0.000000000000000000, 0.1239999999999999991 ) ) ;
#1030 = LINE ( 'NONE', #1583, #1216 ) ;
#1031 = ADVANCED_FACE ( 'NONE', ( #564 ), #271, .F. ) ;
#1032 = EDGE_LOOP ( 'NONE', ( #1591, #116 ) ) ;
#1033 = PLANE ( 'NONE',  #1271 ) ;
#1034 = DIRECTION ( 'NONE',  ( 0.000000000000000000, 0.000000000000000000, 1.000000000000000000 ) ) ;
#1035 = VERTEX_POINT ( 'NONE', #832 ) ;
#1036 = CARTESIAN_POINT ( 'NONE',  ( -0.01499999999999999944, -0.009949874371066199513, 0.07599802425699700437 ) ) ;
#1037 = CIRCLE ( 'NONE', #1530, 0.01800000000000000211 ) ;
#1038 = AXIS2_PLACEMENT_3D ( 'NONE', #882, #905, #599 ) ;
#1039 = CIRCLE ( 'NONE', #922, 0.01800000000000000211 ) ;
#1040 = AXIS2_PLACEMENT_3D ( 'NONE', #1698, #462, #1425 ) ;
#1041 = VECTOR ( 'NONE', #1248, 1.000000000000000000 ) ;
#1042 = ORIENTED_EDGE ( 'NONE', *, *, #460, .F. ) ;
#1043 = FACE_OUTER_BOUND ( 'NONE', #656, .T. ) ;
#1044 = EDGE_CURVE ( 'NONE', #534, #1677, #256, .T. ) ;
#1045 = ORIENTED_EDGE ( 'NONE', *, *, #380, .F. ) ;
#1046 = CARTESIAN_POINT ( 'NONE',  ( 0.02651650429449540006, 0.1049999999999999961, 0.1145165042944955996 ) ) ;
#1047 = APPLICATION_CONTEXT ( 'automotive_design' ) ;
#1048 = ORIENTED_EDGE ( 'NONE', *, *, #1256, .T. ) ;
#1049 = CARTESIAN_POINT ( 'NONE',  ( 0.000000000000000000, 0.08999999999999999667, 0.03549999999999999684 ) ) ;
#1050 = DIRECTION ( 'NONE',  ( 1.000000000000000000, 0.000000000000000000, 0.000000000000000000 ) ) ;
#1051 = EDGE_LOOP ( 'NONE', ( #1493, #961, #1338, #1696 ) ) ;
#1052 = CARTESIAN_POINT ( 'NONE',  ( 0.02651650429449279797, -0.02651650429449664906, 0.01499999999999999944 ) ) ;
#1053 = VERTEX_POINT ( 'NONE', #1675 ) ;
#1054 = ADVANCED_FACE ( 'NONE', ( #131, #297, #846, #445, #1684, #994 ), #1375, .T. ) ;
#1055 = ORIENTED_EDGE ( 'NONE', *, *, #546, .F. ) ;
#1056 = CARTESIAN_POINT ( 'NONE',  ( 0.01054415587728428985, 0.01800000000000001252, 0.1060000000000000248 ) ) ;
#1057 = CARTESIAN_POINT ( 'NONE',  ( 0.01636306817195355007, 0.08999999999999999667, 0.09550000000000000155 ) ) ;
#1058 = DIRECTION ( 'NONE',  ( 0.000000000000000000, 1.000000000000000000, 0.000000000000000000 ) ) ;
#1059 = CARTESIAN_POINT ( 'NONE',  ( -0.02651650429449824847, -0.02651650429449439739, 0.01499999999999999944 ) ) ;
#1060 = VERTEX_POINT ( 'NONE', #180 ) ;
#1061 = ORIENTED_EDGE ( 'NONE', *, *, #952, .F. ) ;
#1062 = EDGE_CURVE ( 'NONE', #732, #1227, #1150, .T. ) ;
#1063 = LINE ( 'NONE', #77, #809 ) ;
#1064 = EDGE_CURVE ( 'NONE', #1135, #1581, #72, .T. ) ;
#1065 = VECTOR ( 'NONE', #1142, 1.000000000000000000 ) ;
#1066 = CYLINDRICAL_SURFACE ( 'NONE', #1299, 0.007000000000000006217 ) ;
#1067 = AXIS2_PLACEMENT_3D ( 'NONE', #502, #529, #1619 ) ;
#1068 = CIRCLE ( 'NONE', #1526, 0.007000000000003250150 ) ;
#1069 = ORIENTED_EDGE ( 'NONE', *, *, #602, .T. ) ;
#1070 = CIRCLE ( 'NONE', #953, 0.01800000000000000211 ) ;
#1071 = AXIS2_PLACEMENT_3D ( 'NONE', #1615, #1463, #515 ) ;
#1072 = CARTESIAN_POINT ( 'NONE',  ( -0.02651650429449575047, 0.08999999999999999667, 0.1145165042944951972 ) ) ;
#1073 = ORIENTED_EDGE ( 'NONE', *, *, #1064, .T. ) ;
#1074 = VECTOR ( 'NONE', #6, 1.000000000000000000 ) ;
#1075 = ORIENTED_EDGE ( 'NONE', *, *, #1782, .T. ) ;
#1076 = CARTESIAN_POINT ( 'NONE',  ( 0.03351650429449604812, -0.02651650429449664906, 0.01499999999999999944 ) ) ;
#1077 = ADVANCED_FACE ( 'NONE', ( #1427 ), #1315, .F. ) ;
#1078 = PLANE ( 'NONE',  #892 ) ;
#1079 = CARTESIAN_POINT ( 'NONE',  ( 0.01700000000000000122, 2.143131898507864908E-18, 0.1250000000000000000 ) ) ;
#1080 = CARTESIAN_POINT ( 'NONE',  ( 0.000000000000000000, 0.1049999999999999961, 0.05899999999999999689 ) ) ;
#1081 = VERTEX_POINT ( 'NONE', #894 ) ;
#1082 = LINE ( 'NONE', #171, #1300 ) ;
#1083 = DIRECTION ( 'NONE',  ( 0.000000000000000000, 1.000000000000000000, 0.000000000000000000 ) ) ;
#1084 = ORIENTED_EDGE ( 'NONE', *, *, #1117, .F. ) ;
#1085 = EDGE_CURVE ( 'NONE', #1278, #1461, #115, .T. ) ;
#1086 = DIRECTION ( 'NONE',  ( 0.000000000000000000, 0.000000000000000000, 1.000000000000000000 ) ) ;
#1087 = VERTEX_POINT ( 'NONE', #40 ) ;
#1088 = DIRECTION ( 'NONE',  ( 0.000000000000000000, -2.775557561562890365E-16, 1.000000000000000000 ) ) ;
#1089 = ORIENTED_EDGE ( 'NONE', *, *, #719, .F. ) ;
#1090 = CARTESIAN_POINT ( 'NONE',  ( -0.01636306817195355007, 0.08999999999999999667, 0.08050000000000000211 ) ) ;
#1091 = DIRECTION ( 'NONE',  ( 0.000000000000000000, 0.000000000000000000, -1.000000000000000000 ) ) ;
#1092 = ORIENTED_EDGE ( 'NONE', *, *, #1537, .T. ) ;
#1093 = DIRECTION ( 'NONE',  ( -1.000000000000000000, 0.000000000000000000, 0.000000000000000000 ) ) ;
#1094 = AXIS2_PLACEMENT_3D ( 'NONE', #1059, #923, #531 ) ;
#1095 = EDGE_LOOP ( 'NONE', ( #630, #1092, #1042, #883, #1361 ) ) ;
#1096 = VECTOR ( 'NONE', #1050, 1.000000000000000000 ) ;
#1097 = AXIS2_PLACEMENT_3D ( 'NONE', #553, #1418, #1105 ) ;
#1098 = EDGE_CURVE ( 'NONE', #1006, #815, #1471, .T. ) ;
#1099 = CIRCLE ( 'NONE', #1331, 0.01800000000000000211 ) ;
#1100 = AXIS2_PLACEMENT_3D ( 'NONE', #87, #362, #508 ) ;
#1101 = ORIENTED_EDGE ( 'NONE', *, *, #1351, .F. ) ;
#1102 = LINE ( 'NONE', #1670, #863 ) ;
#1103 = CARTESIAN_POINT ( 'NONE',  ( -0.01499999999999999944, -0.01799999999999999864, 0.07599802425699700437 ) ) ;
#1104 = FACE_OUTER_BOUND ( 'NONE', #1296, .T. ) ;
#1105 = DIRECTION ( 'NONE',  ( 1.000000000000000000, 0.000000000000000000, 0.000000000000000000 ) ) ;
#1106 = DIRECTION ( 'NONE',  ( 0.000000000000000000, -1.000000000000000000, 0.000000000000000000 ) ) ;
#1107 = ORIENTED_EDGE ( 'NONE', *, *, #1085, .F. ) ;
#1108 = EDGE_LOOP ( 'NONE', ( #805, #1436 ) ) ;
#1109 = FACE_BOUND ( 'NONE', #1376, .T. ) ;
#1110 = EDGE_CURVE ( 'NONE', #183, #332, #806, .T. ) ;
#1111 = CARTESIAN_POINT ( 'NONE',  ( -0.01636306817195355007, 0.06800000000000000488, 0.08050000000000000211 ) ) ;
#1112 = FACE_OUTER_BOUND ( 'NONE', #188, .T. ) ;
#1113 = CARTESIAN_POINT ( 'NONE',  ( 0.01499999999999999944, -0.01799999999999999864, 0.1059980242569970033 ) ) ;
#1114 = ORIENTED_EDGE ( 'NONE', *, *, #1351, .T. ) ;
#1115 = ORIENTED_EDGE ( 'NONE', *, *, #327, .F. ) ;
#1116 = CARTESIAN_POINT ( 'NONE',  ( 0.01899999999999999953, 0.06800000000000000488, 0.000000000000000000 ) ) ;
#1117 = EDGE_CURVE ( 'NONE', #1495, #1770, #195, .T. ) ;
#1118 = MANIFOLD_SOLID_BREP ( 'NONE', #495 ) ;
#1119 = DIRECTION ( 'NONE',  ( 0.000000000000000000, 0.000000000000000000, -1.000000000000000000 ) ) ;
#1120 = EDGE_CURVE ( 'NONE', #1184, #906, #1419, .T. ) ;
#1121 = CARTESIAN_POINT ( 'NONE',  ( -0.02651650429449575047, 0.08999999999999999667, 0.1145165042944951972 ) ) ;
#1122 = DIRECTION ( 'NONE',  ( 0.000000000000000000, 0.000000000000000000, 1.000000000000000000 ) ) ;
#1123 = ORIENTED_EDGE ( 'NONE', *, *, #367, .T. ) ;
#1124 = AXIS2_PLACEMENT_3D ( 'NONE', #1407, #1106, #1525 ) ;
#1125 = ORIENTED_EDGE ( 'NONE', *, *, #1180, .F. ) ;
#1126 = AXIS2_PLACEMENT_3D ( 'NONE', #13, #972, #1397 ) ;
#1127 = FACE_OUTER_BOUND ( 'NONE', #1769, .T. ) ;
#1128 = AXIS2_PLACEMENT_3D ( 'NONE', #301, #11, #857 ) ;
#1129 = CIRCLE ( 'NONE', #1191, 0.01799999999999999864 ) ;
#1130 = AXIS2_PLACEMENT_3D ( 'NONE', #635, #1003, #1434 ) ;
#1131 = DIRECTION ( 'NONE',  ( 0.000000000000000000, -1.000000000000000000, 0.000000000000000000 ) ) ;
#1132 = CARTESIAN_POINT ( 'NONE',  ( 0.000000000000000000, 0.000000000000000000, 0.1250000000000000000 ) ) ;
#1133 = EDGE_CURVE ( 'NONE', #1457, #505, #1590, .T. ) ;
#1134 = DIRECTION ( 'NONE',  ( 0.000000000000000000, -1.000000000000000000, 0.000000000000000000 ) ) ;
#1135 = VERTEX_POINT ( 'NONE', #1456 ) ;
#1136 = DIRECTION ( 'NONE',  ( 0.000000000000000000, 0.000000000000000000, -1.000000000000000000 ) ) ;
#1137 = ORIENTED_EDGE ( 'NONE', *, *, #1524, .T. ) ;
#1138 = FACE_BOUND ( 'NONE', #670, .T. ) ;
#1139 = CARTESIAN_POINT ( 'NONE',  ( 0.000000000000000000, 0.1069999999999999979, 0.08799999999999999489 ) ) ;
#1140 = CARTESIAN_POINT ( 'NONE',  ( 0.01899999999999999953, 0.01799999999999999864, 0.09550000000000000155 ) ) ;
#1141 = LINE ( 'NONE', #149, #1157 ) ;
#1142 = DIRECTION ( 'NONE',  ( 0.000000000000000000, 1.000000000000000000, 0.000000000000000000 ) ) ;
#1143 = ADVANCED_FACE ( 'NONE', ( #216 ), #767, .F. ) ;
#1144 = CARTESIAN_POINT ( 'NONE',  ( 3.551475717527324141E-18, 0.1069999999999999979, 0.1170000000000000068 ) ) ;
#1145 = ORIENTED_EDGE ( 'NONE', *, *, #97, .T. ) ;
#1146 = CARTESIAN_POINT ( 'NONE',  ( 0.01499999999999999944, -0.009949874371066199513, 0.1059980242569970033 ) ) ;
#1147 = CARTESIAN_POINT ( 'NONE',  ( 0.01951650429449384994, 0.02651650429449439739, 0.000000000000000000 ) ) ;
#1148 = CARTESIAN_POINT ( 'NONE',  ( -0.02651650429449575047, 0.08999999999999999667, 0.1075165042944952049 ) ) ;
#1149 = DIRECTION ( 'NONE',  ( 0.000000000000000000, -1.000000000000000000, 0.000000000000000000 ) ) ;
#1150 = LINE ( 'NONE', #1596, #204 ) ;
#1151 = ORIENTED_EDGE ( 'NONE', *, *, #626, .T. ) ;
#1152 = CARTESIAN_POINT ( 'NONE',  ( 0.000000000000000000, 0.000000000000000000, 0.02000000000000000042 ) ) ;
#1153 = DIRECTION ( 'NONE',  ( -1.000000000000000000, 0.000000000000000000, 0.000000000000000000 ) ) ;
#1154 = ADVANCED_FACE ( 'NONE', ( #729 ), #1740, .T. ) ;
#1155 = CONICAL_SURFACE ( 'NONE', #374, 0.01799999999999999864, 0.7853981633974419507 ) ;
#1156 = CONICAL_SURFACE ( 'NONE', #921, 0.02299999999999999267, 0.7853981633974539411 ) ;
#1157 = VECTOR ( 'NONE', #1543, 1.000000000000000000 ) ;
#1158 = DIRECTION ( 'NONE',  ( 0.000000000000000000, 0.000000000000000000, -1.000000000000000000 ) ) ;
#1159 = DIRECTION ( 'NONE',  ( 0.000000000000000000, 0.000000000000000000, -1.000000000000000000 ) ) ;
#1160 =( LENGTH_UNIT ( ) NAMED_UNIT ( * ) SI_UNIT ( $, .METRE. ) );
#1161 = EDGE_LOOP ( 'NONE', ( #537, #132 ) ) ;
#1162 = CARTESIAN_POINT ( 'NONE',  ( -0.01899999999999999953, 0.000000000000000000, 0.08050000000000000211 ) ) ;
#1163 =( BOUNDED_CURVE ( )  B_SPLINE_CURVE ( 3, ( #1753, #1354, #370, #388 ),
 .UNSPECIFIED., .F., .T. ) 
 B_SPLINE_CURVE_WITH_KNOTS ( ( 4, 4 ),
 ( 0.000000000000000000, 1.570796326794895004 ),
 .UNSPECIFIED. ) 
 CURVE ( )  GEOMETRIC_REPRESENTATION_ITEM ( )  RATIONAL_B_SPLINE_CURVE ( ( 1.000000000000000000, 0.8047378541243649375, 0.8047378541243649375, 1.000000000000000000 ) ) 
 REPRESENTATION_ITEM ( '' )  );
#1164 = CIRCLE ( 'NONE', #208, 0.006999999999999999278 ) ;
#1165 = VERTEX_POINT ( 'NONE', #1284 ) ;
#1166 = CARTESIAN_POINT ( 'NONE',  ( -0.02651650429449575047, 0.08999999999999999667, 0.1215165042944952034 ) ) ;
#1167 = EDGE_LOOP ( 'NONE', ( #1510, #1307, #220, #420 ) ) ;
#1168 = EDGE_CURVE ( 'NONE', #384, #732, #345, .T. ) ;
#1169 = ADVANCED_FACE ( 'NONE', ( #785 ), #1340, .T. ) ;
#1170 = DIRECTION ( 'NONE',  ( 1.000000000000000000, 0.000000000000000000, 0.000000000000000000 ) ) ;
#1171 = DIRECTION ( 'NONE',  ( 0.000000000000000000, 0.000000000000000000, 1.000000000000000000 ) ) ;
#1172 = DIRECTION ( 'NONE',  ( 0.000000000000000000, 0.000000000000000000, 1.000000000000000000 ) ) ;
#1173 = ORIENTED_EDGE ( 'NONE', *, *, #414, .F. ) ;
#1174 = PLANE ( 'NONE',  #1439 ) ;
#1175 = EDGE_LOOP ( 'NONE', ( #1459, #458 ) ) ;
#1176 = DIRECTION ( 'NONE',  ( 0.000000000000000000, 0.000000000000000000, 1.000000000000000000 ) ) ;
#1177 = ORIENTED_EDGE ( 'NONE', *, *, #380, .T. ) ;
#1178 = FACE_OUTER_BOUND ( 'NONE', #1199, .T. ) ;
#1179 = UNCERTAINTY_MEASURE_WITH_UNIT (LENGTH_MEASURE( 1.000000000000000082E-05 ), #1160, 'distance_accuracy_value', 'NONE');
#1180 = EDGE_CURVE ( 'NONE', #927, #686, #1555, .T. ) ;
#1181 = DIRECTION ( 'NONE',  ( -1.000000000000000000, 0.000000000000000000, 0.000000000000000000 ) ) ;
#1182 = ORIENTED_EDGE ( 'NONE', *, *, #336, .F. ) ;
#1183 = CARTESIAN_POINT ( 'NONE',  ( 0.02651650429449559782, 0.08500000000000000611, 0.06848349570550449350 ) ) ;
#1184 = VERTEX_POINT ( 'NONE', #1475 ) ;
#1185 = CYLINDRICAL_SURFACE ( 'NONE', #63, 0.05249999999999999806 ) ;
#1186 = EDGE_LOOP ( 'NONE', ( #1531, #772, #28, #818 ) ) ;
#1187 = DIRECTION ( 'NONE',  ( 0.000000000000000000, 1.000000000000000000, 0.000000000000000000 ) ) ;
#1188 = VECTOR ( 'NONE', #539, 1.000000000000000000 ) ;
#1189 = VECTOR ( 'NONE', #861, 1.000000000000000000 ) ;
#1190 = DIRECTION ( 'NONE',  ( 0.000000000000000000, 0.000000000000000000, -1.000000000000000000 ) ) ;
#1191 = AXIS2_PLACEMENT_3D ( 'NONE', #1746, #1609, #368 ) ;
#1192 = ORIENTED_EDGE ( 'NONE', *, *, #1572, .F. ) ;
#1193 = ADVANCED_FACE ( 'NONE', ( #1747 ), #1610, .F. ) ;
#1194 = DIRECTION ( 'NONE',  ( -1.000000000000000000, 0.000000000000000000, 0.000000000000000000 ) ) ;
#1195 = ORIENTED_EDGE ( 'NONE', *, *, #941, .T. ) ;
#1196 = CARTESIAN_POINT ( 'NONE',  ( 0.000000000000000000, 0.000000000000000000, 0.000000000000000000 ) ) ;
#1197 = DIRECTION ( 'NONE',  ( 0.000000000000000000, -1.000000000000000000, 0.000000000000000000 ) ) ;
#1198 = FACE_BOUND ( 'NONE', #573, .T. ) ;
#1199 = EDGE_LOOP ( 'NONE', ( #487, #712, #1469, #264 ) ) ;
#1200 = DIRECTION ( 'NONE',  ( 0.000000000000000000, 0.000000000000000000, -1.000000000000000000 ) ) ;
#1201 = EDGE_CURVE ( 'NONE', #412, #1702, #1163, .T. ) ;
#1202 = EDGE_CURVE ( 'NONE', #384, #1467, #516, .T. ) ;
#1203 = ADVANCED_FACE ( 'NONE', ( #88 ), #1066, .F. ) ;
#1204 = CARTESIAN_POINT ( 'NONE',  ( 0.01799999999999998823, 0.01054415587728430199, 0.09854415587728430903 ) ) ;
#1205 = DIRECTION ( 'NONE',  ( 0.000000000000000000, -1.000000000000000000, 0.000000000000000000 ) ) ;
#1206 = DIRECTION ( 'NONE',  ( 0.000000000000000000, -1.000000000000000000, 0.000000000000000000 ) ) ;
#1207 = CARTESIAN_POINT ( 'NONE',  ( 0.01499999999999999944, -0.01799999999999999864, 0.07599802425699700437 ) ) ;
#1208 = EDGE_LOOP ( 'NONE', ( #1422, #1101 ) ) ;
#1209 = ORIENTED_EDGE ( 'NONE', *, *, #1516, .T. ) ;
#1210 = ADVANCED_FACE ( 'NONE', ( #651 ), #1490, .T. ) ;
#1211 = DIRECTION ( 'NONE',  ( 0.000000000000000000, 0.000000000000000000, -1.000000000000000000 ) ) ;
#1212 = CIRCLE ( 'NONE', #49, 0.01800000000000000211 ) ;
#1213 = DIRECTION ( 'NONE',  ( -1.000000000000000000, 0.000000000000000000, 0.000000000000000000 ) ) ;
#1214 = CONICAL_SURFACE ( 'NONE', #1499, 0.01700000000000000122, 0.7853981633974461696 ) ;
#1215 = ORIENTED_EDGE ( 'NONE', *, *, #1516, .F. ) ;
#1216 = VECTOR ( 'NONE', #186, 1.000000000000000000 ) ;
#1217 = CIRCLE ( 'NONE', #378, 0.02899999999999999800 ) ;
#1218 = CARTESIAN_POINT ( 'NONE',  ( 0.000000000000000000, 0.1069999999999999979, 0.08799999999999999489 ) ) ;
#1219 = ORIENTED_EDGE ( 'NONE', *, *, #78, .F. ) ;
#1220 = AXIS2_PLACEMENT_3D ( 'NONE', #1492, #252, #511 ) ;
#1221 = ORIENTED_EDGE ( 'NONE', *, *, #514, .T. ) ;
#1222 = DIRECTION ( 'NONE',  ( 0.000000000000000000, 1.000000000000000000, 0.000000000000000000 ) ) ;
#1223 = ADVANCED_FACE ( 'NONE', ( #234 ), #261, .T. ) ;
#1224 = DIRECTION ( 'NONE',  ( 1.000000000000000000, 0.000000000000000000, 0.000000000000000000 ) ) ;
#1225 = EDGE_LOOP ( 'NONE', ( #1393, #823, #1726, #98 ) ) ;
#1226 = CARTESIAN_POINT ( 'NONE',  ( 0.02651650429449559782, 0.08500000000000000611, 0.06148349570550450116 ) ) ;
#1227 = VERTEX_POINT ( 'NONE', #931 ) ;
#1228 = ORIENTED_EDGE ( 'NONE', *, *, #1044, .T. ) ;
#1229 = CARTESIAN_POINT ( 'NONE',  ( -0.01951650429449579977, 0.02651650429449664906, 0.000000000000000000 ) ) ;
#1230 = APPLICATION_CONTEXT ( 'automotive_design' ) ;
#1231 = CARTESIAN_POINT ( 'NONE',  ( -0.01899999999999999953, 0.01799999999999999864, 0.09550000000000000155 ) ) ;
#1232 = ORIENTED_EDGE ( 'NONE', *, *, #918, .F. ) ;
#1233 = ADVANCED_FACE ( 'NONE', ( #1483 ), #244, .F. ) ;
#1234 = DIRECTION ( 'NONE',  ( 1.000000000000000000, 0.000000000000000000, 0.000000000000000000 ) ) ;
#1235 = VERTEX_POINT ( 'NONE', #363 ) ;
#1236 = ORIENTED_EDGE ( 'NONE', *, *, #1256, .F. ) ;
#1237 = DIRECTION ( 'NONE',  ( 0.000000000000000000, 0.000000000000000000, -1.000000000000000000 ) ) ;
#1238 = FACE_OUTER_BOUND ( 'NONE', #968, .T. ) ;
#1239 = CARTESIAN_POINT ( 'NONE',  ( -0.01951650429449579977, -0.02651650429449439739, 0.01499999999999999944 ) ) ;
#1240 = DIRECTION ( 'NONE',  ( -0.000000000000000000, 1.000000000000000000, 0.000000000000000000 ) ) ;
#1241 = AXIS2_PLACEMENT_3D ( 'NONE', #814, #1498, #114 ) ;
#1242 = ADVANCED_FACE ( 'NONE', ( #1346 ), #1009, .T. ) ;
#1243 = EDGE_LOOP ( 'NONE', ( #1045, #614, #1661, #54 ) ) ;
#1244 = CIRCLE ( 'NONE', #466, 0.007000000000003250150 ) ;
#1245 = AXIS2_PLACEMENT_3D ( 'NONE', #37, #991, #461 ) ;
#1246 = VECTOR ( 'NONE', #1197, 1.000000000000000000 ) ;
#1247 = CYLINDRICAL_SURFACE ( 'NONE', #1788, 0.007000000000003250150 ) ;
#1248 = DIRECTION ( 'NONE',  ( 0.000000000000000000, 0.000000000000000000, -1.000000000000000000 ) ) ;
#1249 = CARTESIAN_POINT ( 'NONE',  ( 0.000000000000000000, 0.000000000000000000, 0.1250000000000000000 ) ) ;
#1250 = LINE ( 'NONE', #563, #285 ) ;
#1251 = CARTESIAN_POINT ( 'NONE',  ( 0.01499999999999999944, -0.01799999999999999864, 0.1059980242569970033 ) ) ;
#1252 = VERTEX_POINT ( 'NONE', #1366 ) ;
#1253 = ADVANCED_FACE ( 'NONE', ( #1198, #644, #250, #1636, #509, #1765 ), #1078, .T. ) ;
#1254 = ORIENTED_EDGE ( 'NONE', *, *, #738, .F. ) ;
#1255 = DIRECTION ( 'NONE',  ( 0.000000000000000000, 0.000000000000000000, -1.000000000000000000 ) ) ;
#1256 = EDGE_CURVE ( 'NONE', #686, #927, #715, .T. ) ;
#1257 = CARTESIAN_POINT ( 'NONE',  ( -0.01799999999999999864, 0.000000000000000000, 0.1239999999999999991 ) ) ;
#1258 = DIRECTION ( 'NONE',  ( 0.000000000000000000, 0.000000000000000000, -1.000000000000000000 ) ) ;
#1259 = DIRECTION ( 'NONE',  ( 0.000000000000000000, 0.000000000000000000, 1.000000000000000000 ) ) ;
#1260 = ORIENTED_EDGE ( 'NONE', *, *, #1707, .F. ) ;
#1261 = FACE_BOUND ( 'NONE', #1305, .T. ) ;
#1262 = EDGE_CURVE ( 'NONE', #1165, #450, #689, .T. ) ;
#1263 = CARTESIAN_POINT ( 'NONE',  ( -0.01899999999999999953, 0.000000000000000000, 0.000000000000000000 ) ) ;
#1264 = DIRECTION ( 'NONE',  ( 0.7071067811865430208, 8.659560562354879857E-17, -0.7071067811865520136 ) ) ;
#1265 = CARTESIAN_POINT ( 'NONE',  ( 0.02651650429449559782, 0.08999999999999999667, 0.05448349570550450188 ) ) ;
#1266 = ORIENTED_EDGE ( 'NONE', *, *, #436, .F. ) ;
#1267 = VERTEX_POINT ( 'NONE', #128 ) ;
#1268 = CIRCLE ( 'NONE', #139, 0.007000000000002448708 ) ;
#1269 = FACE_OUTER_BOUND ( 'NONE', #1539, .T. ) ;
#1270 = VECTOR ( 'NONE', #46, 1.000000000000000000 ) ;
#1271 = AXIS2_PLACEMENT_3D ( 'NONE', #1162, #914, #218 ) ;
#1272 = DIRECTION ( 'NONE',  ( 0.000000000000000000, -1.000000000000000000, -2.775557561562890365E-16 ) ) ;
#1273 = ADVANCED_FACE ( 'NONE', ( #965 ), #1671, .T. ) ;
#1274 = CARTESIAN_POINT ( 'NONE',  ( 0.01951650429449384994, 0.02651650429449439739, 0.02000000000000000042 ) ) ;
#1275 = ADVANCED_FACE ( 'NONE', ( #433 ), #303, .T. ) ;
#1276 = FACE_BOUND ( 'NONE', #1032, .T. ) ;
#1277 = DIRECTION ( 'NONE',  ( 0.000000000000000000, 0.000000000000000000, 1.000000000000000000 ) ) ;
#1278 = VERTEX_POINT ( 'NONE', #682 ) ;
#1279 = DIRECTION ( 'NONE',  ( 1.000000000000000000, 0.000000000000000000, 0.000000000000000000 ) ) ;
#1280 = ORIENTED_EDGE ( 'NONE', *, *, #675, .F. ) ;
#1281 = CARTESIAN_POINT ( 'NONE',  ( 0.000000000000000000, 0.08500000000000000611, 0.08799999999999999489 ) ) ;
#1282 = CARTESIAN_POINT ( 'NONE',  ( 0.01799999999999999864, 2.204364238465235129E-18, 0.1239999999999999991 ) ) ;
#1283 = DIRECTION ( 'NONE',  ( 0.000000000000000000, 0.000000000000000000, 1.000000000000000000 ) ) ;
#1284 = CARTESIAN_POINT ( 'NONE',  ( 6.429395695523610131E-18, 0.08999999999999999667, 0.1405000000000000138 ) ) ;
#1285 = VERTEX_POINT ( 'NONE', #7 ) ;
#1286 = EDGE_CURVE ( 'NONE', #400, #1035, #569, .T. ) ;
#1287 = CARTESIAN_POINT ( 'NONE',  ( -0.02651650429449600027, 0.02651650429449664906, 0.01499999999999999944 ) ) ;
#1288 = ORIENTED_EDGE ( 'NONE', *, *, #1695, .T. ) ;
#1289 = CARTESIAN_POINT ( 'NONE',  ( 0.03351650429449604812, -0.02651650429449664906, 0.000000000000000000 ) ) ;
#1290 = PLANE ( 'NONE',  #610 ) ;
#1291 = FACE_BOUND ( 'NONE', #1724, .T. ) ;
#1292 = SURFACE_STYLE_USAGE ( .BOTH. , #875 ) ;
#1293 = ORIENTED_EDGE ( 'NONE', *, *, #1010, .F. ) ;
#1294 = DIRECTION ( 'NONE',  ( 0.000000000000000000, 0.000000000000000000, -1.000000000000000000 ) ) ;
#1295 = EDGE_CURVE ( 'NONE', #739, #1006, #423, .T. ) ;
#1296 = EDGE_LOOP ( 'NONE', ( #159, #532, #1195, #377 ) ) ;
#1297 = AXIS2_PLACEMENT_3D ( 'NONE', #1152, #1704, #469 ) ;
#1298 = CARTESIAN_POINT ( 'NONE',  ( -0.01636306817195355007, 0.01799999999999999864, 0.08050000000000000211 ) ) ;
#1299 = AXIS2_PLACEMENT_3D ( 'NONE', #945, #658, #1604 ) ;
#1300 = VECTOR ( 'NONE', #1635, 1.000000000000000000 ) ;
#1301 = DIRECTION ( 'NONE',  ( 8.659560562354973534E-17, 0.7071067811865435759, -0.7071067811865515695 ) ) ;
#1302 = CARTESIAN_POINT ( 'NONE',  ( 0.02651650429449559782, 0.1049999999999999961, 0.06848349570550449350 ) ) ;
#1303 = PRODUCT_DEFINITION_CONTEXT ( 'detailed design', #1230, 'design' ) ;
#1304 = CIRCLE ( 'NONE', #283, 0.05249999999999999806 ) ;
#1305 = EDGE_LOOP ( 'NONE', ( #1452, #1192 ) ) ;
#1306 = DIRECTION ( 'NONE',  ( 0.000000000000000000, 0.000000000000000000, 1.000000000000000000 ) ) ;
#1307 = ORIENTED_EDGE ( 'NONE', *, *, #737, .F. ) ;
#1308 = DIRECTION ( 'NONE',  ( 1.000000000000000000, 0.000000000000000000, 0.000000000000000000 ) ) ;
#1309 = PRODUCT_RELATED_PRODUCT_CATEGORY ( 'part', '', ( #1699 ) ) ;
#1310 = VERTEX_POINT ( 'NONE', #695 ) ;
#1311 = EDGE_CURVE ( 'NONE', #1285, #10, #197, .T. ) ;
#1312 = CARTESIAN_POINT ( 'NONE',  ( -0.01899999999999999953, -2.650657471292559897E-17, 0.09550000000000000155 ) ) ;
#1313 = CARTESIAN_POINT ( 'NONE',  ( 0.02651650429449540006, 0.08500000000000000611, 0.1145165042944955996 ) ) ;
#1314 = PRODUCT_DEFINITION_SHAPE ( 'NONE', 'NONE',  #175 ) ;
#1315 = CYLINDRICAL_SURFACE ( 'NONE', #1130, 0.007000000000000006217 ) ;
#1316 = VERTEX_POINT ( 'NONE', #1780 ) ;
#1317 = FACE_OUTER_BOUND ( 'NONE', #977, .T. ) ;
#1318 = DIRECTION ( 'NONE',  ( -1.000000000000000000, 0.000000000000000000, 0.000000000000000000 ) ) ;
#1319 = FACE_OUTER_BOUND ( 'NONE', #936, .T. ) ;
#1320 = EDGE_CURVE ( 'NONE', #876, #1310, #1507, .T. ) ;
#1321 = FILL_AREA_STYLE_COLOUR ( '', #24 ) ;
#1322 = ORIENTED_EDGE ( 'NONE', *, *, #1639, .T. ) ;
#1323 = DIRECTION ( 'NONE',  ( 0.000000000000000000, 0.000000000000000000, 1.000000000000000000 ) ) ;
#1324 = ORIENTED_EDGE ( 'NONE', *, *, #997, .T. ) ;
#1325 = CARTESIAN_POINT ( 'NONE',  ( -0.01636306817195355007, 0.01799999999999999864, 0.09550000000000000155 ) ) ;
#1326 = CARTESIAN_POINT ( 'NONE',  ( -0.02900000000000000147, 3.551475717527324141E-18, -0.002000000000000000042 ) ) ;
#1327 = CIRCLE ( 'NONE', #1297, 0.01799999999999999864 ) ;
#1328 = CIRCLE ( 'NONE', #577, 0.01700000000000000122 ) ;
#1329 = ADVANCED_FACE ( 'NONE', ( #821 ), #1155, .T. ) ;
#1330 = DIRECTION ( 'NONE',  ( -1.000000000000000000, 0.000000000000000000, 0.000000000000000000 ) ) ;
#1331 = AXIS2_PLACEMENT_3D ( 'NONE', #1281, #999, #154 ) ;
#1332 = CONICAL_SURFACE ( 'NONE', #27, 0.01700000000000000122, 0.7853981633974461696 ) ;
#1333 = ORIENTED_EDGE ( 'NONE', *, *, #1575, .T. ) ;
#1334 = ADVANCED_FACE ( 'NONE', ( #1238 ), #164, .F. ) ;
#1335 = CARTESIAN_POINT ( 'NONE',  ( -0.01499999999999999944, -0.01799999999999999864, 0.07599802425699700437 ) ) ;
#1336 = ORIENTED_EDGE ( 'NONE', *, *, #899, .F. ) ;
#1337 = FACE_OUTER_BOUND ( 'NONE', #1785, .T. ) ;
#1338 = ORIENTED_EDGE ( 'NONE', *, *, #506, .T. ) ;
#1339 = DIRECTION ( 'NONE',  ( 0.000000000000000000, 0.000000000000000000, -1.000000000000000000 ) ) ;
#1340 = PLANE ( 'NONE',  #284 ) ;
#1341 = CARTESIAN_POINT ( 'NONE',  ( 0.000000000000000000, 0.1049999999999999961, 0.08799999999999999489 ) ) ;
#1342 = CARTESIAN_POINT ( 'NONE',  ( 0.01899999999999999953, 0.01799999999999999864, 0.08050000000000000211 ) ) ;
#1343 = EDGE_CURVE ( 'NONE', #1135, #659, #607, .T. ) ;
#1344 = EDGE_LOOP ( 'NONE', ( #1688, #1336, #586, #205 ) ) ;
#1345 = DIRECTION ( 'NONE',  ( 0.000000000000000000, 0.000000000000000000, 1.000000000000000000 ) ) ;
#1346 = FACE_OUTER_BOUND ( 'NONE', #1607, .T. ) ;
#1347 = VERTEX_POINT ( 'NONE', #1111 ) ;
#1348 = CARTESIAN_POINT ( 'NONE',  ( 0.01899999999999999953, 0.01799999999999999864, 0.000000000000000000 ) ) ;
#1349 = ORIENTED_EDGE ( 'NONE', *, *, #1652, .T. ) ;
#1350 = CARTESIAN_POINT ( 'NONE',  ( -0.02651650429449575047, 0.1049999999999999961, 0.1075165042944952049 ) ) ;
#1351 = EDGE_CURVE ( 'NONE', #1680, #600, #347, .T. ) ;
#1352 = DIRECTION ( 'NONE',  ( 0.000000000000000000, 1.000000000000000000, 0.000000000000000000 ) ) ;
#1353 = AXIS2_PLACEMENT_3D ( 'NONE', #426, #1392, #33 ) ;
#1354 = CARTESIAN_POINT ( 'NONE',  ( -0.01054415587728428985, 0.01800000000000001252, 0.06999999999999993727 ) ) ;
#1355 = AXIS2_PLACEMENT_3D ( 'NONE', #578, #1131, #1091 ) ;
#1356 = VECTOR ( 'NONE', #1264, 1.000000000000000000 ) ;
#1357 = ORIENTED_EDGE ( 'NONE', *, *, #155, .T. ) ;
#1358 = AXIS2_PLACEMENT_3D ( 'NONE', #848, #161, #714 ) ;
#1359 = AXIS2_PLACEMENT_3D ( 'NONE', #1643, #394, #1005 ) ;
#1360 = CYLINDRICAL_SURFACE ( 'NONE', #1674, 0.007000000000000006217 ) ;
#1361 = ORIENTED_EDGE ( 'NONE', *, *, #268, .F. ) ;
#1362 = CIRCLE ( 'NONE', #1497, 0.02299999999999999961 ) ;
#1363 = ORIENTED_EDGE ( 'NONE', *, *, #1386, .T. ) ;
#1364 = CARTESIAN_POINT ( 'NONE',  ( 0.000000000000000000, -0.01799999999999999864, 0.1059980242569970033 ) ) ;
#1365 = ADVANCED_FACE ( 'NONE', ( #1405 ), #718, .F. ) ;
#1366 = CARTESIAN_POINT ( 'NONE',  ( 0.000000000000000000, 0.08500000000000000611, 0.07000000000000000666 ) ) ;
#1367 = ORIENTED_EDGE ( 'NONE', *, *, #831, .T. ) ;
#1368 = DIRECTION ( 'NONE',  ( 0.000000000000000000, -1.000000000000000000, 0.000000000000000000 ) ) ;
#1369 = ORIENTED_EDGE ( 'NONE', *, *, #289, .T. ) ;
#1370 = VERTEX_POINT ( 'NONE', #1257 ) ;
#1371 = LINE ( 'NONE', #724, #320 ) ;
#1372 = ADVANCED_FACE ( 'NONE', ( #1104 ), #1682, .T. ) ;
#1373 = CARTESIAN_POINT ( 'NONE',  ( 0.000000000000000000, 0.000000000000000000, 0.02000000000000000042 ) ) ;
#1374 = ORIENTED_EDGE ( 'NONE', *, *, #336, .T. ) ;
#1375 = PLANE ( 'NONE',  #983 ) ;
#1376 = EDGE_LOOP ( 'NONE', ( #628, #119 ) ) ;
#1377 = EDGE_LOOP ( 'NONE', ( #1420, #1717, #611, #346 ) ) ;
#1378 = DIRECTION ( 'NONE',  ( -1.000000000000000000, 0.000000000000000000, 0.000000000000000000 ) ) ;
#1379 = CARTESIAN_POINT ( 'NONE',  ( 6.429395695523610131E-18, 0.1049999999999999961, 0.1405000000000000138 ) ) ;
#1380 = CARTESIAN_POINT ( 'NONE',  ( 0.000000000000000000, 0.08999999999999999667, 0.08799999999999999489 ) ) ;
#1381 = DIRECTION ( 'NONE',  ( 0.000000000000000000, 1.000000000000000000, 0.000000000000000000 ) ) ;
#1382 = ADVANCED_FACE ( 'NONE', ( #19 ), #269, .T. ) ;
#1383 = CARTESIAN_POINT ( 'NONE',  ( 0.000000000000000000, 0.000000000000000000, 0.1059980242569970033 ) ) ;
#1384 = AXIS2_PLACEMENT_3D ( 'NONE', #775, #103, #1213 ) ;
#1385 = EDGE_LOOP ( 'NONE', ( #1215, #196, #68, #1026 ) ) ;
#1386 = EDGE_CURVE ( 'NONE', #541, #1060, #1645, .T. ) ;
#1387 = VECTOR ( 'NONE', #1571, 1.000000000000000000 ) ;
#1388 = AXIS2_PLACEMENT_3D ( 'NONE', #828, #944, #127 ) ;
#1389 = CARTESIAN_POINT ( 'NONE',  ( 0.02651650429449279797, -0.02651650429449664906, 0.02000000000000000042 ) ) ;
#1390 = DIRECTION ( 'NONE',  ( 0.000000000000000000, 0.000000000000000000, -1.000000000000000000 ) ) ;
#1391 = CARTESIAN_POINT ( 'NONE',  ( 0.000000000000000000, 0.08999999999999999667, 0.08799999999999999489 ) ) ;
#1392 = DIRECTION ( 'NONE',  ( 0.000000000000000000, -1.000000000000000000, 0.000000000000000000 ) ) ;
#1393 = ORIENTED_EDGE ( 'NONE', *, *, #933, .F. ) ;
#1394 = EDGE_CURVE ( 'NONE', #153, #183, #881, .T. ) ;
#1395 = EDGE_LOOP ( 'NONE', ( #1219, #1024, #294, #1324 ) ) ;
#1396 = CARTESIAN_POINT ( 'NONE',  ( -0.01499999999999999944, -0.01799999999999999864, 0.1059980242569970033 ) ) ;
#1397 = DIRECTION ( 'NONE',  ( 0.000000000000000000, 0.000000000000000000, 1.000000000000000000 ) ) ;
#1398 = DIRECTION ( 'NONE',  ( 0.000000000000000000, 0.000000000000000000, -1.000000000000000000 ) ) ;
#1399 = CARTESIAN_POINT ( 'NONE',  ( -0.01899999999999999953, 0.01799999999999999864, 0.08050000000000000211 ) ) ;
#1400 = VERTEX_POINT ( 'NONE', #1014 ) ;
#1401 = ORIENTED_EDGE ( 'NONE', *, *, #687, .T. ) ;
#1402 = DIRECTION ( 'NONE',  ( 0.000000000000000000, 0.000000000000000000, 1.000000000000000000 ) ) ;
#1403 = EDGE_CURVE ( 'NONE', #332, #183, #609, .T. ) ;
#1404 = DIRECTION ( 'NONE',  ( 0.000000000000000000, 0.000000000000000000, 1.000000000000000000 ) ) ;
#1405 = FACE_OUTER_BOUND ( 'NONE', #585, .T. ) ;
#1406 = LINE ( 'NONE', #313, #317 ) ;
#1407 = CARTESIAN_POINT ( 'NONE',  ( 0.000000000000000000, 0.01799999999999999864, 0.08799999999999999489 ) ) ;
#1408 = VERTEX_POINT ( 'NONE', #1433 ) ;
#1409 = AXIS2_PLACEMENT_3D ( 'NONE', #391, #1234, #959 ) ;
#1410 = CARTESIAN_POINT ( 'NONE',  ( -0.05249999999999999806, 0.000000000000000000, 0.01499999999999999944 ) ) ;
#1411 = VERTEX_POINT ( 'NONE', #482 ) ;
#1412 = VECTOR ( 'NONE', #193, 1.000000000000000000 ) ;
#1413 = DIRECTION ( 'NONE',  ( 0.000000000000000000, 1.000000000000000000, 0.000000000000000000 ) ) ;
#1414 = CIRCLE ( 'NONE', #641, 0.01799999999999999864 ) ;
#1415 = CARTESIAN_POINT ( 'NONE',  ( 0.03351650429449629792, 0.02651650429449439739, 0.000000000000000000 ) ) ;
#1416 = FACE_OUTER_BOUND ( 'NONE', #1527, .T. ) ;
#1417 = EDGE_CURVE ( 'NONE', #842, #450, #759, .T. ) ;
#1418 = DIRECTION ( 'NONE',  ( 0.000000000000000000, 0.000000000000000000, 1.000000000000000000 ) ) ;
#1419 = LINE ( 'NONE', #1712, #834 ) ;
#1420 = ORIENTED_EDGE ( 'NONE', *, *, #504, .F. ) ;
#1421 = DIRECTION ( 'NONE',  ( 0.000000000000000000, -1.000000000000000000, 0.000000000000000000 ) ) ;
#1422 = ORIENTED_EDGE ( 'NONE', *, *, #820, .F. ) ;
#1423 = FACE_OUTER_BOUND ( 'NONE', #770, .T. ) ;
#1424 = CARTESIAN_POINT ( 'NONE',  ( 0.000000000000000000, 0.000000000000000000, -0.002000000000000000042 ) ) ;
#1425 = DIRECTION ( 'NONE',  ( 0.000000000000000000, 0.000000000000000000, 1.000000000000000000 ) ) ;
#1426 = EDGE_CURVE ( 'NONE', #168, #467, #319, .T. ) ;
#1427 = FACE_OUTER_BOUND ( 'NONE', #555, .T. ) ;
#1428 = ORIENTED_EDGE ( 'NONE', *, *, #32, .T. ) ;
#1429 = CARTESIAN_POINT ( 'NONE',  ( 0.02900000000000000147, 0.000000000000000000, -0.002000000000000000042 ) ) ;
#1430 = ORIENTED_EDGE ( 'NONE', *, *, #528, .T. ) ;
#1431 = DIRECTION ( 'NONE',  ( 0.000000000000000000, 0.000000000000000000, -1.000000000000000000 ) ) ;
#1432 = DIRECTION ( 'NONE',  ( -1.000000000000000000, 0.000000000000000000, 0.000000000000000000 ) ) ;
#1433 = CARTESIAN_POINT ( 'NONE',  ( 0.01499999999999999944, -0.009949874371066199513, 0.07599802425699700437 ) ) ;
#1434 = DIRECTION ( 'NONE',  ( 0.000000000000000000, 0.000000000000000000, 1.000000000000000000 ) ) ;
#1435 = ADVANCED_FACE ( 'NONE', ( #1291, #1416 ), #1719, .T. ) ;
#1436 = ORIENTED_EDGE ( 'NONE', *, *, #556, .F. ) ;
#1437 = CARTESIAN_POINT ( 'NONE',  ( 0.01636306817195355007, 0.06800000000000000488, 0.09550000000000000155 ) ) ;
#1438 = ADVANCED_FACE ( 'NONE', ( #618, #335 ), #1691, .T. ) ;
#1439 = AXIS2_PLACEMENT_3D ( 'NONE', #486, #1294, #348 ) ;
#1440 = FACE_OUTER_BOUND ( 'NONE', #42, .T. ) ;
#1441 = AXIS2_PLACEMENT_3D ( 'NONE', #1121, #278, #1683 ) ;
#1442 = ORIENTED_EDGE ( 'NONE', *, *, #446, .F. ) ;
#1443 = VECTOR ( 'NONE', #1159, 1.000000000000000000 ) ;
#1444 = AXIS2_PLACEMENT_3D ( 'NONE', #1546, #1222, #855 ) ;
#1445 = CARTESIAN_POINT ( 'NONE',  ( -0.02651650429449600027, 0.02651650429449664906, 0.01499999999999999944 ) ) ;
#1446 = CARTESIAN_POINT ( 'NONE',  ( 0.02651650429449540006, 0.1049999999999999961, 0.1215165042944956059 ) ) ;
#1447 = VECTOR ( 'NONE', #736, 1.000000000000000000 ) ;
#1448 = PRESENTATION_STYLE_ASSIGNMENT (( #1292 ) ) ;
#1449 = ORIENTED_EDGE ( 'NONE', *, *, #1286, .T. ) ;
#1450 = AXIS2_PLACEMENT_3D ( 'NONE', #1589, #1318, #76 ) ;
#1451 = CARTESIAN_POINT ( 'NONE',  ( 0.01799999999999999864, 0.000000000000000000, 0.08799999999999999489 ) ) ;
#1452 = ORIENTED_EDGE ( 'NONE', *, *, #1639, .F. ) ;
#1453 = DIRECTION ( 'NONE',  ( 0.000000000000000000, -1.000000000000000000, 0.000000000000000000 ) ) ;
#1454 = ADVANCED_FACE ( 'NONE', ( #1564 ), #1156, .T. ) ;
#1455 = CARTESIAN_POINT ( 'NONE',  ( 0.01636306817195355007, 0.08999999999999999667, 0.08050000000000000211 ) ) ;
#1456 = CARTESIAN_POINT ( 'NONE',  ( -0.02651650429449519883, 0.08999999999999999667, 0.05448349570550409943 ) ) ;
#1457 = VERTEX_POINT ( 'NONE', #1302 ) ;
#1458 = DIRECTION ( 'NONE',  ( 1.000000000000000000, 0.000000000000000000, 0.000000000000000000 ) ) ;
#1459 = ORIENTED_EDGE ( 'NONE', *, *, #602, .F. ) ;
#1460 = CARTESIAN_POINT ( 'NONE',  ( 0.000000000000000000, 0.1069999999999999979, 0.05899999999999999689 ) ) ;
#1461 = VERTEX_POINT ( 'NONE', #1446 ) ;
#1462 = EDGE_CURVE ( 'NONE', #810, #270, #1030, .T. ) ;
#1463 = DIRECTION ( 'NONE',  ( 0.000000000000000000, -1.000000000000000000, 0.000000000000000000 ) ) ;
#1464 = DIRECTION ( 'NONE',  ( 0.000000000000000000, 0.000000000000000000, 1.000000000000000000 ) ) ;
#1465 = ORIENTED_EDGE ( 'NONE', *, *, #97, .F. ) ;
#1466 = DIRECTION ( 'NONE',  ( 0.000000000000000000, 0.000000000000000000, -1.000000000000000000 ) ) ;
#1467 = VERTEX_POINT ( 'NONE', #1140 ) ;
#1468 =( NAMED_UNIT ( * ) PLANE_ANGLE_UNIT ( ) SI_UNIT ( $, .RADIAN. ) );
#1469 = ORIENTED_EDGE ( 'NONE', *, *, #506, .F. ) ;
#1470 = CARTESIAN_POINT ( 'NONE',  ( 0.01636306817195355007, 0.01799999999999999864, 0.09550000000000000155 ) ) ;
#1471 = CIRCLE ( 'NONE', #1038, 0.01799999999999999864 ) ;
#1472 = AXIS2_PLACEMENT_3D ( 'NONE', #604, #1560, #733 ) ;
#1473 = AXIS2_PLACEMENT_3D ( 'NONE', #1139, #744, #1158 ) ;
#1474 = EDGE_CURVE ( 'NONE', #1677, #1408, #344, .T. ) ;
#1475 = CARTESIAN_POINT ( 'NONE',  ( 0.01899999999999999953, 0.06800000000000000488, 0.08050000000000000211 ) ) ;
#1476 = VECTOR ( 'NONE', #43, 1.000000000000000000 ) ;
#1477 = FACE_OUTER_BOUND ( 'NONE', #1186, .T. ) ;
#1478 = DIRECTION ( 'NONE',  ( 0.000000000000000000, 0.000000000000000000, 1.000000000000000000 ) ) ;
#1479 = ORIENTED_EDGE ( 'NONE', *, *, #1627, .T. ) ;
#1480 = AXIS2_PLACEMENT_3D ( 'NONE', #1196, #82, #385 ) ;
#1481 = ORIENTED_EDGE ( 'NONE', *, *, #472, .F. ) ;
#1482 = LINE ( 'NONE', #1326, #612 ) ;
#1483 = FACE_OUTER_BOUND ( 'NONE', #1377, .T. ) ;
#1484 = EDGE_LOOP ( 'NONE', ( #642, #888, #75, #1668, #783, #470 ) ) ;
#1485 = ADVANCED_FACE ( 'NONE', ( #1001 ), #38, .F. ) ;
#1486 = FACE_OUTER_BOUND ( 'NONE', #789, .T. ) ;
#1487 = ORIENTED_EDGE ( 'NONE', *, *, #233, .T. ) ;
#1488 = ORIENTED_EDGE ( 'NONE', *, *, #1664, .F. ) ;
#1489 = CARTESIAN_POINT ( 'NONE',  ( -0.01899999999999999953, 0.01799999999999999864, 0.000000000000000000 ) ) ;
#1490 = CYLINDRICAL_SURFACE ( 'NONE', #1241, 0.01799999999999999864 ) ;
#1491 = EDGE_LOOP ( 'NONE', ( #1605, #89, #366 ) ) ;
#1492 = CARTESIAN_POINT ( 'NONE',  ( 0.000000000000000000, 0.1049999999999999961, 0.08799999999999999489 ) ) ;
#1493 = ORIENTED_EDGE ( 'NONE', *, *, #1120, .F. ) ;
#1494 = ADVANCED_FACE ( 'NONE', ( #1551 ), #55, .T. ) ;
#1495 = VERTEX_POINT ( 'NONE', #1148 ) ;
#1496 = DIRECTION ( 'NONE',  ( 0.000000000000000000, 0.000000000000000000, 1.000000000000000000 ) ) ;
#1497 = AXIS2_PLACEMENT_3D ( 'NONE', #554, #166, #1667 ) ;
#1498 = DIRECTION ( 'NONE',  ( 0.000000000000000000, 0.000000000000000000, -1.000000000000000000 ) ) ;
#1499 = AXIS2_PLACEMENT_3D ( 'NONE', #1132, #1398, #721 ) ;
#1500 = ORIENTED_EDGE ( 'NONE', *, *, #1403, .T. ) ;
#1501 = CIRCLE ( 'NONE', #1738, 0.05249999999999999806 ) ;
#1502 = DIRECTION ( 'NONE',  ( 0.000000000000000000, 1.000000000000000000, 0.000000000000000000 ) ) ;
#1503 = EDGE_LOOP ( 'NONE', ( #1004, #713, #673, #439 ) ) ;
#1504 = CARTESIAN_POINT ( 'NONE',  ( 0.000000000000000000, 0.1069999999999999979, 0.05899999999999999689 ) ) ;
#1505 = EDGE_CURVE ( 'NONE', #373, #794, #640, .T. ) ;
#1506 = CARTESIAN_POINT ( 'NONE',  ( 0.01899999999999999953, -2.650657471292559897E-17, 0.09550000000000000155 ) ) ;
#1507 = LINE ( 'NONE', #1533, #227 ) ;
#1508 = ORIENTED_EDGE ( 'NONE', *, *, #1008, .F. ) ;
#1509 = DIRECTION ( 'NONE',  ( 0.000000000000000000, 1.000000000000000000, 0.000000000000000000 ) ) ;
#1510 = ORIENTED_EDGE ( 'NONE', *, *, #58, .F. ) ;
#1511 = ORIENTED_EDGE ( 'NONE', *, *, #1008, .T. ) ;
#1512 = CYLINDRICAL_SURFACE ( 'NONE', #26, 0.007000000000002448708 ) ;
#1513 = CARTESIAN_POINT ( 'NONE',  ( -0.01951650429449579977, 0.02651650429449664906, 0.01499999999999999944 ) ) ;
#1514 = EDGE_CURVE ( 'NONE', #534, #989, #146, .T. ) ;
#1515 = CARTESIAN_POINT ( 'NONE',  ( -0.01499999999999999944, -0.01799999999999999864, 0.07599802425699700437 ) ) ;
#1516 = EDGE_CURVE ( 'NONE', #1252, #1316, #1099, .T. ) ;
#1517 = DIRECTION ( 'NONE',  ( 1.000000000000000000, 0.000000000000000000, 0.000000000000000000 ) ) ;
#1518 = CARTESIAN_POINT ( 'NONE',  ( -0.02900000000000000147, 3.551475717527324141E-18, -0.002000000000000000042 ) ) ;
#1519 = ORIENTED_EDGE ( 'NONE', *, *, #1180, .T. ) ;
#1520 = DIRECTION ( 'NONE',  ( 0.000000000000000000, 0.000000000000000000, 1.000000000000000000 ) ) ;
#1521 = DIRECTION ( 'NONE',  ( 0.000000000000000000, 0.000000000000000000, 1.000000000000000000 ) ) ;
#1522 = LINE ( 'NONE', #703, #778 ) ;
#1523 = CIRCLE ( 'NONE', #1679, 0.05249999999999999806 ) ;
#1524 = EDGE_CURVE ( 'NONE', #492, #1267, #1102, .T. ) ;
#1525 = DIRECTION ( 'NONE',  ( 0.000000000000000000, 0.000000000000000000, -1.000000000000000000 ) ) ;
#1526 = AXIS2_PLACEMENT_3D ( 'NONE', #452, #1000, #1550 ) ;
#1527 = EDGE_LOOP ( 'NONE', ( #1585, #1374, #799, #886, #1751, #969 ) ) ;
#1528 = CIRCLE ( 'NONE', #434, 0.01799999999999999864 ) ;
#1529 = VECTOR ( 'NONE', #339, 1.000000000000000000 ) ;
#1530 = AXIS2_PLACEMENT_3D ( 'NONE', #1, #1134, #986 ) ;
#1531 = ORIENTED_EDGE ( 'NONE', *, *, #528, .F. ) ;
#1532 = FACE_OUTER_BOUND ( 'NONE', #1491, .T. ) ;
#1533 = CARTESIAN_POINT ( 'NONE',  ( 0.05249999999999999806, 6.429395695523600116E-18, 0.01499999999999999944 ) ) ;
#1534 = FACE_BOUND ( 'NONE', #843, .T. ) ;
#1535 = DIRECTION ( 'NONE',  ( -0.7071067811865430208, 0.000000000000000000, -0.7071067811865520136 ) ) ;
#1536 = EDGE_CURVE ( 'NONE', #1235, #754, #523, .T. ) ;
#1537 = EDGE_CURVE ( 'NONE', #212, #739, #567, .T. ) ;
#1538 = ORIENTED_EDGE ( 'NONE', *, *, #1085, .T. ) ;
#1539 = EDGE_LOOP ( 'NONE', ( #1597, #603, #565, #1732 ) ) ;
#1540 = DIRECTION ( 'NONE',  ( -1.000000000000000000, 0.000000000000000000, 0.000000000000000000 ) ) ;
#1541 = CARTESIAN_POINT ( 'NONE',  ( 0.01054415587728428985, 0.01800000000000001252, 0.06999999999999993727 ) ) ;
#1542 = DIRECTION ( 'NONE',  ( 0.000000000000000000, -1.000000000000000000, 0.000000000000000000 ) ) ;
#1543 = DIRECTION ( 'NONE',  ( 1.000000000000000000, 0.000000000000000000, 0.000000000000000000 ) ) ;
#1544 = DIRECTION ( 'NONE',  ( -1.000000000000000000, 0.000000000000000000, 0.000000000000000000 ) ) ;
#1545 = ORIENTED_EDGE ( 'NONE', *, *, #20, .F. ) ;
#1546 = CARTESIAN_POINT ( 'NONE',  ( 0.000000000000000000, 0.08999999999999999667, 0.08799999999999999489 ) ) ;
#1547 = ORIENTED_EDGE ( 'NONE', *, *, #436, .T. ) ;
#1548 = DIRECTION ( 'NONE',  ( 0.000000000000000000, 0.000000000000000000, 1.000000000000000000 ) ) ;
#1549 = EDGE_CURVE ( 'NONE', #1400, #1278, #134, .T. ) ;
#1550 = DIRECTION ( 'NONE',  ( -1.000000000000000000, 0.000000000000000000, 0.000000000000000000 ) ) ;
#1551 = FACE_OUTER_BOUND ( 'NONE', #1344, .T. ) ;
#1552 = CARTESIAN_POINT ( 'NONE',  ( 0.02900000000000000147, 0.000000000000000000, -0.002000000000000000042 ) ) ;
#1553 = CARTESIAN_POINT ( 'NONE',  ( -0.02651650429449519883, 0.08500000000000000611, 0.05448349570550420351 ) ) ;
#1554 = ORIENTED_EDGE ( 'NONE', *, *, #592, .F. ) ;
#1555 = CIRCLE ( 'NONE', #51, 0.007000000000000006217 ) ;
#1556 = LINE ( 'NONE', #307, #435 ) ;
#1557 = ORIENTED_EDGE ( 'NONE', *, *, #556, .T. ) ;
#1558 = AXIS2_PLACEMENT_3D ( 'NONE', #1249, #992, #148 ) ;
#1559 = VECTOR ( 'NONE', #873, 1.000000000000000000 ) ;
#1560 = DIRECTION ( 'NONE',  ( 0.000000000000000000, 1.000000000000000000, 0.000000000000000000 ) ) ;
#1561 = CIRCLE ( 'NONE', #580, 0.05249999999999999112 ) ;
#1562 = EDGE_CURVE ( 'NONE', #419, #1347, #1070, .T. ) ;
#1563 = LINE ( 'NONE', #60, #83 ) ;
#1564 = FACE_OUTER_BOUND ( 'NONE', #1385, .T. ) ;
#1565 = LINE ( 'NONE', #598, #1387 ) ;
#1566 = CARTESIAN_POINT ( 'NONE',  ( 0.000000000000000000, 0.000000000000000000, -0.002000000000000000042 ) ) ;
#1567 = EDGE_LOOP ( 'NONE', ( #1508, #1730 ) ) ;
#1568 = CARTESIAN_POINT ( 'NONE',  ( -0.02651650429449519883, 0.08999999999999999667, 0.06848349570550418819 ) ) ;
#1569 = ORIENTED_EDGE ( 'NONE', *, *, #675, .T. ) ;
#1570 = DIRECTION ( 'NONE',  ( 0.000000000000000000, 1.000000000000000000, 0.000000000000000000 ) ) ;
#1571 = DIRECTION ( 'NONE',  ( 0.000000000000000000, 0.7071067811865435759, 0.7071067811865515695 ) ) ;
#1572 = EDGE_CURVE ( 'NONE', #620, #2, #112, .T. ) ;
#1573 = DIRECTION ( 'NONE',  ( 0.000000000000000000, 0.000000000000000000, -1.000000000000000000 ) ) ;
#1574 = ADVANCED_FACE ( 'NONE', ( #707 ), #1247, .F. ) ;
#1575 = EDGE_CURVE ( 'NONE', #876, #541, #169, .T. ) ;
#1576 = CARTESIAN_POINT ( 'NONE',  ( 0.02651650429449559782, 0.1049999999999999961, 0.06148349570550450116 ) ) ;
#1577 = ORIENTED_EDGE ( 'NONE', *, *, #699, .F. ) ;
#1578 = DIRECTION ( 'NONE',  ( 0.000000000000000000, 1.000000000000000000, 0.000000000000000000 ) ) ;
#1579 = VERTEX_POINT ( 'NONE', #1663 ) ;
#1580 = LINE ( 'NONE', #67, #259 ) ;
#1581 = VERTEX_POINT ( 'NONE', #441 ) ;
#1582 = DIRECTION ( 'NONE',  ( 0.000000000000000000, 0.000000000000000000, -1.000000000000000000 ) ) ;
#1583 = CARTESIAN_POINT ( 'NONE',  ( -0.01499999999999999944, -0.01799999999999999864, 0.07599802425699700437 ) ) ;
#1584 = DIRECTION ( 'NONE',  ( 1.000000000000000000, 0.000000000000000000, 0.000000000000000000 ) ) ;
#1585 = ORIENTED_EDGE ( 'NONE', *, *, #1537, .F. ) ;
#1586 = EDGE_CURVE ( 'NONE', #1227, #1184, #5, .T. ) ;
#1587 = FACE_OUTER_BOUND ( 'NONE', #1503, .T. ) ;
#1588 = CIRCLE ( 'NONE', #1644, 0.007000000000000006217 ) ;
#1589 = CARTESIAN_POINT ( 'NONE',  ( -0.01499999999999999944, -0.01799999999999999864, 0.1059980242569970033 ) ) ;
#1590 = CIRCLE ( 'NONE', #1646, 0.007000000000000006217 ) ;
#1591 = ORIENTED_EDGE ( 'NONE', *, *, #1707, .T. ) ;
#1592 = AXIS2_PLACEMENT_3D ( 'NONE', #192, #595, #631 ) ;
#1593 = CIRCLE ( 'NONE', #982, 0.007000000000000006217 ) ;
#1594 = LINE ( 'NONE', #633, #1246 ) ;
#1595 = CIRCLE ( 'NONE', #976, 0.007000000000000006217 ) ;
#1596 = CARTESIAN_POINT ( 'NONE',  ( -0.01899999999999999953, 0.06800000000000000488, 0.09550000000000000155 ) ) ;
#1597 = ORIENTED_EDGE ( 'NONE', *, *, #874, .T. ) ;
#1598 = AXIS2_PLACEMENT_3D ( 'NONE', #1734, #1570, #333 ) ;
#1599 = CARTESIAN_POINT ( 'NONE',  ( -0.01499999999999999944, -0.01799999999999999864, 0.1059980242569970033 ) ) ;
#1600 = ADVANCED_FACE ( 'NONE', ( #1532 ), #726, .T. ) ;
#1601 = DIRECTION ( 'NONE',  ( 0.000000000000000000, 1.000000000000000000, 0.000000000000000000 ) ) ;
#1602 = ORIENTED_EDGE ( 'NONE', *, *, #1759, .T. ) ;
#1603 = CARTESIAN_POINT ( 'NONE',  ( -0.01951650429449579977, -0.02651650429449439739, 0.000000000000000000 ) ) ;
#1604 = DIRECTION ( 'NONE',  ( 0.000000000000000000, 0.000000000000000000, 1.000000000000000000 ) ) ;
#1605 = ORIENTED_EDGE ( 'NONE', *, *, #1044, .F. ) ;
#1606 = CARTESIAN_POINT ( 'NONE',  ( 0.000000000000000000, 0.000000000000000000, 0.07599802425699700437 ) ) ;
#1607 = EDGE_LOOP ( 'NONE', ( #300, #512, #1061, #1293 ) ) ;
#1608 = ADVANCED_FACE ( 'NONE', ( #1269 ), #1512, .F. ) ;
#1609 = DIRECTION ( 'NONE',  ( 0.000000000000000000, 0.000000000000000000, -1.000000000000000000 ) ) ;
#1610 = CYLINDRICAL_SURFACE ( 'NONE', #464, 0.007000000000001220524 ) ;
#1611 = ORIENTED_EDGE ( 'NONE', *, *, #483, .F. ) ;
#1612 = CARTESIAN_POINT ( 'NONE',  ( 0.000000000000000000, 0.1049999999999999961, 0.03549999999999999684 ) ) ;
#1613 = ORIENTED_EDGE ( 'NONE', *, *, #872, .T. ) ;
#1614 = EDGE_LOOP ( 'NONE', ( #1545, #1145, #1745, #544 ) ) ;
#1615 = CARTESIAN_POINT ( 'NONE',  ( 0.000000000000000000, 0.08999999999999999667, 0.08799999999999999489 ) ) ;
#1616 = MECHANICAL_DESIGN_GEOMETRIC_PRESENTATION_REPRESENTATION (  '', ( #549 ), #521 ) ;
#1617 = ADVANCED_FACE ( 'NONE', ( #827, #1261, #574, #1138, #1109, #1127 ), #1681, .F. ) ;
#1618 = CIRCLE ( 'NONE', #1472, 0.007000000000000006217 ) ;
#1619 = DIRECTION ( 'NONE',  ( 0.000000000000000000, 0.000000000000000000, -1.000000000000000000 ) ) ;
#1620 = VECTOR ( 'NONE', #1421, 1.000000000000000000 ) ;
#1621 = CARTESIAN_POINT ( 'NONE',  ( 0.000000000000000000, 0.000000000000000000, 0.1250000000000000000 ) ) ;
#1622 = CARTESIAN_POINT ( 'NONE',  ( 0.000000000000000000, 0.000000000000000000, 0.000000000000000000 ) ) ;
#1623 = ORIENTED_EDGE ( 'NONE', *, *, #1201, .F. ) ;
#1624 = CIRCLE ( 'NONE', #411, 0.006999999999999999278 ) ;
#1625 = ORIENTED_EDGE ( 'NONE', *, *, #1743, .T. ) ;
#1626 = LINE ( 'NONE', #1455, #202 ) ;
#1627 = EDGE_CURVE ( 'NONE', #594, #2, #29, .T. ) ;
#1628 = CARTESIAN_POINT ( 'NONE',  ( 0.000000000000000000, 0.000000000000000000, 0.01499999999999999944 ) ) ;
#1629 = CYLINDRICAL_SURFACE ( 'NONE', #807, 0.05249999999999999806 ) ;
#1630 = EDGE_CURVE ( 'NONE', #1411, #534, #1528, .T. ) ;
#1631 = PLANE ( 'NONE',  #1409 ) ;
#1632 = VERTEX_POINT ( 'NONE', #1289 ) ;
#1633 =( NAMED_UNIT ( * ) SI_UNIT ( $, .STERADIAN. ) SOLID_ANGLE_UNIT ( ) );
#1634 = ORIENTED_EDGE ( 'NONE', *, *, #941, .F. ) ;
#1635 = DIRECTION ( 'NONE',  ( 0.000000000000000000, 1.000000000000000000, 0.000000000000000000 ) ) ;
#1636 = FACE_BOUND ( 'NONE', #73, .T. ) ;
#1637 = EDGE_LOOP ( 'NONE', ( #1569, #1333 ) ) ;
#1638 = CARTESIAN_POINT ( 'NONE',  ( 0.05249999999999999806, 6.429395695523600116E-18, 0.01499999999999999944 ) ) ;
#1639 = EDGE_CURVE ( 'NONE', #2, #620, #1011, .T. ) ;
#1640 = VERTEX_POINT ( 'NONE', #1298 ) ;
#1641 = PRODUCT_CONTEXT ( 'NONE', #1047, 'mechanical' ) ;
#1642 = EDGE_LOOP ( 'NONE', ( #330, #1557, #357, #251 ) ) ;
#1643 = CARTESIAN_POINT ( 'NONE',  ( -0.02651650429449519883, 0.08999999999999999667, 0.06148349570550420279 ) ) ;
#1644 = AXIS2_PLACEMENT_3D ( 'NONE', #8, #1509, #1259 ) ;
#1645 = LINE ( 'NONE', #407, #1648 ) ;
#1646 = AXIS2_PLACEMENT_3D ( 'NONE', #1576, #356, #337 ) ;
#1647 = EDGE_LOOP ( 'NONE', ( #1369, #1151, #960, #924 ) ) ;
#1648 = VECTOR ( 'NONE', #1711, 1.000000000000000000 ) ;
#1649 = CIRCLE ( 'NONE', #694, 0.007000000000000006217 ) ;
#1650 = DIRECTION ( 'NONE',  ( -0.000000000000000000, 1.000000000000000000, 0.000000000000000000 ) ) ;
#1651 = EDGE_LOOP ( 'NONE', ( #106, #1611, #975, #151 ) ) ;
#1652 = EDGE_CURVE ( 'NONE', #842, #557, #1561, .T. ) ;
#1653 = ORIENTED_EDGE ( 'NONE', *, *, #1098, .T. ) ;
#1654 = DIRECTION ( 'NONE',  ( 1.000000000000000000, 0.000000000000000000, 0.000000000000000000 ) ) ;
#1655 = ADVANCED_FACE ( 'NONE', ( #359 ), #879, .F. ) ;
#1656 = CARTESIAN_POINT ( 'NONE',  ( -0.02299999999999999961, 0.000000000000000000, 0.01499999999999999944 ) ) ;
#1657 = DIRECTION ( 'NONE',  ( -1.000000000000000000, 0.000000000000000000, 0.000000000000000000 ) ) ;
#1658 = CARTESIAN_POINT ( 'NONE',  ( 0.01951650429449384994, 0.02651650429449439739, 0.01499999999999999944 ) ) ;
#1659 = DIRECTION ( 'NONE',  ( 1.000000000000000000, 0.000000000000000000, 0.000000000000000000 ) ) ;
#1660 =( BOUNDED_CURVE ( )  B_SPLINE_CURVE ( 3, ( #442, #174, #1541, #717 ),
 .UNSPECIFIED., .F., .F. ) 
 B_SPLINE_CURVE_WITH_KNOTS ( ( 4, 4 ),
 ( 4.712388980384689674, 6.283185307179590673 ),
 .UNSPECIFIED. ) 
 CURVE ( )  GEOMETRIC_REPRESENTATION_ITEM ( )  RATIONAL_B_SPLINE_CURVE ( ( 1.000000000000000000, 0.8047378541243649375, 0.8047378541243649375, 1.000000000000000000 ) ) 
 REPRESENTATION_ITEM ( '' )  );
#1661 = ORIENTED_EDGE ( 'NONE', *, *, #647, .T. ) ;
#1662 = ORIENTED_EDGE ( 'NONE', *, *, #493, .F. ) ;
#1663 = CARTESIAN_POINT ( 'NONE',  ( -0.02651650429449519883, 0.1049999999999999961, 0.06848349570550418819 ) ) ;
#1664 = EDGE_CURVE ( 'NONE', #492, #428, #1580, .T. ) ;
#1665 = DIRECTION ( 'NONE',  ( -1.000000000000000000, 0.000000000000000000, 0.000000000000000000 ) ) ;
#1666 = CARTESIAN_POINT ( 'NONE',  ( 0.01799999999999999864, 2.204364238465235129E-18, 0.02000000000000000042 ) ) ;
#1667 = DIRECTION ( 'NONE',  ( 1.000000000000000000, 0.000000000000000000, 0.000000000000000000 ) ) ;
#1668 = ORIENTED_EDGE ( 'NONE', *, *, #1514, .F. ) ;
#1669 = VERTEX_POINT ( 'NONE', #1325 ) ;
#1670 = CARTESIAN_POINT ( 'NONE',  ( -0.01499999999999999944, -0.01799999999999999864, 0.1059980242569970033 ) ) ;
#1671 = PLANE ( 'NONE',  #747 ) ;
#1672 = ADVANCED_FACE ( 'NONE', ( #57 ), #623, .T. ) ;
#1673 = CARTESIAN_POINT ( 'NONE',  ( 0.03351650429449604812, -0.02651650429449664906, 0.02000000000000000042 ) ) ;
#1674 = AXIS2_PLACEMENT_3D ( 'NONE', #1226, #1502, #1478 ) ;
#1675 = CARTESIAN_POINT ( 'NONE',  ( -0.01899999999999999953, 0.01799999999999999864, 0.08050000000000000211 ) ) ;
#1676 = VECTOR ( 'NONE', #454, 1.000000000000000000 ) ;
#1677 = VERTEX_POINT ( 'NONE', #1146 ) ;
#1678 = AXIS2_PLACEMENT_3D ( 'NONE', #1313, #326, #48 ) ;
#1679 = AXIS2_PLACEMENT_3D ( 'NONE', #150, #591, #974 ) ;
#1680 = VERTEX_POINT ( 'NONE', #459 ) ;
#1681 = PLANE ( 'NONE',  #1358 ) ;
#1682 = CYLINDRICAL_SURFACE ( 'NONE', #749, 0.05249999999999999806 ) ;
#1683 = DIRECTION ( 'NONE',  ( 0.000000000000000000, 0.000000000000000000, 1.000000000000000000 ) ) ;
#1684 = FACE_BOUND ( 'NONE', #217, .T. ) ;
#1685 = ORIENTED_EDGE ( 'NONE', *, *, #1762, .T. ) ;
#1686 = EDGE_CURVE ( 'NONE', #1767, #794, #1007, .T. ) ;
#1687 = DIRECTION ( 'NONE',  ( 0.000000000000000000, 0.000000000000000000, 1.000000000000000000 ) ) ;
#1688 = ORIENTED_EDGE ( 'NONE', *, *, #199, .F. ) ;
#1689 = CARTESIAN_POINT ( 'NONE',  ( -0.03351650429449620078, 0.02651650429449664906, 0.02000000000000000042 ) ) ;
#1690 = DIRECTION ( 'NONE',  ( 1.000000000000000000, 0.000000000000000000, 0.000000000000000000 ) ) ;
#1691 = CYLINDRICAL_SURFACE ( 'NONE', #1763, 0.01800000000000000211 ) ;
#1692 = LINE ( 'NONE', #1666, #1356 ) ;
#1693 = DIRECTION ( 'NONE',  ( 0.000000000000000000, 0.000000000000000000, -1.000000000000000000 ) ) ;
#1694 = CARTESIAN_POINT ( 'NONE',  ( 0.02900000000000000147, 0.000000000000000000, 0.000000000000000000 ) ) ;
#1695 = EDGE_CURVE ( 'NONE', #903, #396, #1244, .T. ) ;
#1696 = ORIENTED_EDGE ( 'NONE', *, *, #841, .T. ) ;
#1697 = DIRECTION ( 'NONE',  ( 0.000000000000000000, 0.000000000000000000, -1.000000000000000000 ) ) ;
#1698 = CARTESIAN_POINT ( 'NONE',  ( 0.000000000000000000, 0.1049999999999999961, 0.08799999999999999489 ) ) ;
#1699 = PRODUCT ( 'O-PCF20-20', 'O-PCF20-20', '', ( #1641 ) ) ;
#1700 = DIRECTION ( 'NONE',  ( 1.000000000000000000, 0.000000000000000000, 0.000000000000000000 ) ) ;
#1701 = DIRECTION ( 'NONE',  ( 1.000000000000000000, 0.000000000000000000, 0.000000000000000000 ) ) ;
#1702 = VERTEX_POINT ( 'NONE', #213 ) ;
#1703 = VECTOR ( 'NONE', #1390, 1.000000000000000000 ) ;
#1704 = DIRECTION ( 'NONE',  ( 0.000000000000000000, 0.000000000000000000, 1.000000000000000000 ) ) ;
#1705 = AXIS2_PLACEMENT_3D ( 'NONE', #1022, #1573, #207 ) ;
#1706 = AXIS2_PLACEMENT_3D ( 'NONE', #1445, #1404, #1690 ) ;
#1707 = EDGE_CURVE ( 'NONE', #4, #1400, #1618, .T. ) ;
#1708 = AXIS2_PLACEMENT_3D ( 'NONE', #243, #657, #527 ) ;
#1709 = ADVANCED_FACE ( 'NONE', ( #1423 ), #488, .T. ) ;
#1710 = DIRECTION ( 'NONE',  ( 0.000000000000000000, 1.000000000000000000, 0.000000000000000000 ) ) ;
#1711 = DIRECTION ( 'NONE',  ( 0.000000000000000000, 0.000000000000000000, -1.000000000000000000 ) ) ;
#1712 = CARTESIAN_POINT ( 'NONE',  ( 0.01899999999999999953, 0.000000000000000000, 0.08050000000000000211 ) ) ;
#1713 = ORIENTED_EDGE ( 'NONE', *, *, #538, .T. ) ;
#1714 = LINE ( 'NONE', #740, #864 ) ;
#1715 = EDGE_LOOP ( 'NONE', ( #761, #935 ) ) ;
#1716 = DIRECTION ( 'NONE',  ( 0.000000000000000000, 0.000000000000000000, -1.000000000000000000 ) ) ;
#1717 = ORIENTED_EDGE ( 'NONE', *, *, #446, .T. ) ;
#1718 = CARTESIAN_POINT ( 'NONE',  ( 0.01636306817195355007, 0.01799999999999999864, 0.08050000000000000211 ) ) ;
#1719 = CYLINDRICAL_SURFACE ( 'NONE', #1705, 0.01799999999999999864 ) ;
#1720 = ADVANCED_FACE ( 'NONE', ( #901 ), #1185, .T. ) ;
#1721 = CARTESIAN_POINT ( 'NONE',  ( -0.02651650429449575047, 0.08500000000000000611, 0.1075165042944952049 ) ) ;
#1722 = ORIENTED_EDGE ( 'NONE', *, *, #189, .T. ) ;
#1723 = CARTESIAN_POINT ( 'NONE',  ( -0.01636306817195355007, 0.08999999999999999667, 0.09550000000000000155 ) ) ;
#1724 = EDGE_LOOP ( 'NONE', ( #1613, #318, #1228, #530, #725, #547 ) ) ;
#1725 = DIRECTION ( 'NONE',  ( 1.000000000000000000, 0.000000000000000000, 0.000000000000000000 ) ) ;
#1726 = ORIENTED_EDGE ( 'NONE', *, *, #493, .T. ) ;
#1727 = FACE_OUTER_BOUND ( 'NONE', #308, .T. ) ;
#1728 = EDGE_CURVE ( 'NONE', #1581, #1579, #1624, .T. ) ;
#1729 = FILL_AREA_STYLE ('',( #1321 ) ) ;
#1730 = ORIENTED_EDGE ( 'NONE', *, *, #367, .F. ) ;
#1731 = CARTESIAN_POINT ( 'NONE',  ( 0.000000000000000000, 0.000000000000000000, 0.01499999999999999944 ) ) ;
#1732 = ORIENTED_EDGE ( 'NONE', *, *, #971, .F. ) ;
#1733 = AXIS2_PLACEMENT_3D ( 'NONE', #1599, #358, #653 ) ;
#1734 = CARTESIAN_POINT ( 'NONE',  ( 0.000000000000000000, 0.08999999999999999667, 0.08799999999999999489 ) ) ;
#1735 = AXIS2_PLACEMENT_3D ( 'NONE', #1380, #416, #1521 ) ;
#1736 = AXIS2_PLACEMENT_3D ( 'NONE', #463, #178, #1700 ) ;
#1737 = VERTEX_POINT ( 'NONE', #1166 ) ;
#1738 = AXIS2_PLACEMENT_3D ( 'NONE', #1731, #365, #1742 ) ;
#1739 = CARTESIAN_POINT ( 'NONE',  ( -0.01636306817195355007, 0.06800000000000000488, 0.09550000000000000155 ) ) ;
#1740 = CYLINDRICAL_SURFACE ( 'NONE', #136, 0.02900000000000000147 ) ;
#1741 = ORIENTED_EDGE ( 'NONE', *, *, #728, .F. ) ;
#1742 = DIRECTION ( 'NONE',  ( 1.000000000000000000, 0.000000000000000000, 0.000000000000000000 ) ) ;
#1743 = EDGE_CURVE ( 'NONE', #1702, #129, #561, .T. ) ;
#1744 = EDGE_LOOP ( 'NONE', ( #624, #16 ) ) ;
#1745 = ORIENTED_EDGE ( 'NONE', *, *, #299, .F. ) ;
#1746 = CARTESIAN_POINT ( 'NONE',  ( 0.000000000000000000, 0.000000000000000000, 0.1239999999999999991 ) ) ;
#1747 = FACE_OUTER_BOUND ( 'NONE', #768, .T. ) ;
#1748 = EDGE_LOOP ( 'NONE', ( #1288, #342, #802, #191 ) ) ;
#1749 = DIRECTION ( 'NONE',  ( -1.000000000000000000, 0.000000000000000000, 0.000000000000000000 ) ) ;
#1750 = ADVANCED_FACE ( 'NONE', ( #1440 ), #764, .T. ) ;
#1751 = ORIENTED_EDGE ( 'NONE', *, *, #737, .T. ) ;
#1752 = CARTESIAN_POINT ( 'NONE',  ( 0.01799999999999999864, 0.000000000000000000, 0.08799999999999999489 ) ) ;
#1753 = CARTESIAN_POINT ( 'NONE',  ( 0.000000000000000000, 0.01799999999999999864, 0.07000000000000000666 ) ) ;
#1754 = ORIENTED_EDGE ( 'NONE', *, *, #399, .F. ) ;
#1755 = CARTESIAN_POINT ( 'NONE',  ( 0.03351650429449629792, 0.02651650429449439739, 0.01499999999999999944 ) ) ;
#1756 = ORIENTED_EDGE ( 'NONE', *, *, #1652, .F. ) ;
#1757 = DIRECTION ( 'NONE',  ( 0.000000000000000000, 1.000000000000000000, 0.000000000000000000 ) ) ;
#1758 = AXIS2_PLACEMENT_3D ( 'NONE', #1218, #1650, #1783 ) ;
#1759 = EDGE_CURVE ( 'NONE', #754, #1235, #324, .T. ) ;
#1760 = PLANE ( 'NONE',  #1708 ) ;
#1761 = AXIS2_PLACEMENT_3D ( 'NONE', #793, #912, #801 ) ;
#1762 = EDGE_CURVE ( 'NONE', #1461, #1278, #238, .T. ) ;
#1763 = AXIS2_PLACEMENT_3D ( 'NONE', #589, #194, #746 ) ;
#1764 = CIRCLE ( 'NONE', #925, 0.01799999999999999864 ) ;
#1765 = FACE_OUTER_BOUND ( 'NONE', #1637, .T. ) ;
#1766 = AXIS2_PLACEMENT_3D ( 'NONE', #571, #824, #1277 ) ;
#1767 = VERTEX_POINT ( 'NONE', #1504 ) ;
#1768 = CARTESIAN_POINT ( 'NONE',  ( -0.01499999999999999944, -0.009949874371066199513, 0.1250000000000000000 ) ) ;
#1769 = EDGE_LOOP ( 'NONE', ( #648, #1634 ) ) ;
#1770 = VERTEX_POINT ( 'NONE', #1350 ) ;
#1771 = DIRECTION ( 'NONE',  ( 0.000000000000000000, 1.000000000000000000, 0.000000000000000000 ) ) ;
#1772 = ADVANCED_FACE ( 'NONE', ( #1337 ), #797, .T. ) ;
#1773 = CARTESIAN_POINT ( 'NONE',  ( 0.02651650429449559782, 0.08999999999999999667, 0.06148349570550450116 ) ) ;
#1774 = ORIENTED_EDGE ( 'NONE', *, *, #90, .T. ) ;
#1775 = LINE ( 'NONE', #1768, #858 ) ;
#1776 = ORIENTED_EDGE ( 'NONE', *, *, #1133, .F. ) ;
#1777 = DIRECTION ( 'NONE',  ( 0.000000000000000000, 0.000000000000000000, 1.000000000000000000 ) ) ;
#1778 = ORIENTED_EDGE ( 'NONE', *, *, #69, .F. ) ;
#1779 = LINE ( 'NONE', #1090, #524 ) ;
#1780 = CARTESIAN_POINT ( 'NONE',  ( 2.204364238465235129E-18, 0.08500000000000000611, 0.1059999999999999970 ) ) ;
#1781 = ORIENTED_EDGE ( 'NONE', *, *, #447, .F. ) ;
#1782 = EDGE_CURVE ( 'NONE', #1579, #1581, #1164, .T. ) ;
#1783 = DIRECTION ( 'NONE',  ( 1.000000000000000000, 0.000000000000000000, 0.000000000000000000 ) ) ;
#1784 = EDGE_LOOP ( 'NONE', ( #118, #354, #1538, #181 ) ) ;
#1785 = EDGE_LOOP ( 'NONE', ( #1577, #878, #700, #868 ) ) ;
#1786 = DIRECTION ( 'NONE',  ( -1.000000000000000000, 0.000000000000000000, 0.000000000000000000 ) ) ;
#1787 = DIRECTION ( 'NONE',  ( 0.000000000000000000, 0.000000000000000000, -1.000000000000000000 ) ) ;
#1788 = AXIS2_PLACEMENT_3D ( 'NONE', #1389, #18, #1540 ) ;
#1789 = DIRECTION ( 'NONE',  ( -0.7071067811865460184, 0.000000000000000000, -0.7071067811865490160 ) ) ;
ENDSEC;
END-ISO-10303-21;
