ISO-10303-21;
HEADER;
/* Generated by software containing ST-Developer
 * from STEP Tools, Inc. (www.steptools.com) 
 */

FILE_DESCRIPTION(
/* description */ (''),
/* implementation_level */ '2;1');

FILE_NAME(
/* name */ 'PREMIUM EQS2-3000-3500 (BIM).stp',
/* time_stamp */ '2026-03-27T18:56:56+07:00',
/* author */ ('ALEXANDER'),
/* organization */ (''),
/* preprocessor_version */ 'ST-DEVELOPER v20',
/* originating_system */ 'Autodesk Inventor 2025',
/* authorisation */ '');

FILE_SCHEMA (('AUTOMOTIVE_DESIGN { 1 0 10303 214 3 1 1 }'));
ENDSEC;

DATA;
#10=MECHANICAL_DESIGN_GEOMETRIC_PRESENTATION_REPRESENTATION('',(#3508,#3509,
#3510,#3511,#3512,#3513,#3514,#3515,#3516,#3517,#3518,#3519,#3520,#3521,
#3522,#3523,#3524,#3525,#3526,#3527,#3528,#3529,#3530,#3531,#3532,#3533,
#3534,#3535,#3536,#3537,#3538,#3539,#3540,#3541,#3542,#3543,#3544,#3545,
#3546,#3547,#3548,#3549,#3550,#3551,#3552,#3553,#3554,#3555,#3556,#3557,
#3558,#3559,#3560,#3561,#3562,#3563,#3564,#3565,#3566,#3567,#3568,#3569,
#3570,#3571,#3572,#3573,#3574,#3575,#3576,#3577,#3578,#3579,#3580,#3581,
#3582,#3583,#3584,#3585,#3586,#3587,#3588,#3589,#3590,#3591,#3592,#3593,
#3594,#3595,#3596,#3597,#3598,#3599,#3600,#3601,#3602,#3603,#3604,#3605,
#3606,#3607,#3608,#3609,#3610,#3611,#3612,#3613,#3614,#3615,#3616,#3617,
#3618,#3619,#3620,#3621,#3622,#3623,#3624,#3625,#3626,#3627,#3628,#3629,
#3630,#3631,#3632,#3633,#3634,#3635,#3636,#3637,#3638,#3639,#3640,#3641,
#3642,#3643,#3644,#3645,#3646,#3647,#3648,#3649,#3650,#3651,#3652,#3653,
#3654,#3655,#3656,#3657,#3658,#3659,#3660,#3661,#3662,#3663,#3664,#3665,
#3666,#3667,#3668,#3669,#3670,#3671,#3672,#3673,#3674,#3675,#3676,#3677,
#3678,#3679,#3680,#3681,#3682,#3683,#3684,#3685,#3686,#3687,#3688,#3689,
#3690,#3691,#3692,#3693,#3694,#3695,#3696,#3697,#3698,#3699,#3700,#3701,
#3702,#3703,#3704,#3705,#3706,#3707,#3708,#3709,#3710,#3711,#3712,#3713,
#3714,#3715,#3716,#3717,#3718,#3719,#3720),#6236);
#11=APPLIED_GROUP_ASSIGNMENT(#13,(#19));
#12=APPLIED_GROUP_ASSIGNMENT(#14,(#20));
#13=GROUP('Srf1::\X2\041F0440043E043804370432043E0434043D044B0439\X0\',
$);
#14=GROUP('Srf1::\X2\041F0440043E043804370432043E0434043D044B0439\X0\_
1',$);
#15=SHAPE_REPRESENTATION_RELATIONSHIP('SRR','None',#6243,#16);
#16=ADVANCED_BREP_SHAPE_REPRESENTATION('',(#121,#122,#123,#124,#125),#6235);
#17=OPEN_SHELL('',(#3929));
#18=OPEN_SHELL('',(#3930));
#19=SHELL_BASED_SURFACE_MODEL('SRF1',(#17));
#20=SHELL_BASED_SURFACE_MODEL('SRF2',(#18));
#21=CONICAL_SURFACE('',#4148,62.5,0.785398163397449);
#22=CONICAL_SURFACE('',#4162,62.5,0.785398163397449);
#23=ELLIPSE('',#4067,48.6789587567465,38.);
#24=ELLIPSE('',#4068,48.6789587567466,38.);
#25=ELLIPSE('',#4070,48.6789587567465,38.);
#26=ELLIPSE('',#4071,48.6789587567466,38.);
#27=CYLINDRICAL_SURFACE('',#3974,225.);
#28=CYLINDRICAL_SURFACE('',#3976,225.);
#29=CYLINDRICAL_SURFACE('',#3980,228.);
#30=CYLINDRICAL_SURFACE('',#3985,228.);
#31=CYLINDRICAL_SURFACE('',#4013,8.);
#32=CYLINDRICAL_SURFACE('',#4081,225.);
#33=CYLINDRICAL_SURFACE('',#4083,225.);
#34=CYLINDRICAL_SURFACE('',#4087,228.);
#35=CYLINDRICAL_SURFACE('',#4092,228.);
#36=CYLINDRICAL_SURFACE('',#4129,45.);
#37=CYLINDRICAL_SURFACE('',#4141,45.);
#38=CYLINDRICAL_SURFACE('',#4143,38.);
#39=CYLINDRICAL_SURFACE('',#4154,90.);
#40=CYLINDRICAL_SURFACE('',#4155,38.);
#41=CYLINDRICAL_SURFACE('',#4157,38.);
#42=CYLINDRICAL_SURFACE('',#4168,90.);
#43=CYLINDRICAL_SURFACE('',#4169,38.);
#44=CYLINDRICAL_SURFACE('',#4193,8.);
#45=CYLINDRICAL_SURFACE('',#4201,8.);
#46=CYLINDRICAL_SURFACE('',#4209,8.);
#47=CYLINDRICAL_SURFACE('',#4210,38.);
#48=CYLINDRICAL_SURFACE('',#4213,38.);
#49=FACE_BOUND('',#343,.T.);
#50=FACE_BOUND('',#345,.T.);
#51=FACE_BOUND('',#367,.T.);
#52=FACE_BOUND('',#373,.T.);
#53=FACE_BOUND('',#380,.T.);
#54=FACE_BOUND('',#388,.T.);
#55=FACE_BOUND('',#395,.T.);
#56=FACE_BOUND('',#402,.T.);
#57=FACE_BOUND('',#410,.T.);
#58=FACE_BOUND('',#415,.T.);
#59=FACE_BOUND('',#417,.T.);
#60=FACE_BOUND('',#423,.T.);
#61=FACE_BOUND('',#441,.T.);
#62=FACE_BOUND('',#443,.T.);
#63=FACE_BOUND('',#444,.T.);
#64=FACE_BOUND('',#446,.T.);
#65=FACE_BOUND('',#447,.T.);
#66=FACE_BOUND('',#452,.T.);
#67=FACE_BOUND('',#482,.T.);
#68=FACE_BOUND('',#484,.T.);
#69=FACE_BOUND('',#485,.T.);
#70=FACE_BOUND('',#515,.T.);
#71=FACE_BOUND('',#518,.T.);
#72=FACE_BOUND('',#525,.T.);
#73=FACE_BOUND('',#528,.T.);
#74=FACE_BOUND('',#549,.T.);
#75=FACE_BOUND('',#557,.T.);
#76=FACE_BOUND('',#565,.T.);
#77=CIRCLE('',#3965,225.);
#78=CIRCLE('',#3966,228.);
#79=CIRCLE('',#3968,228.);
#80=CIRCLE('',#3969,225.);
#81=CIRCLE('',#3975,225.);
#82=CIRCLE('',#3977,225.);
#83=CIRCLE('',#3981,228.);
#84=CIRCLE('',#3986,228.);
#85=CIRCLE('',#3995,8.);
#86=CIRCLE('',#4007,8.);
#87=CIRCLE('',#4015,8.);
#88=CIRCLE('',#4028,8.);
#89=CIRCLE('',#4040,225.);
#90=CIRCLE('',#4041,228.);
#91=CIRCLE('',#4043,8.);
#92=CIRCLE('',#4076,228.);
#93=CIRCLE('',#4077,225.);
#94=CIRCLE('',#4082,225.);
#95=CIRCLE('',#4084,225.);
#96=CIRCLE('',#4088,228.);
#97=CIRCLE('',#4093,228.);
#98=CIRCLE('',#4123,45.);
#99=CIRCLE('',#4127,45.);
#100=CIRCLE('',#4135,45.);
#101=CIRCLE('',#4139,45.);
#102=CIRCLE('',#4144,38.);
#103=CIRCLE('',#4146,90.);
#104=CIRCLE('',#4147,38.);
#105=CIRCLE('',#4149,64.);
#106=CIRCLE('',#4150,61.);
#107=CIRCLE('',#4152,90.);
#108=CIRCLE('',#4158,38.);
#109=CIRCLE('',#4160,90.);
#110=CIRCLE('',#4161,38.);
#111=CIRCLE('',#4163,64.);
#112=CIRCLE('',#4164,61.);
#113=CIRCLE('',#4166,90.);
#114=CIRCLE('',#4187,8.);
#115=CIRCLE('',#4195,8.);
#116=CIRCLE('',#4203,8.);
#117=CIRCLE('',#4211,38.);
#118=CIRCLE('',#4212,38.);
#119=CIRCLE('',#4214,38.);
#120=CIRCLE('',#4215,38.);
#121=MANIFOLD_SOLID_BREP('\X2\04220432043504400434043E0435\X0\ \X2\04420435043B043E\X0\1',
#3931);
#122=MANIFOLD_SOLID_BREP('\X2\04220432043504400434043E0435\X0\ \X2\04420435043B043E\X0\1',
#3932);
#123=MANIFOLD_SOLID_BREP('\X2\04220432043504400434043E0435\X0\ \X2\04420435043B043E\X0\1',
#3933);
#124=MANIFOLD_SOLID_BREP('\X2\04220432043504400434043E0435\X0\ \X2\04420435043B043E\X0\1',
#3934);
#125=MANIFOLD_SOLID_BREP('\X2\04220432043504400434043E0435\X0\ \X2\04420435043B043E\X0\1',
#3935);
#126=FACE_OUTER_BOUND('',#336,.T.);
#127=FACE_OUTER_BOUND('',#337,.T.);
#128=FACE_OUTER_BOUND('',#338,.T.);
#129=FACE_OUTER_BOUND('',#339,.T.);
#130=FACE_OUTER_BOUND('',#340,.T.);
#131=FACE_OUTER_BOUND('',#341,.T.);
#132=FACE_OUTER_BOUND('',#342,.T.);
#133=FACE_OUTER_BOUND('',#344,.T.);
#134=FACE_OUTER_BOUND('',#346,.T.);
#135=FACE_OUTER_BOUND('',#347,.T.);
#136=FACE_OUTER_BOUND('',#348,.T.);
#137=FACE_OUTER_BOUND('',#349,.T.);
#138=FACE_OUTER_BOUND('',#350,.T.);
#139=FACE_OUTER_BOUND('',#351,.T.);
#140=FACE_OUTER_BOUND('',#352,.T.);
#141=FACE_OUTER_BOUND('',#353,.T.);
#142=FACE_OUTER_BOUND('',#354,.T.);
#143=FACE_OUTER_BOUND('',#355,.T.);
#144=FACE_OUTER_BOUND('',#356,.T.);
#145=FACE_OUTER_BOUND('',#357,.T.);
#146=FACE_OUTER_BOUND('',#358,.T.);
#147=FACE_OUTER_BOUND('',#359,.T.);
#148=FACE_OUTER_BOUND('',#360,.T.);
#149=FACE_OUTER_BOUND('',#361,.T.);
#150=FACE_OUTER_BOUND('',#362,.T.);
#151=FACE_OUTER_BOUND('',#363,.T.);
#152=FACE_OUTER_BOUND('',#364,.T.);
#153=FACE_OUTER_BOUND('',#365,.T.);
#154=FACE_OUTER_BOUND('',#366,.T.);
#155=FACE_OUTER_BOUND('',#368,.T.);
#156=FACE_OUTER_BOUND('',#369,.T.);
#157=FACE_OUTER_BOUND('',#370,.T.);
#158=FACE_OUTER_BOUND('',#371,.T.);
#159=FACE_OUTER_BOUND('',#372,.T.);
#160=FACE_OUTER_BOUND('',#374,.T.);
#161=FACE_OUTER_BOUND('',#375,.T.);
#162=FACE_OUTER_BOUND('',#376,.T.);
#163=FACE_OUTER_BOUND('',#377,.T.);
#164=FACE_OUTER_BOUND('',#378,.T.);
#165=FACE_OUTER_BOUND('',#379,.T.);
#166=FACE_OUTER_BOUND('',#381,.T.);
#167=FACE_OUTER_BOUND('',#382,.T.);
#168=FACE_OUTER_BOUND('',#383,.T.);
#169=FACE_OUTER_BOUND('',#384,.T.);
#170=FACE_OUTER_BOUND('',#385,.T.);
#171=FACE_OUTER_BOUND('',#386,.T.);
#172=FACE_OUTER_BOUND('',#387,.T.);
#173=FACE_OUTER_BOUND('',#389,.T.);
#174=FACE_OUTER_BOUND('',#390,.T.);
#175=FACE_OUTER_BOUND('',#391,.T.);
#176=FACE_OUTER_BOUND('',#392,.T.);
#177=FACE_OUTER_BOUND('',#393,.T.);
#178=FACE_OUTER_BOUND('',#394,.T.);
#179=FACE_OUTER_BOUND('',#396,.T.);
#180=FACE_OUTER_BOUND('',#397,.T.);
#181=FACE_OUTER_BOUND('',#398,.T.);
#182=FACE_OUTER_BOUND('',#399,.T.);
#183=FACE_OUTER_BOUND('',#400,.T.);
#184=FACE_OUTER_BOUND('',#401,.T.);
#185=FACE_OUTER_BOUND('',#403,.T.);
#186=FACE_OUTER_BOUND('',#404,.T.);
#187=FACE_OUTER_BOUND('',#405,.T.);
#188=FACE_OUTER_BOUND('',#406,.T.);
#189=FACE_OUTER_BOUND('',#407,.T.);
#190=FACE_OUTER_BOUND('',#408,.T.);
#191=FACE_OUTER_BOUND('',#409,.T.);
#192=FACE_OUTER_BOUND('',#411,.T.);
#193=FACE_OUTER_BOUND('',#412,.T.);
#194=FACE_OUTER_BOUND('',#413,.T.);
#195=FACE_OUTER_BOUND('',#414,.T.);
#196=FACE_OUTER_BOUND('',#416,.T.);
#197=FACE_OUTER_BOUND('',#418,.T.);
#198=FACE_OUTER_BOUND('',#419,.T.);
#199=FACE_OUTER_BOUND('',#420,.T.);
#200=FACE_OUTER_BOUND('',#421,.T.);
#201=FACE_OUTER_BOUND('',#422,.T.);
#202=FACE_OUTER_BOUND('',#424,.T.);
#203=FACE_OUTER_BOUND('',#425,.T.);
#204=FACE_OUTER_BOUND('',#426,.T.);
#205=FACE_OUTER_BOUND('',#427,.T.);
#206=FACE_OUTER_BOUND('',#428,.T.);
#207=FACE_OUTER_BOUND('',#429,.T.);
#208=FACE_OUTER_BOUND('',#430,.T.);
#209=FACE_OUTER_BOUND('',#431,.T.);
#210=FACE_OUTER_BOUND('',#432,.T.);
#211=FACE_OUTER_BOUND('',#433,.T.);
#212=FACE_OUTER_BOUND('',#434,.T.);
#213=FACE_OUTER_BOUND('',#435,.T.);
#214=FACE_OUTER_BOUND('',#436,.T.);
#215=FACE_OUTER_BOUND('',#437,.T.);
#216=FACE_OUTER_BOUND('',#438,.T.);
#217=FACE_OUTER_BOUND('',#439,.T.);
#218=FACE_OUTER_BOUND('',#440,.T.);
#219=FACE_OUTER_BOUND('',#442,.T.);
#220=FACE_OUTER_BOUND('',#445,.T.);
#221=FACE_OUTER_BOUND('',#448,.T.);
#222=FACE_OUTER_BOUND('',#449,.T.);
#223=FACE_OUTER_BOUND('',#450,.T.);
#224=FACE_OUTER_BOUND('',#451,.T.);
#225=FACE_OUTER_BOUND('',#453,.T.);
#226=FACE_OUTER_BOUND('',#454,.T.);
#227=FACE_OUTER_BOUND('',#455,.T.);
#228=FACE_OUTER_BOUND('',#456,.T.);
#229=FACE_OUTER_BOUND('',#457,.T.);
#230=FACE_OUTER_BOUND('',#458,.T.);
#231=FACE_OUTER_BOUND('',#459,.T.);
#232=FACE_OUTER_BOUND('',#460,.T.);
#233=FACE_OUTER_BOUND('',#461,.T.);
#234=FACE_OUTER_BOUND('',#462,.T.);
#235=FACE_OUTER_BOUND('',#463,.T.);
#236=FACE_OUTER_BOUND('',#464,.T.);
#237=FACE_OUTER_BOUND('',#465,.T.);
#238=FACE_OUTER_BOUND('',#466,.T.);
#239=FACE_OUTER_BOUND('',#467,.T.);
#240=FACE_OUTER_BOUND('',#468,.T.);
#241=FACE_OUTER_BOUND('',#469,.T.);
#242=FACE_OUTER_BOUND('',#470,.T.);
#243=FACE_OUTER_BOUND('',#471,.T.);
#244=FACE_OUTER_BOUND('',#472,.T.);
#245=FACE_OUTER_BOUND('',#473,.T.);
#246=FACE_OUTER_BOUND('',#474,.T.);
#247=FACE_OUTER_BOUND('',#475,.T.);
#248=FACE_OUTER_BOUND('',#476,.T.);
#249=FACE_OUTER_BOUND('',#477,.T.);
#250=FACE_OUTER_BOUND('',#478,.T.);
#251=FACE_OUTER_BOUND('',#479,.T.);
#252=FACE_OUTER_BOUND('',#480,.T.);
#253=FACE_OUTER_BOUND('',#481,.T.);
#254=FACE_OUTER_BOUND('',#483,.T.);
#255=FACE_OUTER_BOUND('',#486,.T.);
#256=FACE_OUTER_BOUND('',#487,.T.);
#257=FACE_OUTER_BOUND('',#488,.T.);
#258=FACE_OUTER_BOUND('',#489,.T.);
#259=FACE_OUTER_BOUND('',#490,.T.);
#260=FACE_OUTER_BOUND('',#491,.T.);
#261=FACE_OUTER_BOUND('',#492,.T.);
#262=FACE_OUTER_BOUND('',#493,.T.);
#263=FACE_OUTER_BOUND('',#494,.T.);
#264=FACE_OUTER_BOUND('',#495,.T.);
#265=FACE_OUTER_BOUND('',#496,.T.);
#266=FACE_OUTER_BOUND('',#497,.T.);
#267=FACE_OUTER_BOUND('',#498,.T.);
#268=FACE_OUTER_BOUND('',#499,.T.);
#269=FACE_OUTER_BOUND('',#500,.T.);
#270=FACE_OUTER_BOUND('',#501,.T.);
#271=FACE_OUTER_BOUND('',#502,.T.);
#272=FACE_OUTER_BOUND('',#503,.T.);
#273=FACE_OUTER_BOUND('',#504,.T.);
#274=FACE_OUTER_BOUND('',#505,.T.);
#275=FACE_OUTER_BOUND('',#506,.T.);
#276=FACE_OUTER_BOUND('',#507,.T.);
#277=FACE_OUTER_BOUND('',#508,.T.);
#278=FACE_OUTER_BOUND('',#509,.T.);
#279=FACE_OUTER_BOUND('',#510,.T.);
#280=FACE_OUTER_BOUND('',#511,.T.);
#281=FACE_OUTER_BOUND('',#512,.T.);
#282=FACE_OUTER_BOUND('',#513,.T.);
#283=FACE_OUTER_BOUND('',#514,.T.);
#284=FACE_OUTER_BOUND('',#516,.T.);
#285=FACE_OUTER_BOUND('',#517,.T.);
#286=FACE_OUTER_BOUND('',#519,.T.);
#287=FACE_OUTER_BOUND('',#520,.T.);
#288=FACE_OUTER_BOUND('',#521,.T.);
#289=FACE_OUTER_BOUND('',#522,.T.);
#290=FACE_OUTER_BOUND('',#523,.T.);
#291=FACE_OUTER_BOUND('',#524,.T.);
#292=FACE_OUTER_BOUND('',#526,.T.);
#293=FACE_OUTER_BOUND('',#527,.T.);
#294=FACE_OUTER_BOUND('',#529,.T.);
#295=FACE_OUTER_BOUND('',#530,.T.);
#296=FACE_OUTER_BOUND('',#531,.T.);
#297=FACE_OUTER_BOUND('',#532,.T.);
#298=FACE_OUTER_BOUND('',#533,.T.);
#299=FACE_OUTER_BOUND('',#534,.T.);
#300=FACE_OUTER_BOUND('',#535,.T.);
#301=FACE_OUTER_BOUND('',#536,.T.);
#302=FACE_OUTER_BOUND('',#537,.T.);
#303=FACE_OUTER_BOUND('',#538,.T.);
#304=FACE_OUTER_BOUND('',#539,.T.);
#305=FACE_OUTER_BOUND('',#540,.T.);
#306=FACE_OUTER_BOUND('',#541,.T.);
#307=FACE_OUTER_BOUND('',#542,.T.);
#308=FACE_OUTER_BOUND('',#543,.T.);
#309=FACE_OUTER_BOUND('',#544,.T.);
#310=FACE_OUTER_BOUND('',#545,.T.);
#311=FACE_OUTER_BOUND('',#546,.T.);
#312=FACE_OUTER_BOUND('',#547,.T.);
#313=FACE_OUTER_BOUND('',#548,.T.);
#314=FACE_OUTER_BOUND('',#550,.T.);
#315=FACE_OUTER_BOUND('',#551,.T.);
#316=FACE_OUTER_BOUND('',#552,.T.);
#317=FACE_OUTER_BOUND('',#553,.T.);
#318=FACE_OUTER_BOUND('',#554,.T.);
#319=FACE_OUTER_BOUND('',#555,.T.);
#320=FACE_OUTER_BOUND('',#556,.T.);
#321=FACE_OUTER_BOUND('',#558,.T.);
#322=FACE_OUTER_BOUND('',#559,.T.);
#323=FACE_OUTER_BOUND('',#560,.T.);
#324=FACE_OUTER_BOUND('',#561,.T.);
#325=FACE_OUTER_BOUND('',#562,.T.);
#326=FACE_OUTER_BOUND('',#563,.T.);
#327=FACE_OUTER_BOUND('',#564,.T.);
#328=FACE_OUTER_BOUND('',#566,.T.);
#329=FACE_OUTER_BOUND('',#567,.T.);
#330=FACE_OUTER_BOUND('',#568,.T.);
#331=FACE_OUTER_BOUND('',#569,.T.);
#332=FACE_OUTER_BOUND('',#570,.T.);
#333=FACE_OUTER_BOUND('',#571,.T.);
#334=FACE_OUTER_BOUND('',#572,.T.);
#335=FACE_OUTER_BOUND('',#573,.T.);
#336=EDGE_LOOP('',(#2318,#2319,#2320,#2321));
#337=EDGE_LOOP('',(#2322,#2323,#2324,#2325));
#338=EDGE_LOOP('',(#2326,#2327,#2328,#2329));
#339=EDGE_LOOP('',(#2330,#2331,#2332,#2333));
#340=EDGE_LOOP('',(#2334,#2335,#2336,#2337));
#341=EDGE_LOOP('',(#2338,#2339,#2340,#2341));
#342=EDGE_LOOP('',(#2342,#2343,#2344,#2345));
#343=EDGE_LOOP('',(#2346,#2347,#2348,#2349));
#344=EDGE_LOOP('',(#2350,#2351,#2352,#2353));
#345=EDGE_LOOP('',(#2354,#2355,#2356,#2357));
#346=EDGE_LOOP('',(#2358,#2359,#2360,#2361));
#347=EDGE_LOOP('',(#2362,#2363,#2364,#2365));
#348=EDGE_LOOP('',(#2366,#2367,#2368,#2369));
#349=EDGE_LOOP('',(#2370,#2371,#2372,#2373));
#350=EDGE_LOOP('',(#2374,#2375,#2376,#2377));
#351=EDGE_LOOP('',(#2378,#2379,#2380,#2381));
#352=EDGE_LOOP('',(#2382,#2383,#2384,#2385));
#353=EDGE_LOOP('',(#2386,#2387,#2388,#2389));
#354=EDGE_LOOP('',(#2390,#2391,#2392,#2393));
#355=EDGE_LOOP('',(#2394,#2395,#2396,#2397));
#356=EDGE_LOOP('',(#2398,#2399,#2400,#2401));
#357=EDGE_LOOP('',(#2402,#2403,#2404,#2405));
#358=EDGE_LOOP('',(#2406,#2407,#2408,#2409));
#359=EDGE_LOOP('',(#2410,#2411,#2412,#2413));
#360=EDGE_LOOP('',(#2414,#2415,#2416,#2417));
#361=EDGE_LOOP('',(#2418,#2419,#2420,#2421));
#362=EDGE_LOOP('',(#2422,#2423,#2424,#2425));
#363=EDGE_LOOP('',(#2426,#2427,#2428,#2429));
#364=EDGE_LOOP('',(#2430,#2431,#2432,#2433));
#365=EDGE_LOOP('',(#2434,#2435,#2436,#2437));
#366=EDGE_LOOP('',(#2438,#2439,#2440,#2441));
#367=EDGE_LOOP('',(#2442));
#368=EDGE_LOOP('',(#2443,#2444,#2445,#2446));
#369=EDGE_LOOP('',(#2447,#2448,#2449,#2450));
#370=EDGE_LOOP('',(#2451,#2452,#2453,#2454));
#371=EDGE_LOOP('',(#2455,#2456,#2457,#2458));
#372=EDGE_LOOP('',(#2459,#2460,#2461,#2462));
#373=EDGE_LOOP('',(#2463,#2464,#2465,#2466));
#374=EDGE_LOOP('',(#2467,#2468,#2469,#2470));
#375=EDGE_LOOP('',(#2471,#2472,#2473,#2474));
#376=EDGE_LOOP('',(#2475,#2476,#2477,#2478));
#377=EDGE_LOOP('',(#2479,#2480,#2481,#2482));
#378=EDGE_LOOP('',(#2483,#2484,#2485,#2486));
#379=EDGE_LOOP('',(#2487,#2488,#2489,#2490));
#380=EDGE_LOOP('',(#2491));
#381=EDGE_LOOP('',(#2492,#2493,#2494,#2495));
#382=EDGE_LOOP('',(#2496,#2497,#2498,#2499));
#383=EDGE_LOOP('',(#2500,#2501,#2502,#2503));
#384=EDGE_LOOP('',(#2504,#2505,#2506,#2507));
#385=EDGE_LOOP('',(#2508,#2509,#2510,#2511));
#386=EDGE_LOOP('',(#2512,#2513,#2514,#2515));
#387=EDGE_LOOP('',(#2516,#2517,#2518,#2519));
#388=EDGE_LOOP('',(#2520));
#389=EDGE_LOOP('',(#2521,#2522,#2523,#2524));
#390=EDGE_LOOP('',(#2525,#2526,#2527,#2528));
#391=EDGE_LOOP('',(#2529,#2530,#2531,#2532));
#392=EDGE_LOOP('',(#2533,#2534,#2535,#2536));
#393=EDGE_LOOP('',(#2537,#2538,#2539,#2540));
#394=EDGE_LOOP('',(#2541,#2542,#2543,#2544));
#395=EDGE_LOOP('',(#2545,#2546,#2547,#2548));
#396=EDGE_LOOP('',(#2549,#2550,#2551,#2552,#2553));
#397=EDGE_LOOP('',(#2554,#2555,#2556,#2557));
#398=EDGE_LOOP('',(#2558,#2559,#2560,#2561,#2562));
#399=EDGE_LOOP('',(#2563,#2564,#2565,#2566));
#400=EDGE_LOOP('',(#2567,#2568,#2569,#2570,#2571,#2572,#2573,#2574,#2575,
#2576,#2577,#2578));
#401=EDGE_LOOP('',(#2579,#2580,#2581,#2582));
#402=EDGE_LOOP('',(#2583));
#403=EDGE_LOOP('',(#2584,#2585,#2586,#2587));
#404=EDGE_LOOP('',(#2588,#2589,#2590,#2591));
#405=EDGE_LOOP('',(#2592,#2593,#2594,#2595));
#406=EDGE_LOOP('',(#2596,#2597,#2598,#2599));
#407=EDGE_LOOP('',(#2600,#2601,#2602,#2603));
#408=EDGE_LOOP('',(#2604,#2605,#2606,#2607,#2608,#2609));
#409=EDGE_LOOP('',(#2610,#2611,#2612,#2613));
#410=EDGE_LOOP('',(#2614,#2615,#2616,#2617));
#411=EDGE_LOOP('',(#2618,#2619,#2620,#2621,#2622,#2623));
#412=EDGE_LOOP('',(#2624,#2625,#2626,#2627));
#413=EDGE_LOOP('',(#2628,#2629,#2630,#2631,#2632,#2633));
#414=EDGE_LOOP('',(#2634,#2635,#2636,#2637,#2638,#2639,#2640,#2641,#2642,
#2643,#2644,#2645));
#415=EDGE_LOOP('',(#2646,#2647,#2648,#2649));
#416=EDGE_LOOP('',(#2650,#2651,#2652,#2653));
#417=EDGE_LOOP('',(#2654));
#418=EDGE_LOOP('',(#2655,#2656,#2657,#2658));
#419=EDGE_LOOP('',(#2659,#2660,#2661,#2662));
#420=EDGE_LOOP('',(#2663,#2664,#2665,#2666));
#421=EDGE_LOOP('',(#2667,#2668,#2669,#2670));
#422=EDGE_LOOP('',(#2671,#2672,#2673,#2674));
#423=EDGE_LOOP('',(#2675,#2676,#2677,#2678));
#424=EDGE_LOOP('',(#2679,#2680,#2681,#2682));
#425=EDGE_LOOP('',(#2683,#2684,#2685,#2686));
#426=EDGE_LOOP('',(#2687,#2688,#2689,#2690));
#427=EDGE_LOOP('',(#2691,#2692,#2693,#2694,#2695,#2696,#2697,#2698,#2699,
#2700,#2701,#2702,#2703,#2704,#2705,#2706,#2707,#2708,#2709,#2710,#2711));
#428=EDGE_LOOP('',(#2712,#2713,#2714,#2715,#2716,#2717,#2718));
#429=EDGE_LOOP('',(#2719,#2720,#2721,#2722,#2723,#2724));
#430=EDGE_LOOP('',(#2725,#2726,#2727,#2728));
#431=EDGE_LOOP('',(#2729,#2730,#2731,#2732,#2733,#2734,#2735,#2736));
#432=EDGE_LOOP('',(#2737,#2738,#2739,#2740));
#433=EDGE_LOOP('',(#2741,#2742,#2743,#2744));
#434=EDGE_LOOP('',(#2745,#2746,#2747,#2748));
#435=EDGE_LOOP('',(#2749,#2750,#2751,#2752));
#436=EDGE_LOOP('',(#2753,#2754,#2755,#2756));
#437=EDGE_LOOP('',(#2757,#2758,#2759,#2760,#2761,#2762,#2763,#2764));
#438=EDGE_LOOP('',(#2765,#2766,#2767,#2768,#2769,#2770));
#439=EDGE_LOOP('',(#2771,#2772,#2773,#2774));
#440=EDGE_LOOP('',(#2775,#2776,#2777,#2778,#2779,#2780));
#441=EDGE_LOOP('',(#2781,#2782,#2783,#2784));
#442=EDGE_LOOP('',(#2785,#2786,#2787,#2788));
#443=EDGE_LOOP('',(#2789));
#444=EDGE_LOOP('',(#2790));
#445=EDGE_LOOP('',(#2791,#2792,#2793,#2794));
#446=EDGE_LOOP('',(#2795));
#447=EDGE_LOOP('',(#2796));
#448=EDGE_LOOP('',(#2797,#2798,#2799,#2800,#2801,#2802,#2803,#2804));
#449=EDGE_LOOP('',(#2805,#2806,#2807,#2808,#2809,#2810,#2811));
#450=EDGE_LOOP('',(#2812,#2813,#2814,#2815));
#451=EDGE_LOOP('',(#2816,#2817,#2818,#2819));
#452=EDGE_LOOP('',(#2820,#2821,#2822,#2823));
#453=EDGE_LOOP('',(#2824,#2825,#2826,#2827,#2828,#2829,#2830,#2831));
#454=EDGE_LOOP('',(#2832,#2833,#2834,#2835));
#455=EDGE_LOOP('',(#2836,#2837,#2838,#2839));
#456=EDGE_LOOP('',(#2840,#2841,#2842,#2843));
#457=EDGE_LOOP('',(#2844,#2845,#2846,#2847));
#458=EDGE_LOOP('',(#2848,#2849,#2850,#2851));
#459=EDGE_LOOP('',(#2852,#2853,#2854,#2855));
#460=EDGE_LOOP('',(#2856,#2857,#2858,#2859));
#461=EDGE_LOOP('',(#2860,#2861,#2862,#2863));
#462=EDGE_LOOP('',(#2864,#2865,#2866,#2867));
#463=EDGE_LOOP('',(#2868,#2869,#2870,#2871));
#464=EDGE_LOOP('',(#2872,#2873,#2874,#2875));
#465=EDGE_LOOP('',(#2876,#2877,#2878,#2879));
#466=EDGE_LOOP('',(#2880,#2881,#2882,#2883));
#467=EDGE_LOOP('',(#2884,#2885,#2886,#2887));
#468=EDGE_LOOP('',(#2888,#2889,#2890,#2891));
#469=EDGE_LOOP('',(#2892,#2893,#2894,#2895,#2896,#2897,#2898));
#470=EDGE_LOOP('',(#2899,#2900,#2901,#2902,#2903,#2904,#2905));
#471=EDGE_LOOP('',(#2906,#2907,#2908,#2909));
#472=EDGE_LOOP('',(#2910,#2911,#2912,#2913));
#473=EDGE_LOOP('',(#2914,#2915,#2916,#2917));
#474=EDGE_LOOP('',(#2918,#2919,#2920,#2921,#2922,#2923,#2924,#2925));
#475=EDGE_LOOP('',(#2926,#2927,#2928,#2929));
#476=EDGE_LOOP('',(#2930,#2931,#2932,#2933));
#477=EDGE_LOOP('',(#2934,#2935,#2936,#2937));
#478=EDGE_LOOP('',(#2938,#2939,#2940,#2941));
#479=EDGE_LOOP('',(#2942,#2943,#2944,#2945,#2946,#2947,#2948,#2949,#2950,
#2951,#2952));
#480=EDGE_LOOP('',(#2953,#2954,#2955,#2956));
#481=EDGE_LOOP('',(#2957,#2958,#2959,#2960,#2961,#2962,#2963,#2964,#2965));
#482=EDGE_LOOP('',(#2966,#2967,#2968,#2969));
#483=EDGE_LOOP('',(#2970,#2971,#2972,#2973,#2974,#2975,#2976,#2977,#2978,
#2979,#2980));
#484=EDGE_LOOP('',(#2981,#2982,#2983,#2984));
#485=EDGE_LOOP('',(#2985,#2986,#2987,#2988));
#486=EDGE_LOOP('',(#2989,#2990,#2991,#2992));
#487=EDGE_LOOP('',(#2993,#2994,#2995,#2996,#2997));
#488=EDGE_LOOP('',(#2998,#2999,#3000,#3001,#3002));
#489=EDGE_LOOP('',(#3003,#3004,#3005,#3006));
#490=EDGE_LOOP('',(#3007,#3008,#3009,#3010));
#491=EDGE_LOOP('',(#3011,#3012,#3013,#3014));
#492=EDGE_LOOP('',(#3015,#3016,#3017,#3018,#3019));
#493=EDGE_LOOP('',(#3020,#3021,#3022,#3023));
#494=EDGE_LOOP('',(#3024,#3025,#3026,#3027));
#495=EDGE_LOOP('',(#3028,#3029,#3030,#3031));
#496=EDGE_LOOP('',(#3032,#3033,#3034,#3035));
#497=EDGE_LOOP('',(#3036,#3037,#3038,#3039));
#498=EDGE_LOOP('',(#3040,#3041,#3042,#3043));
#499=EDGE_LOOP('',(#3044,#3045,#3046,#3047));
#500=EDGE_LOOP('',(#3048,#3049,#3050,#3051));
#501=EDGE_LOOP('',(#3052,#3053,#3054,#3055));
#502=EDGE_LOOP('',(#3056,#3057,#3058,#3059));
#503=EDGE_LOOP('',(#3060,#3061,#3062,#3063));
#504=EDGE_LOOP('',(#3064,#3065,#3066,#3067));
#505=EDGE_LOOP('',(#3068,#3069,#3070,#3071));
#506=EDGE_LOOP('',(#3072,#3073,#3074,#3075));
#507=EDGE_LOOP('',(#3076,#3077,#3078,#3079));
#508=EDGE_LOOP('',(#3080,#3081,#3082,#3083));
#509=EDGE_LOOP('',(#3084,#3085,#3086,#3087));
#510=EDGE_LOOP('',(#3088,#3089,#3090,#3091));
#511=EDGE_LOOP('',(#3092,#3093,#3094,#3095));
#512=EDGE_LOOP('',(#3096,#3097,#3098,#3099));
#513=EDGE_LOOP('',(#3100,#3101,#3102,#3103));
#514=EDGE_LOOP('',(#3104));
#515=EDGE_LOOP('',(#3105));
#516=EDGE_LOOP('',(#3106,#3107,#3108,#3109));
#517=EDGE_LOOP('',(#3110));
#518=EDGE_LOOP('',(#3111));
#519=EDGE_LOOP('',(#3112));
#520=EDGE_LOOP('',(#3113,#3114,#3115,#3116));
#521=EDGE_LOOP('',(#3117,#3118,#3119,#3120));
#522=EDGE_LOOP('',(#3121));
#523=EDGE_LOOP('',(#3122,#3123,#3124,#3125));
#524=EDGE_LOOP('',(#3126));
#525=EDGE_LOOP('',(#3127));
#526=EDGE_LOOP('',(#3128,#3129,#3130,#3131));
#527=EDGE_LOOP('',(#3132));
#528=EDGE_LOOP('',(#3133));
#529=EDGE_LOOP('',(#3134));
#530=EDGE_LOOP('',(#3135,#3136,#3137,#3138));
#531=EDGE_LOOP('',(#3139,#3140,#3141,#3142));
#532=EDGE_LOOP('',(#3143));
#533=EDGE_LOOP('',(#3144,#3145,#3146,#3147));
#534=EDGE_LOOP('',(#3148,#3149,#3150,#3151));
#535=EDGE_LOOP('',(#3152,#3153,#3154,#3155));
#536=EDGE_LOOP('',(#3156,#3157,#3158,#3159));
#537=EDGE_LOOP('',(#3160,#3161,#3162,#3163));
#538=EDGE_LOOP('',(#3164,#3165,#3166,#3167,#3168,#3169));
#539=EDGE_LOOP('',(#3170,#3171,#3172,#3173,#3174,#3175));
#540=EDGE_LOOP('',(#3176,#3177,#3178,#3179,#3180,#3181,#3182,#3183));
#541=EDGE_LOOP('',(#3184,#3185,#3186,#3187,#3188,#3189,#3190));
#542=EDGE_LOOP('',(#3191,#3192,#3193,#3194,#3195,#3196));
#543=EDGE_LOOP('',(#3197,#3198,#3199,#3200));
#544=EDGE_LOOP('',(#3201,#3202,#3203,#3204,#3205,#3206,#3207));
#545=EDGE_LOOP('',(#3208,#3209,#3210,#3211,#3212));
#546=EDGE_LOOP('',(#3213,#3214,#3215,#3216,#3217,#3218));
#547=EDGE_LOOP('',(#3219,#3220,#3221,#3222,#3223,#3224,#3225,#3226));
#548=EDGE_LOOP('',(#3227,#3228,#3229,#3230));
#549=EDGE_LOOP('',(#3231));
#550=EDGE_LOOP('',(#3232,#3233,#3234,#3235));
#551=EDGE_LOOP('',(#3236,#3237,#3238,#3239));
#552=EDGE_LOOP('',(#3240,#3241,#3242,#3243));
#553=EDGE_LOOP('',(#3244,#3245,#3246,#3247));
#554=EDGE_LOOP('',(#3248,#3249,#3250,#3251));
#555=EDGE_LOOP('',(#3252,#3253,#3254,#3255));
#556=EDGE_LOOP('',(#3256,#3257,#3258,#3259));
#557=EDGE_LOOP('',(#3260));
#558=EDGE_LOOP('',(#3261,#3262,#3263,#3264));
#559=EDGE_LOOP('',(#3265,#3266,#3267,#3268));
#560=EDGE_LOOP('',(#3269,#3270,#3271,#3272));
#561=EDGE_LOOP('',(#3273,#3274,#3275,#3276));
#562=EDGE_LOOP('',(#3277,#3278,#3279,#3280));
#563=EDGE_LOOP('',(#3281,#3282,#3283,#3284));
#564=EDGE_LOOP('',(#3285,#3286,#3287,#3288));
#565=EDGE_LOOP('',(#3289));
#566=EDGE_LOOP('',(#3290,#3291,#3292,#3293));
#567=EDGE_LOOP('',(#3294,#3295,#3296,#3297));
#568=EDGE_LOOP('',(#3298,#3299,#3300,#3301));
#569=EDGE_LOOP('',(#3302,#3303,#3304,#3305));
#570=EDGE_LOOP('',(#3306,#3307,#3308,#3309));
#571=EDGE_LOOP('',(#3310,#3311,#3312,#3313));
#572=EDGE_LOOP('',(#3314,#3315,#3316,#3317));
#573=EDGE_LOOP('',(#3318,#3319,#3320,#3321));
#574=LINE('',#5194,#1030);
#575=LINE('',#5196,#1031);
#576=LINE('',#5198,#1032);
#577=LINE('',#5199,#1033);
#578=LINE('',#5202,#1034);
#579=LINE('',#5204,#1035);
#580=LINE('',#5205,#1036);
#581=LINE('',#5208,#1037);
#582=LINE('',#5210,#1038);
#583=LINE('',#5211,#1039);
#584=LINE('',#5213,#1040);
#585=LINE('',#5214,#1041);
#586=LINE('',#5220,#1042);
#587=LINE('',#5222,#1043);
#588=LINE('',#5224,#1044);
#589=LINE('',#5225,#1045);
#590=LINE('',#5228,#1046);
#591=LINE('',#5232,#1047);
#592=LINE('',#5237,#1048);
#593=LINE('',#5239,#1049);
#594=LINE('',#5241,#1050);
#595=LINE('',#5242,#1051);
#596=LINE('',#5245,#1052);
#597=LINE('',#5249,#1053);
#598=LINE('',#5252,#1054);
#599=LINE('',#5253,#1055);
#600=LINE('',#5255,#1056);
#601=LINE('',#5257,#1057);
#602=LINE('',#5261,#1058);
#603=LINE('',#5264,#1059);
#604=LINE('',#5267,#1060);
#605=LINE('',#5270,#1061);
#606=LINE('',#5273,#1062);
#607=LINE('',#5274,#1063);
#608=LINE('',#5277,#1064);
#609=LINE('',#5278,#1065);
#610=LINE('',#5281,#1066);
#611=LINE('',#5284,#1067);
#612=LINE('',#5287,#1068);
#613=LINE('',#5288,#1069);
#614=LINE('',#5296,#1070);
#615=LINE('',#5298,#1071);
#616=LINE('',#5300,#1072);
#617=LINE('',#5301,#1073);
#618=LINE('',#5304,#1074);
#619=LINE('',#5306,#1075);
#620=LINE('',#5307,#1076);
#621=LINE('',#5310,#1077);
#622=LINE('',#5312,#1078);
#623=LINE('',#5313,#1079);
#624=LINE('',#5315,#1080);
#625=LINE('',#5316,#1081);
#626=LINE('',#5322,#1082);
#627=LINE('',#5324,#1083);
#628=LINE('',#5326,#1084);
#629=LINE('',#5327,#1085);
#630=LINE('',#5332,#1086);
#631=LINE('',#5334,#1087);
#632=LINE('',#5335,#1088);
#633=LINE('',#5338,#1089);
#634=LINE('',#5339,#1090);
#635=LINE('',#5342,#1091);
#636=LINE('',#5343,#1092);
#637=LINE('',#5345,#1093);
#638=LINE('',#5349,#1094);
#639=LINE('',#5351,#1095);
#640=LINE('',#5353,#1096);
#641=LINE('',#5354,#1097);
#642=LINE('',#5358,#1098);
#643=LINE('',#5360,#1099);
#644=LINE('',#5362,#1100);
#645=LINE('',#5363,#1101);
#646=LINE('',#5365,#1102);
#647=LINE('',#5366,#1103);
#648=LINE('',#5368,#1104);
#649=LINE('',#5370,#1105);
#650=LINE('',#5375,#1106);
#651=LINE('',#5377,#1107);
#652=LINE('',#5379,#1108);
#653=LINE('',#5380,#1109);
#654=LINE('',#5386,#1110);
#655=LINE('',#5388,#1111);
#656=LINE('',#5390,#1112);
#657=LINE('',#5391,#1113);
#658=LINE('',#5393,#1114);
#659=LINE('',#5394,#1115);
#660=LINE('',#5396,#1116);
#661=LINE('',#5398,#1117);
#662=LINE('',#5401,#1118);
#663=LINE('',#5405,#1119);
#664=LINE('',#5407,#1120);
#665=LINE('',#5409,#1121);
#666=LINE('',#5410,#1122);
#667=LINE('',#5415,#1123);
#668=LINE('',#5417,#1124);
#669=LINE('',#5418,#1125);
#670=LINE('',#5421,#1126);
#671=LINE('',#5422,#1127);
#672=LINE('',#5425,#1128);
#673=LINE('',#5426,#1129);
#674=LINE('',#5428,#1130);
#675=LINE('',#5432,#1131);
#676=LINE('',#5434,#1132);
#677=LINE('',#5436,#1133);
#678=LINE('',#5437,#1134);
#679=LINE('',#5441,#1135);
#680=LINE('',#5443,#1136);
#681=LINE('',#5445,#1137);
#682=LINE('',#5446,#1138);
#683=LINE('',#5448,#1139);
#684=LINE('',#5450,#1140);
#685=LINE('',#5451,#1141);
#686=LINE('',#5454,#1142);
#687=LINE('',#5455,#1143);
#688=LINE('',#5457,#1144);
#689=LINE('',#5458,#1145);
#690=LINE('',#5462,#1146);
#691=LINE('',#5464,#1147);
#692=LINE('',#5466,#1148);
#693=LINE('',#5468,#1149);
#694=LINE('',#5470,#1150);
#695=LINE('',#5472,#1151);
#696=LINE('',#5474,#1152);
#697=LINE('',#5476,#1153);
#698=LINE('',#5477,#1154);
#699=LINE('',#5481,#1155);
#700=LINE('',#5483,#1156);
#701=LINE('',#5485,#1157);
#702=LINE('',#5486,#1158);
#703=LINE('',#5491,#1159);
#704=LINE('',#5493,#1160);
#705=LINE('',#5494,#1161);
#706=LINE('',#5497,#1162);
#707=LINE('',#5498,#1163);
#708=LINE('',#5501,#1164);
#709=LINE('',#5502,#1165);
#710=LINE('',#5504,#1166);
#711=LINE('',#5507,#1167);
#712=LINE('',#5509,#1168);
#713=LINE('',#5510,#1169);
#714=LINE('',#5513,#1170);
#715=LINE('',#5515,#1171);
#716=LINE('',#5517,#1172);
#717=LINE('',#5518,#1173);
#718=LINE('',#5521,#1174);
#719=LINE('',#5522,#1175);
#720=LINE('',#5525,#1176);
#721=LINE('',#5527,#1177);
#722=LINE('',#5528,#1178);
#723=LINE('',#5530,#1179);
#724=LINE('',#5533,#1180);
#725=LINE('',#5534,#1181);
#726=LINE('',#5537,#1182);
#727=LINE('',#5539,#1183);
#728=LINE('',#5541,#1184);
#729=LINE('',#5543,#1185);
#730=LINE('',#5545,#1186);
#731=LINE('',#5547,#1187);
#732=LINE('',#5549,#1188);
#733=LINE('',#5551,#1189);
#734=LINE('',#5553,#1190);
#735=LINE('',#5554,#1191);
#736=LINE('',#5557,#1192);
#737=LINE('',#5561,#1193);
#738=LINE('',#5566,#1194);
#739=LINE('',#5568,#1195);
#740=LINE('',#5570,#1196);
#741=LINE('',#5571,#1197);
#742=LINE('',#5576,#1198);
#743=LINE('',#5578,#1199);
#744=LINE('',#5579,#1200);
#745=LINE('',#5582,#1201);
#746=LINE('',#5583,#1202);
#747=LINE('',#5586,#1203);
#748=LINE('',#5587,#1204);
#749=LINE('',#5589,#1205);
#750=LINE('',#5593,#1206);
#751=LINE('',#5595,#1207);
#752=LINE('',#5597,#1208);
#753=LINE('',#5598,#1209);
#754=LINE('',#5602,#1210);
#755=LINE('',#5603,#1211);
#756=LINE('',#5604,#1212);
#757=LINE('',#5607,#1213);
#758=LINE('',#5609,#1214);
#759=LINE('',#5610,#1215);
#760=LINE('',#5612,#1216);
#761=LINE('',#5615,#1217);
#762=LINE('',#5617,#1218);
#763=LINE('',#5619,#1219);
#764=LINE('',#5621,#1220);
#765=LINE('',#5623,#1221);
#766=LINE('',#5624,#1222);
#767=LINE('',#5626,#1223);
#768=LINE('',#5628,#1224);
#769=LINE('',#5630,#1225);
#770=LINE('',#5632,#1226);
#771=LINE('',#5634,#1227);
#772=LINE('',#5636,#1228);
#773=LINE('',#5637,#1229);
#774=LINE('',#5641,#1230);
#775=LINE('',#5643,#1231);
#776=LINE('',#5645,#1232);
#777=LINE('',#5647,#1233);
#778=LINE('',#5649,#1234);
#779=LINE('',#5651,#1235);
#780=LINE('',#5652,#1236);
#781=LINE('',#5656,#1237);
#782=LINE('',#5658,#1238);
#783=LINE('',#5660,#1239);
#784=LINE('',#5662,#1240);
#785=LINE('',#5664,#1241);
#786=LINE('',#5665,#1242);
#787=LINE('',#5669,#1243);
#788=LINE('',#5671,#1244);
#789=LINE('',#5673,#1245);
#790=LINE('',#5674,#1246);
#791=LINE('',#5678,#1247);
#792=LINE('',#5680,#1248);
#793=LINE('',#5682,#1249);
#794=LINE('',#5684,#1250);
#795=LINE('',#5686,#1251);
#796=LINE('',#5688,#1252);
#797=LINE('',#5690,#1253);
#798=LINE('',#5691,#1254);
#799=LINE('',#5694,#1255);
#800=LINE('',#5696,#1256);
#801=LINE('',#5697,#1257);
#802=LINE('',#5700,#1258);
#803=LINE('',#5702,#1259);
#804=LINE('',#5703,#1260);
#805=LINE('',#5706,#1261);
#806=LINE('',#5707,#1262);
#807=LINE('',#5710,#1263);
#808=LINE('',#5711,#1264);
#809=LINE('',#5713,#1265);
#810=LINE('',#5715,#1266);
#811=LINE('',#5716,#1267);
#812=LINE('',#5720,#1268);
#813=LINE('',#5722,#1269);
#814=LINE('',#5724,#1270);
#815=LINE('',#5726,#1271);
#816=LINE('',#5728,#1272);
#817=LINE('',#5729,#1273);
#818=LINE('',#5732,#1274);
#819=LINE('',#5734,#1275);
#820=LINE('',#5735,#1276);
#821=LINE('',#5737,#1277);
#822=LINE('',#5739,#1278);
#823=LINE('',#5740,#1279);
#824=LINE('',#5741,#1280);
#825=LINE('',#5744,#1281);
#826=LINE('',#5746,#1282);
#827=LINE('',#5748,#1283);
#828=LINE('',#5749,#1284);
#829=LINE('',#5751,#1285);
#830=LINE('',#5752,#1286);
#831=LINE('',#5760,#1287);
#832=LINE('',#5762,#1288);
#833=LINE('',#5764,#1289);
#834=LINE('',#5765,#1290);
#835=LINE('',#5771,#1291);
#836=LINE('',#5772,#1292);
#837=LINE('',#5773,#1293);
#838=LINE('',#5775,#1294);
#839=LINE('',#5776,#1295);
#840=LINE('',#5778,#1296);
#841=LINE('',#5781,#1297);
#842=LINE('',#5783,#1298);
#843=LINE('',#5784,#1299);
#844=LINE('',#5787,#1300);
#845=LINE('',#5791,#1301);
#846=LINE('',#5794,#1302);
#847=LINE('',#5795,#1303);
#848=LINE('',#5796,#1304);
#849=LINE('',#5798,#1305);
#850=LINE('',#5802,#1306);
#851=LINE('',#5805,#1307);
#852=LINE('',#5808,#1308);
#853=LINE('',#5811,#1309);
#854=LINE('',#5814,#1310);
#855=LINE('',#5815,#1311);
#856=LINE('',#5818,#1312);
#857=LINE('',#5819,#1313);
#858=LINE('',#5822,#1314);
#859=LINE('',#5825,#1315);
#860=LINE('',#5828,#1316);
#861=LINE('',#5829,#1317);
#862=LINE('',#5836,#1318);
#863=LINE('',#5837,#1319);
#864=LINE('',#5840,#1320);
#865=LINE('',#5842,#1321);
#866=LINE('',#5843,#1322);
#867=LINE('',#5847,#1323);
#868=LINE('',#5849,#1324);
#869=LINE('',#5851,#1325);
#870=LINE('',#5852,#1326);
#871=LINE('',#5856,#1327);
#872=LINE('',#5857,#1328);
#873=LINE('',#5858,#1329);
#874=LINE('',#5860,#1330);
#875=LINE('',#5861,#1331);
#876=LINE('',#5865,#1332);
#877=LINE('',#5867,#1333);
#878=LINE('',#5868,#1334);
#879=LINE('',#5869,#1335);
#880=LINE('',#5870,#1336);
#881=LINE('',#5872,#1337);
#882=LINE('',#5874,#1338);
#883=LINE('',#5878,#1339);
#884=LINE('',#5879,#1340);
#885=LINE('',#5880,#1341);
#886=LINE('',#5883,#1342);
#887=LINE('',#5884,#1343);
#888=LINE('',#5886,#1344);
#889=LINE('',#5889,#1345);
#890=LINE('',#5890,#1346);
#891=LINE('',#5892,#1347);
#892=LINE('',#5894,#1348);
#893=LINE('',#5898,#1349);
#894=LINE('',#5900,#1350);
#895=LINE('',#5901,#1351);
#896=LINE('',#5904,#1352);
#897=LINE('',#5906,#1353);
#898=LINE('',#5907,#1354);
#899=LINE('',#5908,#1355);
#900=LINE('',#5909,#1356);
#901=LINE('',#5912,#1357);
#902=LINE('',#5914,#1358);
#903=LINE('',#5916,#1359);
#904=LINE('',#5917,#1360);
#905=LINE('',#5921,#1361);
#906=LINE('',#5922,#1362);
#907=LINE('',#5923,#1363);
#908=LINE('',#5925,#1364);
#909=LINE('',#5927,#1365);
#910=LINE('',#5928,#1366);
#911=LINE('',#5929,#1367);
#912=LINE('',#5932,#1368);
#913=LINE('',#5934,#1369);
#914=LINE('',#5936,#1370);
#915=LINE('',#5937,#1371);
#916=LINE('',#5940,#1372);
#917=LINE('',#5942,#1373);
#918=LINE('',#5944,#1374);
#919=LINE('',#5945,#1375);
#920=LINE('',#5947,#1376);
#921=LINE('',#5949,#1377);
#922=LINE('',#5951,#1378);
#923=LINE('',#5955,#1379);
#924=LINE('',#5959,#1380);
#925=LINE('',#5961,#1381);
#926=LINE('',#5962,#1382);
#927=LINE('',#5965,#1383);
#928=LINE('',#5967,#1384);
#929=LINE('',#5968,#1385);
#930=LINE('',#5971,#1386);
#931=LINE('',#5972,#1387);
#932=LINE('',#5976,#1388);
#933=LINE('',#5979,#1389);
#934=LINE('',#5980,#1390);
#935=LINE('',#5982,#1391);
#936=LINE('',#5985,#1392);
#937=LINE('',#5989,#1393);
#938=LINE('',#5993,#1394);
#939=LINE('',#5995,#1395);
#940=LINE('',#5996,#1396);
#941=LINE('',#5999,#1397);
#942=LINE('',#6001,#1398);
#943=LINE('',#6002,#1399);
#944=LINE('',#6005,#1400);
#945=LINE('',#6006,#1401);
#946=LINE('',#6010,#1402);
#947=LINE('',#6013,#1403);
#948=LINE('',#6014,#1404);
#949=LINE('',#6016,#1405);
#950=LINE('',#6019,#1406);
#951=LINE('',#6023,#1407);
#952=LINE('',#6027,#1408);
#953=LINE('',#6038,#1409);
#954=LINE('',#6045,#1410);
#955=LINE('',#6047,#1411);
#956=LINE('',#6051,#1412);
#957=LINE('',#6062,#1413);
#958=LINE('',#6069,#1414);
#959=LINE('',#6071,#1415);
#960=LINE('',#6074,#1416);
#961=LINE('',#6076,#1417);
#962=LINE('',#6078,#1418);
#963=LINE('',#6079,#1419);
#964=LINE('',#6081,#1420);
#965=LINE('',#6083,#1421);
#966=LINE('',#6085,#1422);
#967=LINE('',#6086,#1423);
#968=LINE('',#6089,#1424);
#969=LINE('',#6091,#1425);
#970=LINE('',#6092,#1426);
#971=LINE('',#6095,#1427);
#972=LINE('',#6097,#1428);
#973=LINE('',#6098,#1429);
#974=LINE('',#6100,#1430);
#975=LINE('',#6101,#1431);
#976=LINE('',#6106,#1432);
#977=LINE('',#6108,#1433);
#978=LINE('',#6110,#1434);
#979=LINE('',#6112,#1435);
#980=LINE('',#6114,#1436);
#981=LINE('',#6116,#1437);
#982=LINE('',#6117,#1438);
#983=LINE('',#6119,#1439);
#984=LINE('',#6120,#1440);
#985=LINE('',#6122,#1441);
#986=LINE('',#6124,#1442);
#987=LINE('',#6126,#1443);
#988=LINE('',#6128,#1444);
#989=LINE('',#6134,#1445);
#990=LINE('',#6136,#1446);
#991=LINE('',#6138,#1447);
#992=LINE('',#6139,#1448);
#993=LINE('',#6145,#1449);
#994=LINE('',#6147,#1450);
#995=LINE('',#6149,#1451);
#996=LINE('',#6150,#1452);
#997=LINE('',#6152,#1453);
#998=LINE('',#6153,#1454);
#999=LINE('',#6155,#1455);
#1000=LINE('',#6157,#1456);
#1001=LINE('',#6160,#1457);
#1002=LINE('',#6164,#1458);
#1003=LINE('',#6166,#1459);
#1004=LINE('',#6168,#1460);
#1005=LINE('',#6169,#1461);
#1006=LINE('',#6175,#1462);
#1007=LINE('',#6177,#1463);
#1008=LINE('',#6179,#1464);
#1009=LINE('',#6180,#1465);
#1010=LINE('',#6182,#1466);
#1011=LINE('',#6183,#1467);
#1012=LINE('',#6185,#1468);
#1013=LINE('',#6187,#1469);
#1014=LINE('',#6190,#1470);
#1015=LINE('',#6194,#1471);
#1016=LINE('',#6196,#1472);
#1017=LINE('',#6198,#1473);
#1018=LINE('',#6199,#1474);
#1019=LINE('',#6205,#1475);
#1020=LINE('',#6207,#1476);
#1021=LINE('',#6209,#1477);
#1022=LINE('',#6210,#1478);
#1023=LINE('',#6212,#1479);
#1024=LINE('',#6213,#1480);
#1025=LINE('',#6215,#1481);
#1026=LINE('',#6217,#1482);
#1027=LINE('',#6220,#1483);
#1028=LINE('',#6225,#1484);
#1029=LINE('',#6231,#1485);
#1030=VECTOR('',#4220,10.);
#1031=VECTOR('',#4221,10.);
#1032=VECTOR('',#4222,10.);
#1033=VECTOR('',#4223,10.);
#1034=VECTOR('',#4226,10.);
#1035=VECTOR('',#4227,10.);
#1036=VECTOR('',#4228,10.);
#1037=VECTOR('',#4231,10.);
#1038=VECTOR('',#4232,10.);
#1039=VECTOR('',#4233,10.);
#1040=VECTOR('',#4236,10.);
#1041=VECTOR('',#4237,10.);
#1042=VECTOR('',#4244,10.);
#1043=VECTOR('',#4245,10.);
#1044=VECTOR('',#4246,10.);
#1045=VECTOR('',#4247,10.);
#1046=VECTOR('',#4248,10.);
#1047=VECTOR('',#4251,10.);
#1048=VECTOR('',#4256,10.);
#1049=VECTOR('',#4257,10.);
#1050=VECTOR('',#4258,10.);
#1051=VECTOR('',#4259,10.);
#1052=VECTOR('',#4260,10.);
#1053=VECTOR('',#4263,10.);
#1054=VECTOR('',#4268,10.);
#1055=VECTOR('',#4269,10.);
#1056=VECTOR('',#4272,10.);
#1057=VECTOR('',#4275,10.);
#1058=VECTOR('',#4280,10.);
#1059=VECTOR('',#4283,10.);
#1060=VECTOR('',#4286,10.);
#1061=VECTOR('',#4289,10.);
#1062=VECTOR('',#4292,10.);
#1063=VECTOR('',#4293,10.);
#1064=VECTOR('',#4296,10.);
#1065=VECTOR('',#4297,10.);
#1066=VECTOR('',#4300,10.);
#1067=VECTOR('',#4305,10.);
#1068=VECTOR('',#4308,10.);
#1069=VECTOR('',#4309,10.);
#1070=VECTOR('',#4320,10.);
#1071=VECTOR('',#4321,10.);
#1072=VECTOR('',#4322,10.);
#1073=VECTOR('',#4323,10.);
#1074=VECTOR('',#4326,10.);
#1075=VECTOR('',#4327,10.);
#1076=VECTOR('',#4328,10.);
#1077=VECTOR('',#4331,10.);
#1078=VECTOR('',#4332,10.);
#1079=VECTOR('',#4333,10.);
#1080=VECTOR('',#4336,10.);
#1081=VECTOR('',#4337,10.);
#1082=VECTOR('',#4344,10.);
#1083=VECTOR('',#4345,10.);
#1084=VECTOR('',#4346,10.);
#1085=VECTOR('',#4347,10.);
#1086=VECTOR('',#4352,10.);
#1087=VECTOR('',#4353,10.);
#1088=VECTOR('',#4354,10.);
#1089=VECTOR('',#4357,10.);
#1090=VECTOR('',#4358,10.);
#1091=VECTOR('',#4361,10.);
#1092=VECTOR('',#4362,10.);
#1093=VECTOR('',#4365,10.);
#1094=VECTOR('',#4368,10.);
#1095=VECTOR('',#4369,10.);
#1096=VECTOR('',#4370,10.);
#1097=VECTOR('',#4371,10.);
#1098=VECTOR('',#4374,10.);
#1099=VECTOR('',#4375,10.);
#1100=VECTOR('',#4376,10.);
#1101=VECTOR('',#4377,10.);
#1102=VECTOR('',#4380,10.);
#1103=VECTOR('',#4381,10.);
#1104=VECTOR('',#4384,10.);
#1105=VECTOR('',#4387,10.);
#1106=VECTOR('',#4392,10.);
#1107=VECTOR('',#4393,10.);
#1108=VECTOR('',#4394,10.);
#1109=VECTOR('',#4395,10.);
#1110=VECTOR('',#4400,10.);
#1111=VECTOR('',#4401,10.);
#1112=VECTOR('',#4402,10.);
#1113=VECTOR('',#4403,10.);
#1114=VECTOR('',#4406,10.);
#1115=VECTOR('',#4407,10.);
#1116=VECTOR('',#4410,10.);
#1117=VECTOR('',#4413,10.);
#1118=VECTOR('',#4418,8.);
#1119=VECTOR('',#4421,10.);
#1120=VECTOR('',#4422,10.);
#1121=VECTOR('',#4423,10.);
#1122=VECTOR('',#4424,10.);
#1123=VECTOR('',#4429,10.);
#1124=VECTOR('',#4430,10.);
#1125=VECTOR('',#4431,10.);
#1126=VECTOR('',#4434,10.);
#1127=VECTOR('',#4435,10.);
#1128=VECTOR('',#4438,10.);
#1129=VECTOR('',#4439,10.);
#1130=VECTOR('',#4442,10.);
#1131=VECTOR('',#4445,10.);
#1132=VECTOR('',#4446,10.);
#1133=VECTOR('',#4447,10.);
#1134=VECTOR('',#4448,10.);
#1135=VECTOR('',#4451,10.);
#1136=VECTOR('',#4452,10.);
#1137=VECTOR('',#4453,10.);
#1138=VECTOR('',#4454,10.);
#1139=VECTOR('',#4457,10.);
#1140=VECTOR('',#4458,10.);
#1141=VECTOR('',#4459,10.);
#1142=VECTOR('',#4462,10.);
#1143=VECTOR('',#4463,10.);
#1144=VECTOR('',#4466,10.);
#1145=VECTOR('',#4467,10.);
#1146=VECTOR('',#4472,10.);
#1147=VECTOR('',#4473,10.);
#1148=VECTOR('',#4474,10.);
#1149=VECTOR('',#4475,10.);
#1150=VECTOR('',#4476,10.);
#1151=VECTOR('',#4477,10.);
#1152=VECTOR('',#4478,10.);
#1153=VECTOR('',#4479,10.);
#1154=VECTOR('',#4480,10.);
#1155=VECTOR('',#4483,10.);
#1156=VECTOR('',#4484,10.);
#1157=VECTOR('',#4485,10.);
#1158=VECTOR('',#4486,10.);
#1159=VECTOR('',#4491,10.);
#1160=VECTOR('',#4492,10.);
#1161=VECTOR('',#4493,10.);
#1162=VECTOR('',#4496,10.);
#1163=VECTOR('',#4497,10.);
#1164=VECTOR('',#4500,10.);
#1165=VECTOR('',#4501,10.);
#1166=VECTOR('',#4504,10.);
#1167=VECTOR('',#4507,10.);
#1168=VECTOR('',#4508,10.);
#1169=VECTOR('',#4509,10.);
#1170=VECTOR('',#4512,10.);
#1171=VECTOR('',#4513,10.);
#1172=VECTOR('',#4514,10.);
#1173=VECTOR('',#4515,10.);
#1174=VECTOR('',#4518,10.);
#1175=VECTOR('',#4519,10.);
#1176=VECTOR('',#4522,10.);
#1177=VECTOR('',#4523,10.);
#1178=VECTOR('',#4524,10.);
#1179=VECTOR('',#4527,10.);
#1180=VECTOR('',#4530,10.);
#1181=VECTOR('',#4531,10.);
#1182=VECTOR('',#4534,10.);
#1183=VECTOR('',#4535,10.);
#1184=VECTOR('',#4536,10.);
#1185=VECTOR('',#4537,10.);
#1186=VECTOR('',#4538,10.);
#1187=VECTOR('',#4539,10.);
#1188=VECTOR('',#4540,10.);
#1189=VECTOR('',#4541,10.);
#1190=VECTOR('',#4542,10.);
#1191=VECTOR('',#4543,10.);
#1192=VECTOR('',#4544,10.);
#1193=VECTOR('',#4547,10.);
#1194=VECTOR('',#4552,10.);
#1195=VECTOR('',#4553,10.);
#1196=VECTOR('',#4554,10.);
#1197=VECTOR('',#4555,10.);
#1198=VECTOR('',#4560,10.);
#1199=VECTOR('',#4561,10.);
#1200=VECTOR('',#4562,10.);
#1201=VECTOR('',#4565,10.);
#1202=VECTOR('',#4566,10.);
#1203=VECTOR('',#4569,10.);
#1204=VECTOR('',#4570,10.);
#1205=VECTOR('',#4573,10.);
#1206=VECTOR('',#4576,10.);
#1207=VECTOR('',#4577,10.);
#1208=VECTOR('',#4578,10.);
#1209=VECTOR('',#4579,10.);
#1210=VECTOR('',#4582,10.);
#1211=VECTOR('',#4583,10.);
#1212=VECTOR('',#4584,10.);
#1213=VECTOR('',#4587,10.);
#1214=VECTOR('',#4588,10.);
#1215=VECTOR('',#4589,10.);
#1216=VECTOR('',#4592,10.);
#1217=VECTOR('',#4595,10.);
#1218=VECTOR('',#4596,10.);
#1219=VECTOR('',#4597,10.);
#1220=VECTOR('',#4598,10.);
#1221=VECTOR('',#4599,10.);
#1222=VECTOR('',#4600,10.);
#1223=VECTOR('',#4601,10.);
#1224=VECTOR('',#4602,10.);
#1225=VECTOR('',#4603,10.);
#1226=VECTOR('',#4604,10.);
#1227=VECTOR('',#4605,10.);
#1228=VECTOR('',#4606,10.);
#1229=VECTOR('',#4607,10.);
#1230=VECTOR('',#4610,10.);
#1231=VECTOR('',#4611,10.);
#1232=VECTOR('',#4612,10.);
#1233=VECTOR('',#4613,10.);
#1234=VECTOR('',#4614,10.);
#1235=VECTOR('',#4615,10.);
#1236=VECTOR('',#4616,10.);
#1237=VECTOR('',#4619,10.);
#1238=VECTOR('',#4620,10.);
#1239=VECTOR('',#4621,10.);
#1240=VECTOR('',#4622,10.);
#1241=VECTOR('',#4623,10.);
#1242=VECTOR('',#4624,10.);
#1243=VECTOR('',#4627,10.);
#1244=VECTOR('',#4628,10.);
#1245=VECTOR('',#4629,10.);
#1246=VECTOR('',#4630,10.);
#1247=VECTOR('',#4633,10.);
#1248=VECTOR('',#4634,10.);
#1249=VECTOR('',#4635,10.);
#1250=VECTOR('',#4636,10.);
#1251=VECTOR('',#4637,10.);
#1252=VECTOR('',#4638,10.);
#1253=VECTOR('',#4639,10.);
#1254=VECTOR('',#4640,10.);
#1255=VECTOR('',#4643,10.);
#1256=VECTOR('',#4644,10.);
#1257=VECTOR('',#4645,10.);
#1258=VECTOR('',#4648,10.);
#1259=VECTOR('',#4649,10.);
#1260=VECTOR('',#4650,10.);
#1261=VECTOR('',#4653,10.);
#1262=VECTOR('',#4654,10.);
#1263=VECTOR('',#4657,10.);
#1264=VECTOR('',#4658,10.);
#1265=VECTOR('',#4661,10.);
#1266=VECTOR('',#4664,10.);
#1267=VECTOR('',#4665,10.);
#1268=VECTOR('',#4668,10.);
#1269=VECTOR('',#4669,10.);
#1270=VECTOR('',#4670,10.);
#1271=VECTOR('',#4671,10.);
#1272=VECTOR('',#4672,10.);
#1273=VECTOR('',#4673,10.);
#1274=VECTOR('',#4676,10.);
#1275=VECTOR('',#4677,10.);
#1276=VECTOR('',#4678,10.);
#1277=VECTOR('',#4681,10.);
#1278=VECTOR('',#4682,10.);
#1279=VECTOR('',#4683,10.);
#1280=VECTOR('',#4684,10.);
#1281=VECTOR('',#4685,10.);
#1282=VECTOR('',#4686,10.);
#1283=VECTOR('',#4687,10.);
#1284=VECTOR('',#4688,10.);
#1285=VECTOR('',#4691,10.);
#1286=VECTOR('',#4692,10.);
#1287=VECTOR('',#4699,10.);
#1288=VECTOR('',#4700,10.);
#1289=VECTOR('',#4701,10.);
#1290=VECTOR('',#4702,10.);
#1291=VECTOR('',#4709,10.);
#1292=VECTOR('',#4710,10.);
#1293=VECTOR('',#4711,10.);
#1294=VECTOR('',#4714,10.);
#1295=VECTOR('',#4715,10.);
#1296=VECTOR('',#4718,10.);
#1297=VECTOR('',#4721,10.);
#1298=VECTOR('',#4722,10.);
#1299=VECTOR('',#4723,10.);
#1300=VECTOR('',#4724,10.);
#1301=VECTOR('',#4727,10.);
#1302=VECTOR('',#4732,10.);
#1303=VECTOR('',#4733,10.);
#1304=VECTOR('',#4734,10.);
#1305=VECTOR('',#4737,10.);
#1306=VECTOR('',#4742,10.);
#1307=VECTOR('',#4745,10.);
#1308=VECTOR('',#4748,10.);
#1309=VECTOR('',#4751,10.);
#1310=VECTOR('',#4754,10.);
#1311=VECTOR('',#4755,10.);
#1312=VECTOR('',#4758,10.);
#1313=VECTOR('',#4759,10.);
#1314=VECTOR('',#4762,10.);
#1315=VECTOR('',#4767,10.);
#1316=VECTOR('',#4770,10.);
#1317=VECTOR('',#4771,10.);
#1318=VECTOR('',#4782,10.);
#1319=VECTOR('',#4783,10.);
#1320=VECTOR('',#4786,10.);
#1321=VECTOR('',#4787,10.);
#1322=VECTOR('',#4788,10.);
#1323=VECTOR('',#4791,10.);
#1324=VECTOR('',#4792,10.);
#1325=VECTOR('',#4793,10.);
#1326=VECTOR('',#4794,10.);
#1327=VECTOR('',#4797,10.);
#1328=VECTOR('',#4798,10.);
#1329=VECTOR('',#4799,10.);
#1330=VECTOR('',#4800,10.);
#1331=VECTOR('',#4801,10.);
#1332=VECTOR('',#4804,10.);
#1333=VECTOR('',#4805,10.);
#1334=VECTOR('',#4806,10.);
#1335=VECTOR('',#4807,10.);
#1336=VECTOR('',#4808,10.);
#1337=VECTOR('',#4811,10.);
#1338=VECTOR('',#4814,10.);
#1339=VECTOR('',#4817,10.);
#1340=VECTOR('',#4818,10.);
#1341=VECTOR('',#4819,10.);
#1342=VECTOR('',#4822,10.);
#1343=VECTOR('',#4823,10.);
#1344=VECTOR('',#4826,10.);
#1345=VECTOR('',#4829,10.);
#1346=VECTOR('',#4830,10.);
#1347=VECTOR('',#4833,10.);
#1348=VECTOR('',#4836,10.);
#1349=VECTOR('',#4841,10.);
#1350=VECTOR('',#4842,10.);
#1351=VECTOR('',#4843,10.);
#1352=VECTOR('',#4846,10.);
#1353=VECTOR('',#4847,10.);
#1354=VECTOR('',#4848,10.);
#1355=VECTOR('',#4849,10.);
#1356=VECTOR('',#4850,10.);
#1357=VECTOR('',#4851,10.);
#1358=VECTOR('',#4852,10.);
#1359=VECTOR('',#4853,10.);
#1360=VECTOR('',#4854,10.);
#1361=VECTOR('',#4857,10.);
#1362=VECTOR('',#4858,10.);
#1363=VECTOR('',#4859,10.);
#1364=VECTOR('',#4860,10.);
#1365=VECTOR('',#4861,10.);
#1366=VECTOR('',#4862,10.);
#1367=VECTOR('',#4863,10.);
#1368=VECTOR('',#4864,10.);
#1369=VECTOR('',#4865,10.);
#1370=VECTOR('',#4866,10.);
#1371=VECTOR('',#4867,10.);
#1372=VECTOR('',#4868,10.);
#1373=VECTOR('',#4869,10.);
#1374=VECTOR('',#4870,10.);
#1375=VECTOR('',#4871,10.);
#1376=VECTOR('',#4874,10.);
#1377=VECTOR('',#4877,10.);
#1378=VECTOR('',#4880,10.);
#1379=VECTOR('',#4887,10.);
#1380=VECTOR('',#4892,10.);
#1381=VECTOR('',#4893,10.);
#1382=VECTOR('',#4894,10.);
#1383=VECTOR('',#4897,10.);
#1384=VECTOR('',#4898,10.);
#1385=VECTOR('',#4899,10.);
#1386=VECTOR('',#4902,10.);
#1387=VECTOR('',#4903,10.);
#1388=VECTOR('',#4908,10.);
#1389=VECTOR('',#4911,10.);
#1390=VECTOR('',#4912,10.);
#1391=VECTOR('',#4915,10.);
#1392=VECTOR('',#4918,10.);
#1393=VECTOR('',#4925,10.);
#1394=VECTOR('',#4930,10.);
#1395=VECTOR('',#4931,10.);
#1396=VECTOR('',#4932,10.);
#1397=VECTOR('',#4935,10.);
#1398=VECTOR('',#4936,10.);
#1399=VECTOR('',#4937,10.);
#1400=VECTOR('',#4940,10.);
#1401=VECTOR('',#4941,10.);
#1402=VECTOR('',#4946,10.);
#1403=VECTOR('',#4949,10.);
#1404=VECTOR('',#4950,10.);
#1405=VECTOR('',#4953,10.);
#1406=VECTOR('',#4956,10.);
#1407=VECTOR('',#4963,10.);
#1408=VECTOR('',#4968,38.);
#1409=VECTOR('',#4981,62.5);
#1410=VECTOR('',#4992,90.);
#1411=VECTOR('',#4995,38.);
#1412=VECTOR('',#5000,38.);
#1413=VECTOR('',#5013,62.5);
#1414=VECTOR('',#5024,90.);
#1415=VECTOR('',#5027,38.);
#1416=VECTOR('',#5032,10.);
#1417=VECTOR('',#5033,10.);
#1418=VECTOR('',#5034,10.);
#1419=VECTOR('',#5035,10.);
#1420=VECTOR('',#5038,10.);
#1421=VECTOR('',#5039,10.);
#1422=VECTOR('',#5040,10.);
#1423=VECTOR('',#5041,10.);
#1424=VECTOR('',#5044,10.);
#1425=VECTOR('',#5045,10.);
#1426=VECTOR('',#5046,10.);
#1427=VECTOR('',#5049,10.);
#1428=VECTOR('',#5050,10.);
#1429=VECTOR('',#5051,10.);
#1430=VECTOR('',#5054,10.);
#1431=VECTOR('',#5055,10.);
#1432=VECTOR('',#5062,10.);
#1433=VECTOR('',#5063,10.);
#1434=VECTOR('',#5064,10.);
#1435=VECTOR('',#5065,10.);
#1436=VECTOR('',#5066,10.);
#1437=VECTOR('',#5067,10.);
#1438=VECTOR('',#5068,10.);
#1439=VECTOR('',#5071,10.);
#1440=VECTOR('',#5072,10.);
#1441=VECTOR('',#5075,10.);
#1442=VECTOR('',#5078,10.);
#1443=VECTOR('',#5081,10.);
#1444=VECTOR('',#5084,10.);
#1445=VECTOR('',#5091,10.);
#1446=VECTOR('',#5092,10.);
#1447=VECTOR('',#5093,10.);
#1448=VECTOR('',#5094,10.);
#1449=VECTOR('',#5099,10.);
#1450=VECTOR('',#5100,10.);
#1451=VECTOR('',#5101,10.);
#1452=VECTOR('',#5102,10.);
#1453=VECTOR('',#5105,10.);
#1454=VECTOR('',#5106,10.);
#1455=VECTOR('',#5109,10.);
#1456=VECTOR('',#5112,10.);
#1457=VECTOR('',#5117,8.);
#1458=VECTOR('',#5120,10.);
#1459=VECTOR('',#5121,10.);
#1460=VECTOR('',#5122,10.);
#1461=VECTOR('',#5123,10.);
#1462=VECTOR('',#5128,10.);
#1463=VECTOR('',#5129,10.);
#1464=VECTOR('',#5130,10.);
#1465=VECTOR('',#5131,10.);
#1466=VECTOR('',#5134,10.);
#1467=VECTOR('',#5135,10.);
#1468=VECTOR('',#5138,10.);
#1469=VECTOR('',#5141,10.);
#1470=VECTOR('',#5146,8.);
#1471=VECTOR('',#5149,10.);
#1472=VECTOR('',#5150,10.);
#1473=VECTOR('',#5151,10.);
#1474=VECTOR('',#5152,10.);
#1475=VECTOR('',#5157,10.);
#1476=VECTOR('',#5158,10.);
#1477=VECTOR('',#5159,10.);
#1478=VECTOR('',#5160,10.);
#1479=VECTOR('',#5163,10.);
#1480=VECTOR('',#5164,10.);
#1481=VECTOR('',#5167,10.);
#1482=VECTOR('',#5170,10.);
#1483=VECTOR('',#5175,8.);
#1484=VECTOR('',#5180,38.);
#1485=VECTOR('',#5187,38.);
#1486=VERTEX_POINT('',#5192);
#1487=VERTEX_POINT('',#5193);
#1488=VERTEX_POINT('',#5195);
#1489=VERTEX_POINT('',#5197);
#1490=VERTEX_POINT('',#5201);
#1491=VERTEX_POINT('',#5203);
#1492=VERTEX_POINT('',#5207);
#1493=VERTEX_POINT('',#5209);
#1494=VERTEX_POINT('',#5218);
#1495=VERTEX_POINT('',#5219);
#1496=VERTEX_POINT('',#5221);
#1497=VERTEX_POINT('',#5223);
#1498=VERTEX_POINT('',#5226);
#1499=VERTEX_POINT('',#5227);
#1500=VERTEX_POINT('',#5229);
#1501=VERTEX_POINT('',#5231);
#1502=VERTEX_POINT('',#5235);
#1503=VERTEX_POINT('',#5236);
#1504=VERTEX_POINT('',#5238);
#1505=VERTEX_POINT('',#5240);
#1506=VERTEX_POINT('',#5243);
#1507=VERTEX_POINT('',#5244);
#1508=VERTEX_POINT('',#5246);
#1509=VERTEX_POINT('',#5248);
#1510=VERTEX_POINT('',#5260);
#1511=VERTEX_POINT('',#5262);
#1512=VERTEX_POINT('',#5266);
#1513=VERTEX_POINT('',#5268);
#1514=VERTEX_POINT('',#5272);
#1515=VERTEX_POINT('',#5276);
#1516=VERTEX_POINT('',#5280);
#1517=VERTEX_POINT('',#5286);
#1518=VERTEX_POINT('',#5294);
#1519=VERTEX_POINT('',#5295);
#1520=VERTEX_POINT('',#5297);
#1521=VERTEX_POINT('',#5299);
#1522=VERTEX_POINT('',#5303);
#1523=VERTEX_POINT('',#5305);
#1524=VERTEX_POINT('',#5309);
#1525=VERTEX_POINT('',#5311);
#1526=VERTEX_POINT('',#5320);
#1527=VERTEX_POINT('',#5321);
#1528=VERTEX_POINT('',#5323);
#1529=VERTEX_POINT('',#5325);
#1530=VERTEX_POINT('',#5328);
#1531=VERTEX_POINT('',#5331);
#1532=VERTEX_POINT('',#5333);
#1533=VERTEX_POINT('',#5337);
#1534=VERTEX_POINT('',#5341);
#1535=VERTEX_POINT('',#5347);
#1536=VERTEX_POINT('',#5348);
#1537=VERTEX_POINT('',#5350);
#1538=VERTEX_POINT('',#5352);
#1539=VERTEX_POINT('',#5356);
#1540=VERTEX_POINT('',#5357);
#1541=VERTEX_POINT('',#5359);
#1542=VERTEX_POINT('',#5361);
#1543=VERTEX_POINT('',#5373);
#1544=VERTEX_POINT('',#5374);
#1545=VERTEX_POINT('',#5376);
#1546=VERTEX_POINT('',#5378);
#1547=VERTEX_POINT('',#5381);
#1548=VERTEX_POINT('',#5384);
#1549=VERTEX_POINT('',#5385);
#1550=VERTEX_POINT('',#5387);
#1551=VERTEX_POINT('',#5389);
#1552=VERTEX_POINT('',#5403);
#1553=VERTEX_POINT('',#5404);
#1554=VERTEX_POINT('',#5406);
#1555=VERTEX_POINT('',#5408);
#1556=VERTEX_POINT('',#5411);
#1557=VERTEX_POINT('',#5414);
#1558=VERTEX_POINT('',#5416);
#1559=VERTEX_POINT('',#5420);
#1560=VERTEX_POINT('',#5424);
#1561=VERTEX_POINT('',#5430);
#1562=VERTEX_POINT('',#5431);
#1563=VERTEX_POINT('',#5433);
#1564=VERTEX_POINT('',#5435);
#1565=VERTEX_POINT('',#5439);
#1566=VERTEX_POINT('',#5440);
#1567=VERTEX_POINT('',#5442);
#1568=VERTEX_POINT('',#5444);
#1569=VERTEX_POINT('',#5449);
#1570=VERTEX_POINT('',#5453);
#1571=VERTEX_POINT('',#5461);
#1572=VERTEX_POINT('',#5463);
#1573=VERTEX_POINT('',#5465);
#1574=VERTEX_POINT('',#5467);
#1575=VERTEX_POINT('',#5469);
#1576=VERTEX_POINT('',#5471);
#1577=VERTEX_POINT('',#5473);
#1578=VERTEX_POINT('',#5475);
#1579=VERTEX_POINT('',#5479);
#1580=VERTEX_POINT('',#5480);
#1581=VERTEX_POINT('',#5482);
#1582=VERTEX_POINT('',#5484);
#1583=VERTEX_POINT('',#5487);
#1584=VERTEX_POINT('',#5490);
#1585=VERTEX_POINT('',#5492);
#1586=VERTEX_POINT('',#5496);
#1587=VERTEX_POINT('',#5500);
#1588=VERTEX_POINT('',#5506);
#1589=VERTEX_POINT('',#5508);
#1590=VERTEX_POINT('',#5512);
#1591=VERTEX_POINT('',#5514);
#1592=VERTEX_POINT('',#5516);
#1593=VERTEX_POINT('',#5520);
#1594=VERTEX_POINT('',#5524);
#1595=VERTEX_POINT('',#5526);
#1596=VERTEX_POINT('',#5532);
#1597=VERTEX_POINT('',#5536);
#1598=VERTEX_POINT('',#5538);
#1599=VERTEX_POINT('',#5540);
#1600=VERTEX_POINT('',#5542);
#1601=VERTEX_POINT('',#5544);
#1602=VERTEX_POINT('',#5546);
#1603=VERTEX_POINT('',#5548);
#1604=VERTEX_POINT('',#5550);
#1605=VERTEX_POINT('',#5552);
#1606=VERTEX_POINT('',#5555);
#1607=VERTEX_POINT('',#5556);
#1608=VERTEX_POINT('',#5558);
#1609=VERTEX_POINT('',#5560);
#1610=VERTEX_POINT('',#5564);
#1611=VERTEX_POINT('',#5565);
#1612=VERTEX_POINT('',#5567);
#1613=VERTEX_POINT('',#5569);
#1614=VERTEX_POINT('',#5572);
#1615=VERTEX_POINT('',#5575);
#1616=VERTEX_POINT('',#5577);
#1617=VERTEX_POINT('',#5581);
#1618=VERTEX_POINT('',#5585);
#1619=VERTEX_POINT('',#5591);
#1620=VERTEX_POINT('',#5592);
#1621=VERTEX_POINT('',#5594);
#1622=VERTEX_POINT('',#5596);
#1623=VERTEX_POINT('',#5600);
#1624=VERTEX_POINT('',#5601);
#1625=VERTEX_POINT('',#5606);
#1626=VERTEX_POINT('',#5608);
#1627=VERTEX_POINT('',#5614);
#1628=VERTEX_POINT('',#5616);
#1629=VERTEX_POINT('',#5618);
#1630=VERTEX_POINT('',#5620);
#1631=VERTEX_POINT('',#5622);
#1632=VERTEX_POINT('',#5625);
#1633=VERTEX_POINT('',#5627);
#1634=VERTEX_POINT('',#5629);
#1635=VERTEX_POINT('',#5631);
#1636=VERTEX_POINT('',#5633);
#1637=VERTEX_POINT('',#5635);
#1638=VERTEX_POINT('',#5639);
#1639=VERTEX_POINT('',#5640);
#1640=VERTEX_POINT('',#5642);
#1641=VERTEX_POINT('',#5644);
#1642=VERTEX_POINT('',#5646);
#1643=VERTEX_POINT('',#5648);
#1644=VERTEX_POINT('',#5650);
#1645=VERTEX_POINT('',#5654);
#1646=VERTEX_POINT('',#5655);
#1647=VERTEX_POINT('',#5657);
#1648=VERTEX_POINT('',#5659);
#1649=VERTEX_POINT('',#5661);
#1650=VERTEX_POINT('',#5663);
#1651=VERTEX_POINT('',#5667);
#1652=VERTEX_POINT('',#5668);
#1653=VERTEX_POINT('',#5670);
#1654=VERTEX_POINT('',#5672);
#1655=VERTEX_POINT('',#5676);
#1656=VERTEX_POINT('',#5677);
#1657=VERTEX_POINT('',#5679);
#1658=VERTEX_POINT('',#5681);
#1659=VERTEX_POINT('',#5683);
#1660=VERTEX_POINT('',#5685);
#1661=VERTEX_POINT('',#5687);
#1662=VERTEX_POINT('',#5689);
#1663=VERTEX_POINT('',#5693);
#1664=VERTEX_POINT('',#5695);
#1665=VERTEX_POINT('',#5699);
#1666=VERTEX_POINT('',#5701);
#1667=VERTEX_POINT('',#5705);
#1668=VERTEX_POINT('',#5709);
#1669=VERTEX_POINT('',#5718);
#1670=VERTEX_POINT('',#5719);
#1671=VERTEX_POINT('',#5721);
#1672=VERTEX_POINT('',#5723);
#1673=VERTEX_POINT('',#5725);
#1674=VERTEX_POINT('',#5727);
#1675=VERTEX_POINT('',#5731);
#1676=VERTEX_POINT('',#5733);
#1677=VERTEX_POINT('',#5738);
#1678=VERTEX_POINT('',#5742);
#1679=VERTEX_POINT('',#5743);
#1680=VERTEX_POINT('',#5745);
#1681=VERTEX_POINT('',#5747);
#1682=VERTEX_POINT('',#5753);
#1683=VERTEX_POINT('',#5755);
#1684=VERTEX_POINT('',#5758);
#1685=VERTEX_POINT('',#5759);
#1686=VERTEX_POINT('',#5761);
#1687=VERTEX_POINT('',#5763);
#1688=VERTEX_POINT('',#5766);
#1689=VERTEX_POINT('',#5768);
#1690=VERTEX_POINT('',#5780);
#1691=VERTEX_POINT('',#5782);
#1692=VERTEX_POINT('',#5785);
#1693=VERTEX_POINT('',#5786);
#1694=VERTEX_POINT('',#5788);
#1695=VERTEX_POINT('',#5790);
#1696=VERTEX_POINT('',#5801);
#1697=VERTEX_POINT('',#5803);
#1698=VERTEX_POINT('',#5807);
#1699=VERTEX_POINT('',#5809);
#1700=VERTEX_POINT('',#5813);
#1701=VERTEX_POINT('',#5817);
#1702=VERTEX_POINT('',#5821);
#1703=VERTEX_POINT('',#5827);
#1704=VERTEX_POINT('',#5835);
#1705=VERTEX_POINT('',#5839);
#1706=VERTEX_POINT('',#5841);
#1707=VERTEX_POINT('',#5845);
#1708=VERTEX_POINT('',#5846);
#1709=VERTEX_POINT('',#5848);
#1710=VERTEX_POINT('',#5850);
#1711=VERTEX_POINT('',#5854);
#1712=VERTEX_POINT('',#5855);
#1713=VERTEX_POINT('',#5859);
#1714=VERTEX_POINT('',#5863);
#1715=VERTEX_POINT('',#5864);
#1716=VERTEX_POINT('',#5866);
#1717=VERTEX_POINT('',#5876);
#1718=VERTEX_POINT('',#5877);
#1719=VERTEX_POINT('',#5882);
#1720=VERTEX_POINT('',#5888);
#1721=VERTEX_POINT('',#5897);
#1722=VERTEX_POINT('',#5899);
#1723=VERTEX_POINT('',#5903);
#1724=VERTEX_POINT('',#5905);
#1725=VERTEX_POINT('',#5910);
#1726=VERTEX_POINT('',#5911);
#1727=VERTEX_POINT('',#5913);
#1728=VERTEX_POINT('',#5915);
#1729=VERTEX_POINT('',#5919);
#1730=VERTEX_POINT('',#5920);
#1731=VERTEX_POINT('',#5924);
#1732=VERTEX_POINT('',#5926);
#1733=VERTEX_POINT('',#5930);
#1734=VERTEX_POINT('',#5931);
#1735=VERTEX_POINT('',#5933);
#1736=VERTEX_POINT('',#5935);
#1737=VERTEX_POINT('',#5938);
#1738=VERTEX_POINT('',#5939);
#1739=VERTEX_POINT('',#5941);
#1740=VERTEX_POINT('',#5943);
#1741=VERTEX_POINT('',#5958);
#1742=VERTEX_POINT('',#5960);
#1743=VERTEX_POINT('',#5964);
#1744=VERTEX_POINT('',#5966);
#1745=VERTEX_POINT('',#5970);
#1746=VERTEX_POINT('',#5974);
#1747=VERTEX_POINT('',#5978);
#1748=VERTEX_POINT('',#5984);
#1749=VERTEX_POINT('',#5992);
#1750=VERTEX_POINT('',#5994);
#1751=VERTEX_POINT('',#5998);
#1752=VERTEX_POINT('',#6000);
#1753=VERTEX_POINT('',#6004);
#1754=VERTEX_POINT('',#6008);
#1755=VERTEX_POINT('',#6012);
#1756=VERTEX_POINT('',#6018);
#1757=VERTEX_POINT('',#6026);
#1758=VERTEX_POINT('',#6030);
#1759=VERTEX_POINT('',#6032);
#1760=VERTEX_POINT('',#6035);
#1761=VERTEX_POINT('',#6037);
#1762=VERTEX_POINT('',#6041);
#1763=VERTEX_POINT('',#6050);
#1764=VERTEX_POINT('',#6054);
#1765=VERTEX_POINT('',#6056);
#1766=VERTEX_POINT('',#6059);
#1767=VERTEX_POINT('',#6061);
#1768=VERTEX_POINT('',#6065);
#1769=VERTEX_POINT('',#6075);
#1770=VERTEX_POINT('',#6077);
#1771=VERTEX_POINT('',#6082);
#1772=VERTEX_POINT('',#6084);
#1773=VERTEX_POINT('',#6088);
#1774=VERTEX_POINT('',#6090);
#1775=VERTEX_POINT('',#6094);
#1776=VERTEX_POINT('',#6096);
#1777=VERTEX_POINT('',#6105);
#1778=VERTEX_POINT('',#6107);
#1779=VERTEX_POINT('',#6109);
#1780=VERTEX_POINT('',#6111);
#1781=VERTEX_POINT('',#6113);
#1782=VERTEX_POINT('',#6115);
#1783=VERTEX_POINT('',#6132);
#1784=VERTEX_POINT('',#6133);
#1785=VERTEX_POINT('',#6135);
#1786=VERTEX_POINT('',#6137);
#1787=VERTEX_POINT('',#6140);
#1788=VERTEX_POINT('',#6143);
#1789=VERTEX_POINT('',#6144);
#1790=VERTEX_POINT('',#6146);
#1791=VERTEX_POINT('',#6148);
#1792=VERTEX_POINT('',#6162);
#1793=VERTEX_POINT('',#6163);
#1794=VERTEX_POINT('',#6165);
#1795=VERTEX_POINT('',#6167);
#1796=VERTEX_POINT('',#6170);
#1797=VERTEX_POINT('',#6173);
#1798=VERTEX_POINT('',#6174);
#1799=VERTEX_POINT('',#6176);
#1800=VERTEX_POINT('',#6178);
#1801=VERTEX_POINT('',#6192);
#1802=VERTEX_POINT('',#6193);
#1803=VERTEX_POINT('',#6195);
#1804=VERTEX_POINT('',#6197);
#1805=VERTEX_POINT('',#6200);
#1806=VERTEX_POINT('',#6203);
#1807=VERTEX_POINT('',#6204);
#1808=VERTEX_POINT('',#6206);
#1809=VERTEX_POINT('',#6208);
#1810=VERTEX_POINT('',#6222);
#1811=VERTEX_POINT('',#6224);
#1812=VERTEX_POINT('',#6228);
#1813=VERTEX_POINT('',#6230);
#1814=EDGE_CURVE('',#1486,#1487,#574,.T.);
#1815=EDGE_CURVE('',#1487,#1488,#575,.T.);
#1816=EDGE_CURVE('',#1489,#1488,#576,.T.);
#1817=EDGE_CURVE('',#1486,#1489,#577,.T.);
#1818=EDGE_CURVE('',#1490,#1486,#578,.T.);
#1819=EDGE_CURVE('',#1491,#1489,#579,.T.);
#1820=EDGE_CURVE('',#1490,#1491,#580,.T.);
#1821=EDGE_CURVE('',#1492,#1490,#581,.T.);
#1822=EDGE_CURVE('',#1493,#1491,#582,.T.);
#1823=EDGE_CURVE('',#1492,#1493,#583,.T.);
#1824=EDGE_CURVE('',#1487,#1492,#584,.T.);
#1825=EDGE_CURVE('',#1488,#1493,#585,.T.);
#1826=EDGE_CURVE('',#1494,#1495,#586,.T.);
#1827=EDGE_CURVE('',#1496,#1494,#587,.T.);
#1828=EDGE_CURVE('',#1497,#1496,#588,.T.);
#1829=EDGE_CURVE('',#1495,#1497,#589,.T.);
#1830=EDGE_CURVE('',#1498,#1499,#590,.T.);
#1831=EDGE_CURVE('',#1500,#1498,#77,.T.);
#1832=EDGE_CURVE('',#1501,#1500,#591,.T.);
#1833=EDGE_CURVE('',#1499,#1501,#78,.T.);
#1834=EDGE_CURVE('',#1502,#1503,#592,.T.);
#1835=EDGE_CURVE('',#1503,#1504,#593,.T.);
#1836=EDGE_CURVE('',#1504,#1505,#594,.T.);
#1837=EDGE_CURVE('',#1505,#1502,#595,.T.);
#1838=EDGE_CURVE('',#1506,#1507,#596,.T.);
#1839=EDGE_CURVE('',#1508,#1506,#79,.T.);
#1840=EDGE_CURVE('',#1509,#1508,#597,.T.);
#1841=EDGE_CURVE('',#1507,#1509,#80,.T.);
#1842=EDGE_CURVE('',#1494,#1502,#598,.T.);
#1843=EDGE_CURVE('',#1496,#1505,#599,.T.);
#1844=EDGE_CURVE('',#1497,#1504,#600,.T.);
#1845=EDGE_CURVE('',#1495,#1503,#601,.T.);
#1846=EDGE_CURVE('',#1509,#1510,#602,.T.);
#1847=EDGE_CURVE('',#1511,#1510,#81,.T.);
#1848=EDGE_CURVE('',#1511,#1507,#603,.T.);
#1849=EDGE_CURVE('',#1498,#1512,#604,.T.);
#1850=EDGE_CURVE('',#1513,#1512,#82,.T.);
#1851=EDGE_CURVE('',#1513,#1500,#605,.T.);
#1852=EDGE_CURVE('',#1514,#1508,#606,.T.);
#1853=EDGE_CURVE('',#1510,#1514,#607,.T.);
#1854=EDGE_CURVE('',#1515,#1513,#608,.T.);
#1855=EDGE_CURVE('',#1501,#1515,#609,.T.);
#1856=EDGE_CURVE('',#1506,#1516,#610,.T.);
#1857=EDGE_CURVE('',#1514,#1516,#83,.T.);
#1858=EDGE_CURVE('',#1516,#1511,#611,.T.);
#1859=EDGE_CURVE('',#1517,#1499,#612,.T.);
#1860=EDGE_CURVE('',#1512,#1517,#613,.T.);
#1861=EDGE_CURVE('',#1517,#1515,#84,.T.);
#1862=EDGE_CURVE('',#1518,#1519,#614,.T.);
#1863=EDGE_CURVE('',#1519,#1520,#615,.T.);
#1864=EDGE_CURVE('',#1521,#1520,#616,.T.);
#1865=EDGE_CURVE('',#1518,#1521,#617,.T.);
#1866=EDGE_CURVE('',#1522,#1518,#618,.T.);
#1867=EDGE_CURVE('',#1523,#1521,#619,.T.);
#1868=EDGE_CURVE('',#1522,#1523,#620,.T.);
#1869=EDGE_CURVE('',#1524,#1522,#621,.T.);
#1870=EDGE_CURVE('',#1525,#1523,#622,.T.);
#1871=EDGE_CURVE('',#1524,#1525,#623,.T.);
#1872=EDGE_CURVE('',#1519,#1524,#624,.T.);
#1873=EDGE_CURVE('',#1520,#1525,#625,.T.);
#1874=EDGE_CURVE('',#1526,#1527,#626,.T.);
#1875=EDGE_CURVE('',#1527,#1528,#627,.T.);
#1876=EDGE_CURVE('',#1528,#1529,#628,.T.);
#1877=EDGE_CURVE('',#1529,#1526,#629,.T.);
#1878=EDGE_CURVE('',#1530,#1530,#85,.T.);
#1879=EDGE_CURVE('',#1526,#1531,#630,.T.);
#1880=EDGE_CURVE('',#1532,#1531,#631,.T.);
#1881=EDGE_CURVE('',#1527,#1532,#632,.T.);
#1882=EDGE_CURVE('',#1533,#1532,#633,.T.);
#1883=EDGE_CURVE('',#1528,#1533,#634,.T.);
#1884=EDGE_CURVE('',#1529,#1534,#635,.T.);
#1885=EDGE_CURVE('',#1531,#1534,#636,.T.);
#1886=EDGE_CURVE('',#1534,#1533,#637,.T.);
#1887=EDGE_CURVE('',#1535,#1536,#638,.T.);
#1888=EDGE_CURVE('',#1537,#1535,#639,.T.);
#1889=EDGE_CURVE('',#1538,#1537,#640,.T.);
#1890=EDGE_CURVE('',#1536,#1538,#641,.T.);
#1891=EDGE_CURVE('',#1539,#1540,#642,.T.);
#1892=EDGE_CURVE('',#1540,#1541,#643,.T.);
#1893=EDGE_CURVE('',#1541,#1542,#644,.T.);
#1894=EDGE_CURVE('',#1542,#1539,#645,.T.);
#1895=EDGE_CURVE('',#1539,#1535,#646,.T.);
#1896=EDGE_CURVE('',#1540,#1536,#647,.T.);
#1897=EDGE_CURVE('',#1541,#1538,#648,.T.);
#1898=EDGE_CURVE('',#1542,#1537,#649,.T.);
#1899=EDGE_CURVE('',#1543,#1544,#650,.T.);
#1900=EDGE_CURVE('',#1544,#1545,#651,.T.);
#1901=EDGE_CURVE('',#1545,#1546,#652,.T.);
#1902=EDGE_CURVE('',#1546,#1543,#653,.T.);
#1903=EDGE_CURVE('',#1547,#1547,#86,.T.);
#1904=EDGE_CURVE('',#1548,#1549,#654,.T.);
#1905=EDGE_CURVE('',#1550,#1548,#655,.T.);
#1906=EDGE_CURVE('',#1551,#1550,#656,.T.);
#1907=EDGE_CURVE('',#1549,#1551,#657,.T.);
#1908=EDGE_CURVE('',#1543,#1548,#658,.T.);
#1909=EDGE_CURVE('',#1544,#1549,#659,.T.);
#1910=EDGE_CURVE('',#1545,#1551,#660,.T.);
#1911=EDGE_CURVE('',#1546,#1550,#661,.T.);
#1912=EDGE_CURVE('',#1530,#1547,#662,.T.);
#1913=EDGE_CURVE('',#1552,#1553,#663,.T.);
#1914=EDGE_CURVE('',#1553,#1554,#664,.T.);
#1915=EDGE_CURVE('',#1554,#1555,#665,.T.);
#1916=EDGE_CURVE('',#1555,#1552,#666,.T.);
#1917=EDGE_CURVE('',#1556,#1556,#87,.T.);
#1918=EDGE_CURVE('',#1552,#1557,#667,.T.);
#1919=EDGE_CURVE('',#1558,#1557,#668,.T.);
#1920=EDGE_CURVE('',#1553,#1558,#669,.T.);
#1921=EDGE_CURVE('',#1559,#1558,#670,.T.);
#1922=EDGE_CURVE('',#1554,#1559,#671,.T.);
#1923=EDGE_CURVE('',#1555,#1560,#672,.T.);
#1924=EDGE_CURVE('',#1557,#1560,#673,.T.);
#1925=EDGE_CURVE('',#1560,#1559,#674,.T.);
#1926=EDGE_CURVE('',#1561,#1562,#675,.T.);
#1927=EDGE_CURVE('',#1562,#1563,#676,.T.);
#1928=EDGE_CURVE('',#1563,#1564,#677,.T.);
#1929=EDGE_CURVE('',#1564,#1561,#678,.T.);
#1930=EDGE_CURVE('',#1565,#1566,#679,.T.);
#1931=EDGE_CURVE('',#1567,#1565,#680,.T.);
#1932=EDGE_CURVE('',#1568,#1567,#681,.T.);
#1933=EDGE_CURVE('',#1566,#1568,#682,.T.);
#1934=EDGE_CURVE('',#1564,#1565,#683,.T.);
#1935=EDGE_CURVE('',#1569,#1566,#684,.T.);
#1936=EDGE_CURVE('',#1561,#1569,#685,.T.);
#1937=EDGE_CURVE('',#1570,#1568,#686,.T.);
#1938=EDGE_CURVE('',#1569,#1570,#687,.T.);
#1939=EDGE_CURVE('',#1563,#1567,#688,.T.);
#1940=EDGE_CURVE('',#1570,#1562,#689,.T.);
#1941=EDGE_CURVE('',#1562,#1571,#690,.T.);
#1942=EDGE_CURVE('',#1571,#1572,#691,.T.);
#1943=EDGE_CURVE('',#1572,#1573,#692,.T.);
#1944=EDGE_CURVE('',#1573,#1574,#693,.T.);
#1945=EDGE_CURVE('',#1574,#1575,#694,.T.);
#1946=EDGE_CURVE('',#1575,#1576,#695,.T.);
#1947=EDGE_CURVE('',#1577,#1576,#696,.T.);
#1948=EDGE_CURVE('',#1578,#1577,#697,.T.);
#1949=EDGE_CURVE('',#1578,#1561,#698,.T.);
#1950=EDGE_CURVE('',#1579,#1580,#699,.T.);
#1951=EDGE_CURVE('',#1580,#1581,#700,.T.);
#1952=EDGE_CURVE('',#1581,#1582,#701,.T.);
#1953=EDGE_CURVE('',#1582,#1579,#702,.T.);
#1954=EDGE_CURVE('',#1583,#1583,#88,.T.);
#1955=EDGE_CURVE('',#1579,#1584,#703,.T.);
#1956=EDGE_CURVE('',#1585,#1584,#704,.T.);
#1957=EDGE_CURVE('',#1580,#1585,#705,.T.);
#1958=EDGE_CURVE('',#1586,#1585,#706,.T.);
#1959=EDGE_CURVE('',#1581,#1586,#707,.T.);
#1960=EDGE_CURVE('',#1582,#1587,#708,.T.);
#1961=EDGE_CURVE('',#1584,#1587,#709,.T.);
#1962=EDGE_CURVE('',#1587,#1586,#710,.T.);
#1963=EDGE_CURVE('',#1572,#1588,#711,.T.);
#1964=EDGE_CURVE('',#1588,#1589,#712,.T.);
#1965=EDGE_CURVE('',#1573,#1589,#713,.T.);
#1966=EDGE_CURVE('',#1590,#1571,#714,.T.);
#1967=EDGE_CURVE('',#1591,#1590,#715,.T.);
#1968=EDGE_CURVE('',#1591,#1592,#716,.T.);
#1969=EDGE_CURVE('',#1592,#1588,#717,.T.);
#1970=EDGE_CURVE('',#1589,#1593,#718,.T.);
#1971=EDGE_CURVE('',#1593,#1592,#719,.T.);
#1972=EDGE_CURVE('',#1594,#1593,#720,.T.);
#1973=EDGE_CURVE('',#1595,#1594,#721,.T.);
#1974=EDGE_CURVE('',#1574,#1595,#722,.T.);
#1975=EDGE_CURVE('',#1594,#1591,#723,.T.);
#1976=EDGE_CURVE('',#1596,#1578,#724,.T.);
#1977=EDGE_CURVE('',#1590,#1596,#725,.T.);
#1978=EDGE_CURVE('',#1597,#1595,#726,.T.);
#1979=EDGE_CURVE('',#1598,#1597,#727,.T.);
#1980=EDGE_CURVE('',#1598,#1599,#728,.T.);
#1981=EDGE_CURVE('',#1600,#1599,#729,.T.);
#1982=EDGE_CURVE('',#1601,#1600,#730,.T.);
#1983=EDGE_CURVE('',#1602,#1601,#731,.T.);
#1984=EDGE_CURVE('',#1602,#1603,#732,.T.);
#1985=EDGE_CURVE('',#1604,#1603,#733,.T.);
#1986=EDGE_CURVE('',#1605,#1604,#734,.T.);
#1987=EDGE_CURVE('',#1575,#1605,#735,.T.);
#1988=EDGE_CURVE('',#1606,#1607,#736,.T.);
#1989=EDGE_CURVE('',#1608,#1606,#89,.T.);
#1990=EDGE_CURVE('',#1609,#1608,#737,.T.);
#1991=EDGE_CURVE('',#1607,#1609,#90,.T.);
#1992=EDGE_CURVE('',#1610,#1611,#738,.T.);
#1993=EDGE_CURVE('',#1611,#1612,#739,.T.);
#1994=EDGE_CURVE('',#1612,#1613,#740,.T.);
#1995=EDGE_CURVE('',#1613,#1610,#741,.T.);
#1996=EDGE_CURVE('',#1614,#1614,#91,.T.);
#1997=EDGE_CURVE('',#1610,#1615,#742,.T.);
#1998=EDGE_CURVE('',#1616,#1615,#743,.T.);
#1999=EDGE_CURVE('',#1611,#1616,#744,.T.);
#2000=EDGE_CURVE('',#1617,#1616,#745,.T.);
#2001=EDGE_CURVE('',#1612,#1617,#746,.T.);
#2002=EDGE_CURVE('',#1613,#1618,#747,.T.);
#2003=EDGE_CURVE('',#1615,#1618,#748,.T.);
#2004=EDGE_CURVE('',#1618,#1617,#749,.T.);
#2005=EDGE_CURVE('',#1619,#1620,#750,.T.);
#2006=EDGE_CURVE('',#1621,#1619,#751,.T.);
#2007=EDGE_CURVE('',#1622,#1621,#752,.T.);
#2008=EDGE_CURVE('',#1620,#1622,#753,.T.);
#2009=EDGE_CURVE('',#1623,#1624,#754,.T.);
#2010=EDGE_CURVE('',#1623,#1619,#755,.T.);
#2011=EDGE_CURVE('',#1624,#1620,#756,.T.);
#2012=EDGE_CURVE('',#1625,#1622,#757,.T.);
#2013=EDGE_CURVE('',#1626,#1621,#758,.T.);
#2014=EDGE_CURVE('',#1625,#1626,#759,.T.);
#2015=EDGE_CURVE('',#1626,#1623,#760,.T.);
#2016=EDGE_CURVE('',#1596,#1627,#761,.T.);
#2017=EDGE_CURVE('',#1627,#1628,#762,.T.);
#2018=EDGE_CURVE('',#1628,#1629,#763,.T.);
#2019=EDGE_CURVE('',#1629,#1630,#764,.T.);
#2020=EDGE_CURVE('',#1630,#1631,#765,.T.);
#2021=EDGE_CURVE('',#1631,#1625,#766,.T.);
#2022=EDGE_CURVE('',#1624,#1632,#767,.T.);
#2023=EDGE_CURVE('',#1632,#1633,#768,.T.);
#2024=EDGE_CURVE('',#1633,#1634,#769,.T.);
#2025=EDGE_CURVE('',#1635,#1634,#770,.T.);
#2026=EDGE_CURVE('',#1635,#1636,#771,.T.);
#2027=EDGE_CURVE('',#1636,#1637,#772,.T.);
#2028=EDGE_CURVE('',#1637,#1597,#773,.T.);
#2029=EDGE_CURVE('',#1638,#1639,#774,.T.);
#2030=EDGE_CURVE('',#1640,#1638,#775,.T.);
#2031=EDGE_CURVE('',#1641,#1640,#776,.T.);
#2032=EDGE_CURVE('',#1641,#1642,#777,.T.);
#2033=EDGE_CURVE('',#1642,#1643,#778,.T.);
#2034=EDGE_CURVE('',#1644,#1643,#779,.T.);
#2035=EDGE_CURVE('',#1644,#1639,#780,.T.);
#2036=EDGE_CURVE('',#1645,#1646,#781,.T.);
#2037=EDGE_CURVE('',#1646,#1647,#782,.T.);
#2038=EDGE_CURVE('',#1648,#1647,#783,.T.);
#2039=EDGE_CURVE('',#1649,#1648,#784,.T.);
#2040=EDGE_CURVE('',#1649,#1650,#785,.T.);
#2041=EDGE_CURVE('',#1650,#1645,#786,.T.);
#2042=EDGE_CURVE('',#1651,#1652,#787,.T.);
#2043=EDGE_CURVE('',#1651,#1653,#788,.T.);
#2044=EDGE_CURVE('',#1653,#1654,#789,.T.);
#2045=EDGE_CURVE('',#1654,#1652,#790,.T.);
#2046=EDGE_CURVE('',#1655,#1656,#791,.T.);
#2047=EDGE_CURVE('',#1657,#1655,#792,.T.);
#2048=EDGE_CURVE('',#1658,#1657,#793,.T.);
#2049=EDGE_CURVE('',#1659,#1658,#794,.T.);
#2050=EDGE_CURVE('',#1660,#1659,#795,.T.);
#2051=EDGE_CURVE('',#1660,#1661,#796,.T.);
#2052=EDGE_CURVE('',#1662,#1661,#797,.T.);
#2053=EDGE_CURVE('',#1656,#1662,#798,.T.);
#2054=EDGE_CURVE('',#1656,#1663,#799,.T.);
#2055=EDGE_CURVE('',#1664,#1663,#800,.T.);
#2056=EDGE_CURVE('',#1655,#1664,#801,.T.);
#2057=EDGE_CURVE('',#1665,#1660,#802,.T.);
#2058=EDGE_CURVE('',#1659,#1666,#803,.T.);
#2059=EDGE_CURVE('',#1665,#1666,#804,.T.);
#2060=EDGE_CURVE('',#1667,#1664,#805,.T.);
#2061=EDGE_CURVE('',#1657,#1667,#806,.T.);
#2062=EDGE_CURVE('',#1668,#1667,#807,.T.);
#2063=EDGE_CURVE('',#1658,#1668,#808,.T.);
#2064=EDGE_CURVE('',#1666,#1668,#809,.T.);
#2065=EDGE_CURVE('',#1643,#1665,#810,.T.);
#2066=EDGE_CURVE('',#1663,#1644,#811,.T.);
#2067=EDGE_CURVE('',#1669,#1670,#812,.T.);
#2068=EDGE_CURVE('',#1670,#1671,#813,.T.);
#2069=EDGE_CURVE('',#1672,#1671,#814,.T.);
#2070=EDGE_CURVE('',#1673,#1672,#815,.T.);
#2071=EDGE_CURVE('',#1673,#1674,#816,.T.);
#2072=EDGE_CURVE('',#1674,#1669,#817,.T.);
#2073=EDGE_CURVE('',#1671,#1675,#818,.T.);
#2074=EDGE_CURVE('',#1675,#1676,#819,.T.);
#2075=EDGE_CURVE('',#1676,#1672,#820,.T.);
#2076=EDGE_CURVE('',#1675,#1649,#821,.T.);
#2077=EDGE_CURVE('',#1677,#1649,#822,.T.);
#2078=EDGE_CURVE('',#1603,#1677,#823,.T.);
#2079=EDGE_CURVE('',#1676,#1602,#824,.T.);
#2080=EDGE_CURVE('',#1678,#1679,#825,.T.);
#2081=EDGE_CURVE('',#1680,#1678,#826,.T.);
#2082=EDGE_CURVE('',#1681,#1680,#827,.T.);
#2083=EDGE_CURVE('',#1679,#1681,#828,.T.);
#2084=EDGE_CURVE('',#1674,#1635,#829,.T.);
#2085=EDGE_CURVE('',#1636,#1673,#830,.T.);
#2086=EDGE_CURVE('',#1682,#1682,#23,.T.);
#2087=EDGE_CURVE('',#1683,#1683,#24,.T.);
#2088=EDGE_CURVE('',#1684,#1685,#831,.T.);
#2089=EDGE_CURVE('',#1685,#1686,#832,.T.);
#2090=EDGE_CURVE('',#1687,#1686,#833,.T.);
#2091=EDGE_CURVE('',#1687,#1684,#834,.T.);
#2092=EDGE_CURVE('',#1688,#1688,#25,.T.);
#2093=EDGE_CURVE('',#1689,#1689,#26,.T.);
#2094=EDGE_CURVE('',#1639,#1669,#835,.T.);
#2095=EDGE_CURVE('',#1684,#1634,#836,.T.);
#2096=EDGE_CURVE('',#1638,#1687,#837,.T.);
#2097=EDGE_CURVE('',#1686,#1676,#838,.T.);
#2098=EDGE_CURVE('',#1637,#1685,#839,.T.);
#2099=EDGE_CURVE('',#1685,#1598,#840,.T.);
#2100=EDGE_CURVE('',#1576,#1690,#841,.T.);
#2101=EDGE_CURVE('',#1690,#1691,#842,.T.);
#2102=EDGE_CURVE('',#1691,#1577,#843,.T.);
#2103=EDGE_CURVE('',#1692,#1693,#844,.T.);
#2104=EDGE_CURVE('',#1694,#1692,#92,.T.);
#2105=EDGE_CURVE('',#1695,#1694,#845,.T.);
#2106=EDGE_CURVE('',#1693,#1695,#93,.T.);
#2107=EDGE_CURVE('',#1600,#1603,#846,.T.);
#2108=EDGE_CURVE('',#1596,#1599,#847,.T.);
#2109=EDGE_CURVE('',#1604,#1691,#848,.T.);
#2110=EDGE_CURVE('',#1605,#1690,#849,.T.);
#2111=EDGE_CURVE('',#1695,#1696,#850,.T.);
#2112=EDGE_CURVE('',#1697,#1696,#94,.T.);
#2113=EDGE_CURVE('',#1697,#1693,#851,.T.);
#2114=EDGE_CURVE('',#1606,#1698,#852,.T.);
#2115=EDGE_CURVE('',#1699,#1698,#95,.T.);
#2116=EDGE_CURVE('',#1699,#1608,#853,.T.);
#2117=EDGE_CURVE('',#1700,#1694,#854,.T.);
#2118=EDGE_CURVE('',#1696,#1700,#855,.T.);
#2119=EDGE_CURVE('',#1701,#1699,#856,.T.);
#2120=EDGE_CURVE('',#1609,#1701,#857,.T.);
#2121=EDGE_CURVE('',#1692,#1702,#858,.T.);
#2122=EDGE_CURVE('',#1700,#1702,#96,.T.);
#2123=EDGE_CURVE('',#1702,#1697,#859,.T.);
#2124=EDGE_CURVE('',#1703,#1607,#860,.T.);
#2125=EDGE_CURVE('',#1698,#1703,#861,.T.);
#2126=EDGE_CURVE('',#1703,#1701,#97,.T.);
#2127=EDGE_CURVE('',#1599,#1704,#862,.T.);
#2128=EDGE_CURVE('',#1704,#1627,#863,.T.);
#2129=EDGE_CURVE('',#1629,#1705,#864,.T.);
#2130=EDGE_CURVE('',#1705,#1706,#865,.T.);
#2131=EDGE_CURVE('',#1706,#1630,#866,.T.);
#2132=EDGE_CURVE('',#1707,#1708,#867,.T.);
#2133=EDGE_CURVE('',#1707,#1709,#868,.T.);
#2134=EDGE_CURVE('',#1709,#1710,#869,.T.);
#2135=EDGE_CURVE('',#1710,#1708,#870,.T.);
#2136=EDGE_CURVE('',#1711,#1712,#871,.T.);
#2137=EDGE_CURVE('',#1712,#1705,#872,.T.);
#2138=EDGE_CURVE('',#1709,#1629,#873,.T.);
#2139=EDGE_CURVE('',#1713,#1707,#874,.T.);
#2140=EDGE_CURVE('',#1711,#1713,#875,.T.);
#2141=EDGE_CURVE('',#1714,#1715,#876,.T.);
#2142=EDGE_CURVE('',#1715,#1716,#877,.T.);
#2143=EDGE_CURVE('',#1708,#1716,#878,.T.);
#2144=EDGE_CURVE('',#1630,#1710,#879,.T.);
#2145=EDGE_CURVE('',#1714,#1706,#880,.T.);
#2146=EDGE_CURVE('',#1712,#1714,#881,.T.);
#2147=EDGE_CURVE('',#1715,#1711,#882,.T.);
#2148=EDGE_CURVE('',#1717,#1718,#883,.T.);
#2149=EDGE_CURVE('',#1718,#1633,#884,.T.);
#2150=EDGE_CURVE('',#1717,#1632,#885,.T.);
#2151=EDGE_CURVE('',#1719,#1717,#886,.T.);
#2152=EDGE_CURVE('',#1719,#1631,#887,.T.);
#2153=EDGE_CURVE('',#1710,#1719,#888,.T.);
#2154=EDGE_CURVE('',#1720,#1709,#889,.T.);
#2155=EDGE_CURVE('',#1720,#1628,#890,.T.);
#2156=EDGE_CURVE('',#1704,#1720,#891,.T.);
#2157=EDGE_CURVE('',#1718,#1684,#892,.T.);
#2158=EDGE_CURVE('',#1716,#1721,#893,.T.);
#2159=EDGE_CURVE('',#1721,#1722,#894,.T.);
#2160=EDGE_CURVE('',#1708,#1722,#895,.T.);
#2161=EDGE_CURVE('',#1723,#1641,#896,.T.);
#2162=EDGE_CURVE('',#1724,#1641,#897,.T.);
#2163=EDGE_CURVE('',#1721,#1724,#898,.T.);
#2164=EDGE_CURVE('',#1647,#1713,#899,.T.);
#2165=EDGE_CURVE('',#1647,#1723,#900,.T.);
#2166=EDGE_CURVE('',#1725,#1726,#901,.T.);
#2167=EDGE_CURVE('',#1727,#1725,#902,.T.);
#2168=EDGE_CURVE('',#1728,#1727,#903,.T.);
#2169=EDGE_CURVE('',#1726,#1728,#904,.T.);
#2170=EDGE_CURVE('',#1729,#1730,#905,.T.);
#2171=EDGE_CURVE('',#1730,#1687,#906,.T.);
#2172=EDGE_CURVE('',#1686,#1601,#907,.T.);
#2173=EDGE_CURVE('',#1600,#1731,#908,.T.);
#2174=EDGE_CURVE('',#1731,#1732,#909,.T.);
#2175=EDGE_CURVE('',#1732,#1707,#910,.T.);
#2176=EDGE_CURVE('',#1722,#1729,#911,.T.);
#2177=EDGE_CURVE('',#1733,#1734,#912,.T.);
#2178=EDGE_CURVE('',#1735,#1733,#913,.T.);
#2179=EDGE_CURVE('',#1736,#1735,#914,.T.);
#2180=EDGE_CURVE('',#1734,#1736,#915,.T.);
#2181=EDGE_CURVE('',#1737,#1738,#916,.T.);
#2182=EDGE_CURVE('',#1739,#1737,#917,.T.);
#2183=EDGE_CURVE('',#1740,#1739,#918,.T.);
#2184=EDGE_CURVE('',#1738,#1740,#919,.T.);
#2185=EDGE_CURVE('',#1724,#1729,#920,.T.);
#2186=EDGE_CURVE('',#1648,#1732,#921,.T.);
#2187=EDGE_CURVE('',#1677,#1731,#922,.T.);
#2188=EDGE_CURVE('',#1640,#1730,#923,.T.);
#2189=EDGE_CURVE('',#1741,#1740,#924,.T.);
#2190=EDGE_CURVE('',#1741,#1742,#925,.T.);
#2191=EDGE_CURVE('',#1738,#1742,#926,.T.);
#2192=EDGE_CURVE('',#1743,#1678,#927,.T.);
#2193=EDGE_CURVE('',#1744,#1743,#928,.T.);
#2194=EDGE_CURVE('',#1680,#1744,#929,.T.);
#2195=EDGE_CURVE('',#1739,#1745,#930,.T.);
#2196=EDGE_CURVE('',#1745,#1741,#931,.T.);
#2197=EDGE_CURVE('',#1744,#1746,#98,.T.);
#2198=EDGE_CURVE('',#1746,#1681,#932,.T.);
#2199=EDGE_CURVE('',#1747,#1737,#933,.T.);
#2200=EDGE_CURVE('',#1745,#1747,#934,.T.);
#2201=EDGE_CURVE('',#1742,#1747,#935,.T.);
#2202=EDGE_CURVE('',#1679,#1748,#936,.T.);
#2203=EDGE_CURVE('',#1748,#1743,#99,.T.);
#2204=EDGE_CURVE('',#1746,#1748,#937,.T.);
#2205=EDGE_CURVE('',#1749,#1736,#938,.T.);
#2206=EDGE_CURVE('',#1749,#1750,#939,.T.);
#2207=EDGE_CURVE('',#1734,#1750,#940,.T.);
#2208=EDGE_CURVE('',#1751,#1725,#941,.T.);
#2209=EDGE_CURVE('',#1752,#1751,#942,.T.);
#2210=EDGE_CURVE('',#1727,#1752,#943,.T.);
#2211=EDGE_CURVE('',#1735,#1753,#944,.T.);
#2212=EDGE_CURVE('',#1753,#1749,#945,.T.);
#2213=EDGE_CURVE('',#1752,#1754,#100,.T.);
#2214=EDGE_CURVE('',#1754,#1728,#946,.T.);
#2215=EDGE_CURVE('',#1755,#1733,#947,.T.);
#2216=EDGE_CURVE('',#1753,#1755,#948,.T.);
#2217=EDGE_CURVE('',#1750,#1755,#949,.T.);
#2218=EDGE_CURVE('',#1726,#1756,#950,.T.);
#2219=EDGE_CURVE('',#1756,#1751,#101,.T.);
#2220=EDGE_CURVE('',#1754,#1756,#951,.T.);
#2221=EDGE_CURVE('',#1689,#1757,#952,.T.);
#2222=EDGE_CURVE('',#1757,#1757,#102,.T.);
#2223=EDGE_CURVE('',#1758,#1758,#103,.T.);
#2224=EDGE_CURVE('',#1759,#1759,#104,.T.);
#2225=EDGE_CURVE('',#1760,#1760,#105,.T.);
#2226=EDGE_CURVE('',#1760,#1761,#953,.T.);
#2227=EDGE_CURVE('',#1761,#1761,#106,.T.);
#2228=EDGE_CURVE('',#1762,#1762,#107,.T.);
#2229=EDGE_CURVE('',#1758,#1762,#954,.T.);
#2230=EDGE_CURVE('',#1759,#1683,#955,.T.);
#2231=EDGE_CURVE('',#1688,#1763,#956,.T.);
#2232=EDGE_CURVE('',#1763,#1763,#108,.T.);
#2233=EDGE_CURVE('',#1764,#1764,#109,.T.);
#2234=EDGE_CURVE('',#1765,#1765,#110,.T.);
#2235=EDGE_CURVE('',#1766,#1766,#111,.T.);
#2236=EDGE_CURVE('',#1766,#1767,#957,.T.);
#2237=EDGE_CURVE('',#1767,#1767,#112,.T.);
#2238=EDGE_CURVE('',#1768,#1768,#113,.T.);
#2239=EDGE_CURVE('',#1764,#1768,#958,.T.);
#2240=EDGE_CURVE('',#1765,#1682,#959,.T.);
#2241=EDGE_CURVE('',#1645,#1651,#960,.T.);
#2242=EDGE_CURVE('',#1769,#1651,#961,.T.);
#2243=EDGE_CURVE('',#1770,#1769,#962,.T.);
#2244=EDGE_CURVE('',#1770,#1645,#963,.T.);
#2245=EDGE_CURVE('',#1652,#1646,#964,.T.);
#2246=EDGE_CURVE('',#1646,#1771,#965,.T.);
#2247=EDGE_CURVE('',#1771,#1772,#966,.T.);
#2248=EDGE_CURVE('',#1652,#1772,#967,.T.);
#2249=EDGE_CURVE('',#1773,#1770,#968,.T.);
#2250=EDGE_CURVE('',#1774,#1769,#969,.T.);
#2251=EDGE_CURVE('',#1773,#1774,#970,.T.);
#2252=EDGE_CURVE('',#1775,#1773,#971,.T.);
#2253=EDGE_CURVE('',#1776,#1774,#972,.T.);
#2254=EDGE_CURVE('',#1775,#1776,#973,.T.);
#2255=EDGE_CURVE('',#1771,#1775,#974,.T.);
#2256=EDGE_CURVE('',#1772,#1776,#975,.T.);
#2257=EDGE_CURVE('',#1777,#1662,#976,.T.);
#2258=EDGE_CURVE('',#1661,#1778,#977,.T.);
#2259=EDGE_CURVE('',#1778,#1779,#978,.T.);
#2260=EDGE_CURVE('',#1779,#1780,#979,.T.);
#2261=EDGE_CURVE('',#1780,#1781,#980,.T.);
#2262=EDGE_CURVE('',#1781,#1782,#981,.T.);
#2263=EDGE_CURVE('',#1782,#1777,#982,.T.);
#2264=EDGE_CURVE('',#1777,#1670,#983,.T.);
#2265=EDGE_CURVE('',#1650,#1782,#984,.T.);
#2266=EDGE_CURVE('',#1653,#1781,#985,.T.);
#2267=EDGE_CURVE('',#1654,#1780,#986,.T.);
#2268=EDGE_CURVE('',#1723,#1779,#987,.T.);
#2269=EDGE_CURVE('',#1642,#1778,#988,.T.);
#2270=EDGE_CURVE('',#1783,#1784,#989,.T.);
#2271=EDGE_CURVE('',#1784,#1785,#990,.T.);
#2272=EDGE_CURVE('',#1785,#1786,#991,.T.);
#2273=EDGE_CURVE('',#1786,#1783,#992,.T.);
#2274=EDGE_CURVE('',#1787,#1787,#114,.T.);
#2275=EDGE_CURVE('',#1788,#1789,#993,.T.);
#2276=EDGE_CURVE('',#1790,#1788,#994,.T.);
#2277=EDGE_CURVE('',#1791,#1790,#995,.T.);
#2278=EDGE_CURVE('',#1789,#1791,#996,.T.);
#2279=EDGE_CURVE('',#1783,#1788,#997,.T.);
#2280=EDGE_CURVE('',#1784,#1789,#998,.T.);
#2281=EDGE_CURVE('',#1785,#1791,#999,.T.);
#2282=EDGE_CURVE('',#1786,#1790,#1000,.T.);
#2283=EDGE_CURVE('',#1614,#1787,#1001,.T.);
#2284=EDGE_CURVE('',#1792,#1793,#1002,.T.);
#2285=EDGE_CURVE('',#1793,#1794,#1003,.T.);
#2286=EDGE_CURVE('',#1794,#1795,#1004,.T.);
#2287=EDGE_CURVE('',#1795,#1792,#1005,.T.);
#2288=EDGE_CURVE('',#1796,#1796,#115,.T.);
#2289=EDGE_CURVE('',#1797,#1798,#1006,.T.);
#2290=EDGE_CURVE('',#1799,#1797,#1007,.T.);
#2291=EDGE_CURVE('',#1800,#1799,#1008,.T.);
#2292=EDGE_CURVE('',#1798,#1800,#1009,.T.);
#2293=EDGE_CURVE('',#1792,#1797,#1010,.T.);
#2294=EDGE_CURVE('',#1793,#1798,#1011,.T.);
#2295=EDGE_CURVE('',#1794,#1800,#1012,.T.);
#2296=EDGE_CURVE('',#1795,#1799,#1013,.T.);
#2297=EDGE_CURVE('',#1583,#1796,#1014,.T.);
#2298=EDGE_CURVE('',#1801,#1802,#1015,.T.);
#2299=EDGE_CURVE('',#1802,#1803,#1016,.T.);
#2300=EDGE_CURVE('',#1803,#1804,#1017,.T.);
#2301=EDGE_CURVE('',#1804,#1801,#1018,.T.);
#2302=EDGE_CURVE('',#1805,#1805,#116,.T.);
#2303=EDGE_CURVE('',#1806,#1807,#1019,.T.);
#2304=EDGE_CURVE('',#1808,#1806,#1020,.T.);
#2305=EDGE_CURVE('',#1809,#1808,#1021,.T.);
#2306=EDGE_CURVE('',#1807,#1809,#1022,.T.);
#2307=EDGE_CURVE('',#1801,#1806,#1023,.T.);
#2308=EDGE_CURVE('',#1802,#1807,#1024,.T.);
#2309=EDGE_CURVE('',#1803,#1809,#1025,.T.);
#2310=EDGE_CURVE('',#1804,#1808,#1026,.T.);
#2311=EDGE_CURVE('',#1556,#1805,#1027,.T.);
#2312=EDGE_CURVE('',#1810,#1810,#117,.T.);
#2313=EDGE_CURVE('',#1810,#1811,#1028,.T.);
#2314=EDGE_CURVE('',#1811,#1811,#118,.T.);
#2315=EDGE_CURVE('',#1812,#1812,#119,.T.);
#2316=EDGE_CURVE('',#1812,#1813,#1029,.T.);
#2317=EDGE_CURVE('',#1813,#1813,#120,.T.);
#2318=ORIENTED_EDGE('',*,*,#1814,.T.);
#2319=ORIENTED_EDGE('',*,*,#1815,.T.);
#2320=ORIENTED_EDGE('',*,*,#1816,.F.);
#2321=ORIENTED_EDGE('',*,*,#1817,.F.);
#2322=ORIENTED_EDGE('',*,*,#1818,.T.);
#2323=ORIENTED_EDGE('',*,*,#1817,.T.);
#2324=ORIENTED_EDGE('',*,*,#1819,.F.);
#2325=ORIENTED_EDGE('',*,*,#1820,.F.);
#2326=ORIENTED_EDGE('',*,*,#1821,.T.);
#2327=ORIENTED_EDGE('',*,*,#1820,.T.);
#2328=ORIENTED_EDGE('',*,*,#1822,.F.);
#2329=ORIENTED_EDGE('',*,*,#1823,.F.);
#2330=ORIENTED_EDGE('',*,*,#1824,.T.);
#2331=ORIENTED_EDGE('',*,*,#1823,.T.);
#2332=ORIENTED_EDGE('',*,*,#1825,.F.);
#2333=ORIENTED_EDGE('',*,*,#1815,.F.);
#2334=ORIENTED_EDGE('',*,*,#1825,.T.);
#2335=ORIENTED_EDGE('',*,*,#1822,.T.);
#2336=ORIENTED_EDGE('',*,*,#1819,.T.);
#2337=ORIENTED_EDGE('',*,*,#1816,.T.);
#2338=ORIENTED_EDGE('',*,*,#1824,.F.);
#2339=ORIENTED_EDGE('',*,*,#1814,.F.);
#2340=ORIENTED_EDGE('',*,*,#1818,.F.);
#2341=ORIENTED_EDGE('',*,*,#1821,.F.);
#2342=ORIENTED_EDGE('',*,*,#1826,.F.);
#2343=ORIENTED_EDGE('',*,*,#1827,.F.);
#2344=ORIENTED_EDGE('',*,*,#1828,.F.);
#2345=ORIENTED_EDGE('',*,*,#1829,.F.);
#2346=ORIENTED_EDGE('',*,*,#1830,.F.);
#2347=ORIENTED_EDGE('',*,*,#1831,.F.);
#2348=ORIENTED_EDGE('',*,*,#1832,.F.);
#2349=ORIENTED_EDGE('',*,*,#1833,.F.);
#2350=ORIENTED_EDGE('',*,*,#1834,.T.);
#2351=ORIENTED_EDGE('',*,*,#1835,.T.);
#2352=ORIENTED_EDGE('',*,*,#1836,.T.);
#2353=ORIENTED_EDGE('',*,*,#1837,.T.);
#2354=ORIENTED_EDGE('',*,*,#1838,.F.);
#2355=ORIENTED_EDGE('',*,*,#1839,.F.);
#2356=ORIENTED_EDGE('',*,*,#1840,.F.);
#2357=ORIENTED_EDGE('',*,*,#1841,.F.);
#2358=ORIENTED_EDGE('',*,*,#1827,.T.);
#2359=ORIENTED_EDGE('',*,*,#1842,.T.);
#2360=ORIENTED_EDGE('',*,*,#1837,.F.);
#2361=ORIENTED_EDGE('',*,*,#1843,.F.);
#2362=ORIENTED_EDGE('',*,*,#1828,.T.);
#2363=ORIENTED_EDGE('',*,*,#1843,.T.);
#2364=ORIENTED_EDGE('',*,*,#1836,.F.);
#2365=ORIENTED_EDGE('',*,*,#1844,.F.);
#2366=ORIENTED_EDGE('',*,*,#1829,.T.);
#2367=ORIENTED_EDGE('',*,*,#1844,.T.);
#2368=ORIENTED_EDGE('',*,*,#1835,.F.);
#2369=ORIENTED_EDGE('',*,*,#1845,.F.);
#2370=ORIENTED_EDGE('',*,*,#1826,.T.);
#2371=ORIENTED_EDGE('',*,*,#1845,.T.);
#2372=ORIENTED_EDGE('',*,*,#1834,.F.);
#2373=ORIENTED_EDGE('',*,*,#1842,.F.);
#2374=ORIENTED_EDGE('',*,*,#1841,.T.);
#2375=ORIENTED_EDGE('',*,*,#1846,.T.);
#2376=ORIENTED_EDGE('',*,*,#1847,.F.);
#2377=ORIENTED_EDGE('',*,*,#1848,.T.);
#2378=ORIENTED_EDGE('',*,*,#1831,.T.);
#2379=ORIENTED_EDGE('',*,*,#1849,.T.);
#2380=ORIENTED_EDGE('',*,*,#1850,.F.);
#2381=ORIENTED_EDGE('',*,*,#1851,.T.);
#2382=ORIENTED_EDGE('',*,*,#1840,.T.);
#2383=ORIENTED_EDGE('',*,*,#1852,.F.);
#2384=ORIENTED_EDGE('',*,*,#1853,.F.);
#2385=ORIENTED_EDGE('',*,*,#1846,.F.);
#2386=ORIENTED_EDGE('',*,*,#1832,.T.);
#2387=ORIENTED_EDGE('',*,*,#1851,.F.);
#2388=ORIENTED_EDGE('',*,*,#1854,.F.);
#2389=ORIENTED_EDGE('',*,*,#1855,.F.);
#2390=ORIENTED_EDGE('',*,*,#1839,.T.);
#2391=ORIENTED_EDGE('',*,*,#1856,.T.);
#2392=ORIENTED_EDGE('',*,*,#1857,.F.);
#2393=ORIENTED_EDGE('',*,*,#1852,.T.);
#2394=ORIENTED_EDGE('',*,*,#1838,.T.);
#2395=ORIENTED_EDGE('',*,*,#1848,.F.);
#2396=ORIENTED_EDGE('',*,*,#1858,.F.);
#2397=ORIENTED_EDGE('',*,*,#1856,.F.);
#2398=ORIENTED_EDGE('',*,*,#1830,.T.);
#2399=ORIENTED_EDGE('',*,*,#1859,.F.);
#2400=ORIENTED_EDGE('',*,*,#1860,.F.);
#2401=ORIENTED_EDGE('',*,*,#1849,.F.);
#2402=ORIENTED_EDGE('',*,*,#1853,.T.);
#2403=ORIENTED_EDGE('',*,*,#1857,.T.);
#2404=ORIENTED_EDGE('',*,*,#1858,.T.);
#2405=ORIENTED_EDGE('',*,*,#1847,.T.);
#2406=ORIENTED_EDGE('',*,*,#1833,.T.);
#2407=ORIENTED_EDGE('',*,*,#1855,.T.);
#2408=ORIENTED_EDGE('',*,*,#1861,.F.);
#2409=ORIENTED_EDGE('',*,*,#1859,.T.);
#2410=ORIENTED_EDGE('',*,*,#1854,.T.);
#2411=ORIENTED_EDGE('',*,*,#1850,.T.);
#2412=ORIENTED_EDGE('',*,*,#1860,.T.);
#2413=ORIENTED_EDGE('',*,*,#1861,.T.);
#2414=ORIENTED_EDGE('',*,*,#1862,.T.);
#2415=ORIENTED_EDGE('',*,*,#1863,.T.);
#2416=ORIENTED_EDGE('',*,*,#1864,.F.);
#2417=ORIENTED_EDGE('',*,*,#1865,.F.);
#2418=ORIENTED_EDGE('',*,*,#1866,.T.);
#2419=ORIENTED_EDGE('',*,*,#1865,.T.);
#2420=ORIENTED_EDGE('',*,*,#1867,.F.);
#2421=ORIENTED_EDGE('',*,*,#1868,.F.);
#2422=ORIENTED_EDGE('',*,*,#1869,.T.);
#2423=ORIENTED_EDGE('',*,*,#1868,.T.);
#2424=ORIENTED_EDGE('',*,*,#1870,.F.);
#2425=ORIENTED_EDGE('',*,*,#1871,.F.);
#2426=ORIENTED_EDGE('',*,*,#1872,.T.);
#2427=ORIENTED_EDGE('',*,*,#1871,.T.);
#2428=ORIENTED_EDGE('',*,*,#1873,.F.);
#2429=ORIENTED_EDGE('',*,*,#1863,.F.);
#2430=ORIENTED_EDGE('',*,*,#1873,.T.);
#2431=ORIENTED_EDGE('',*,*,#1870,.T.);
#2432=ORIENTED_EDGE('',*,*,#1867,.T.);
#2433=ORIENTED_EDGE('',*,*,#1864,.T.);
#2434=ORIENTED_EDGE('',*,*,#1872,.F.);
#2435=ORIENTED_EDGE('',*,*,#1862,.F.);
#2436=ORIENTED_EDGE('',*,*,#1866,.F.);
#2437=ORIENTED_EDGE('',*,*,#1869,.F.);
#2438=ORIENTED_EDGE('',*,*,#1874,.T.);
#2439=ORIENTED_EDGE('',*,*,#1875,.T.);
#2440=ORIENTED_EDGE('',*,*,#1876,.T.);
#2441=ORIENTED_EDGE('',*,*,#1877,.T.);
#2442=ORIENTED_EDGE('',*,*,#1878,.F.);
#2443=ORIENTED_EDGE('',*,*,#1874,.F.);
#2444=ORIENTED_EDGE('',*,*,#1879,.T.);
#2445=ORIENTED_EDGE('',*,*,#1880,.F.);
#2446=ORIENTED_EDGE('',*,*,#1881,.F.);
#2447=ORIENTED_EDGE('',*,*,#1881,.T.);
#2448=ORIENTED_EDGE('',*,*,#1882,.F.);
#2449=ORIENTED_EDGE('',*,*,#1883,.F.);
#2450=ORIENTED_EDGE('',*,*,#1875,.F.);
#2451=ORIENTED_EDGE('',*,*,#1877,.F.);
#2452=ORIENTED_EDGE('',*,*,#1884,.T.);
#2453=ORIENTED_EDGE('',*,*,#1885,.F.);
#2454=ORIENTED_EDGE('',*,*,#1879,.F.);
#2455=ORIENTED_EDGE('',*,*,#1876,.F.);
#2456=ORIENTED_EDGE('',*,*,#1883,.T.);
#2457=ORIENTED_EDGE('',*,*,#1886,.F.);
#2458=ORIENTED_EDGE('',*,*,#1884,.F.);
#2459=ORIENTED_EDGE('',*,*,#1887,.F.);
#2460=ORIENTED_EDGE('',*,*,#1888,.F.);
#2461=ORIENTED_EDGE('',*,*,#1889,.F.);
#2462=ORIENTED_EDGE('',*,*,#1890,.F.);
#2463=ORIENTED_EDGE('',*,*,#1880,.T.);
#2464=ORIENTED_EDGE('',*,*,#1885,.T.);
#2465=ORIENTED_EDGE('',*,*,#1886,.T.);
#2466=ORIENTED_EDGE('',*,*,#1882,.T.);
#2467=ORIENTED_EDGE('',*,*,#1891,.T.);
#2468=ORIENTED_EDGE('',*,*,#1892,.T.);
#2469=ORIENTED_EDGE('',*,*,#1893,.T.);
#2470=ORIENTED_EDGE('',*,*,#1894,.T.);
#2471=ORIENTED_EDGE('',*,*,#1891,.F.);
#2472=ORIENTED_EDGE('',*,*,#1895,.T.);
#2473=ORIENTED_EDGE('',*,*,#1887,.T.);
#2474=ORIENTED_EDGE('',*,*,#1896,.F.);
#2475=ORIENTED_EDGE('',*,*,#1896,.T.);
#2476=ORIENTED_EDGE('',*,*,#1890,.T.);
#2477=ORIENTED_EDGE('',*,*,#1897,.F.);
#2478=ORIENTED_EDGE('',*,*,#1892,.F.);
#2479=ORIENTED_EDGE('',*,*,#1897,.T.);
#2480=ORIENTED_EDGE('',*,*,#1889,.T.);
#2481=ORIENTED_EDGE('',*,*,#1898,.F.);
#2482=ORIENTED_EDGE('',*,*,#1893,.F.);
#2483=ORIENTED_EDGE('',*,*,#1898,.T.);
#2484=ORIENTED_EDGE('',*,*,#1888,.T.);
#2485=ORIENTED_EDGE('',*,*,#1895,.F.);
#2486=ORIENTED_EDGE('',*,*,#1894,.F.);
#2487=ORIENTED_EDGE('',*,*,#1899,.T.);
#2488=ORIENTED_EDGE('',*,*,#1900,.T.);
#2489=ORIENTED_EDGE('',*,*,#1901,.T.);
#2490=ORIENTED_EDGE('',*,*,#1902,.T.);
#2491=ORIENTED_EDGE('',*,*,#1903,.T.);
#2492=ORIENTED_EDGE('',*,*,#1904,.F.);
#2493=ORIENTED_EDGE('',*,*,#1905,.F.);
#2494=ORIENTED_EDGE('',*,*,#1906,.F.);
#2495=ORIENTED_EDGE('',*,*,#1907,.F.);
#2496=ORIENTED_EDGE('',*,*,#1899,.F.);
#2497=ORIENTED_EDGE('',*,*,#1908,.T.);
#2498=ORIENTED_EDGE('',*,*,#1904,.T.);
#2499=ORIENTED_EDGE('',*,*,#1909,.F.);
#2500=ORIENTED_EDGE('',*,*,#1909,.T.);
#2501=ORIENTED_EDGE('',*,*,#1907,.T.);
#2502=ORIENTED_EDGE('',*,*,#1910,.F.);
#2503=ORIENTED_EDGE('',*,*,#1900,.F.);
#2504=ORIENTED_EDGE('',*,*,#1910,.T.);
#2505=ORIENTED_EDGE('',*,*,#1906,.T.);
#2506=ORIENTED_EDGE('',*,*,#1911,.F.);
#2507=ORIENTED_EDGE('',*,*,#1901,.F.);
#2508=ORIENTED_EDGE('',*,*,#1911,.T.);
#2509=ORIENTED_EDGE('',*,*,#1905,.T.);
#2510=ORIENTED_EDGE('',*,*,#1908,.F.);
#2511=ORIENTED_EDGE('',*,*,#1902,.F.);
#2512=ORIENTED_EDGE('',*,*,#1878,.T.);
#2513=ORIENTED_EDGE('',*,*,#1912,.T.);
#2514=ORIENTED_EDGE('',*,*,#1903,.F.);
#2515=ORIENTED_EDGE('',*,*,#1912,.F.);
#2516=ORIENTED_EDGE('',*,*,#1913,.T.);
#2517=ORIENTED_EDGE('',*,*,#1914,.T.);
#2518=ORIENTED_EDGE('',*,*,#1915,.T.);
#2519=ORIENTED_EDGE('',*,*,#1916,.T.);
#2520=ORIENTED_EDGE('',*,*,#1917,.F.);
#2521=ORIENTED_EDGE('',*,*,#1913,.F.);
#2522=ORIENTED_EDGE('',*,*,#1918,.T.);
#2523=ORIENTED_EDGE('',*,*,#1919,.F.);
#2524=ORIENTED_EDGE('',*,*,#1920,.F.);
#2525=ORIENTED_EDGE('',*,*,#1920,.T.);
#2526=ORIENTED_EDGE('',*,*,#1921,.F.);
#2527=ORIENTED_EDGE('',*,*,#1922,.F.);
#2528=ORIENTED_EDGE('',*,*,#1914,.F.);
#2529=ORIENTED_EDGE('',*,*,#1916,.F.);
#2530=ORIENTED_EDGE('',*,*,#1923,.T.);
#2531=ORIENTED_EDGE('',*,*,#1924,.F.);
#2532=ORIENTED_EDGE('',*,*,#1918,.F.);
#2533=ORIENTED_EDGE('',*,*,#1915,.F.);
#2534=ORIENTED_EDGE('',*,*,#1922,.T.);
#2535=ORIENTED_EDGE('',*,*,#1925,.F.);
#2536=ORIENTED_EDGE('',*,*,#1923,.F.);
#2537=ORIENTED_EDGE('',*,*,#1926,.T.);
#2538=ORIENTED_EDGE('',*,*,#1927,.T.);
#2539=ORIENTED_EDGE('',*,*,#1928,.T.);
#2540=ORIENTED_EDGE('',*,*,#1929,.T.);
#2541=ORIENTED_EDGE('',*,*,#1930,.F.);
#2542=ORIENTED_EDGE('',*,*,#1931,.F.);
#2543=ORIENTED_EDGE('',*,*,#1932,.F.);
#2544=ORIENTED_EDGE('',*,*,#1933,.F.);
#2545=ORIENTED_EDGE('',*,*,#1919,.T.);
#2546=ORIENTED_EDGE('',*,*,#1924,.T.);
#2547=ORIENTED_EDGE('',*,*,#1925,.T.);
#2548=ORIENTED_EDGE('',*,*,#1921,.T.);
#2549=ORIENTED_EDGE('',*,*,#1929,.F.);
#2550=ORIENTED_EDGE('',*,*,#1934,.T.);
#2551=ORIENTED_EDGE('',*,*,#1930,.T.);
#2552=ORIENTED_EDGE('',*,*,#1935,.F.);
#2553=ORIENTED_EDGE('',*,*,#1936,.F.);
#2554=ORIENTED_EDGE('',*,*,#1935,.T.);
#2555=ORIENTED_EDGE('',*,*,#1933,.T.);
#2556=ORIENTED_EDGE('',*,*,#1937,.F.);
#2557=ORIENTED_EDGE('',*,*,#1938,.F.);
#2558=ORIENTED_EDGE('',*,*,#1937,.T.);
#2559=ORIENTED_EDGE('',*,*,#1932,.T.);
#2560=ORIENTED_EDGE('',*,*,#1939,.F.);
#2561=ORIENTED_EDGE('',*,*,#1927,.F.);
#2562=ORIENTED_EDGE('',*,*,#1940,.F.);
#2563=ORIENTED_EDGE('',*,*,#1939,.T.);
#2564=ORIENTED_EDGE('',*,*,#1931,.T.);
#2565=ORIENTED_EDGE('',*,*,#1934,.F.);
#2566=ORIENTED_EDGE('',*,*,#1928,.F.);
#2567=ORIENTED_EDGE('',*,*,#1936,.T.);
#2568=ORIENTED_EDGE('',*,*,#1938,.T.);
#2569=ORIENTED_EDGE('',*,*,#1940,.T.);
#2570=ORIENTED_EDGE('',*,*,#1941,.T.);
#2571=ORIENTED_EDGE('',*,*,#1942,.T.);
#2572=ORIENTED_EDGE('',*,*,#1943,.T.);
#2573=ORIENTED_EDGE('',*,*,#1944,.T.);
#2574=ORIENTED_EDGE('',*,*,#1945,.T.);
#2575=ORIENTED_EDGE('',*,*,#1946,.T.);
#2576=ORIENTED_EDGE('',*,*,#1947,.F.);
#2577=ORIENTED_EDGE('',*,*,#1948,.F.);
#2578=ORIENTED_EDGE('',*,*,#1949,.T.);
#2579=ORIENTED_EDGE('',*,*,#1950,.T.);
#2580=ORIENTED_EDGE('',*,*,#1951,.T.);
#2581=ORIENTED_EDGE('',*,*,#1952,.T.);
#2582=ORIENTED_EDGE('',*,*,#1953,.T.);
#2583=ORIENTED_EDGE('',*,*,#1954,.F.);
#2584=ORIENTED_EDGE('',*,*,#1950,.F.);
#2585=ORIENTED_EDGE('',*,*,#1955,.T.);
#2586=ORIENTED_EDGE('',*,*,#1956,.F.);
#2587=ORIENTED_EDGE('',*,*,#1957,.F.);
#2588=ORIENTED_EDGE('',*,*,#1957,.T.);
#2589=ORIENTED_EDGE('',*,*,#1958,.F.);
#2590=ORIENTED_EDGE('',*,*,#1959,.F.);
#2591=ORIENTED_EDGE('',*,*,#1951,.F.);
#2592=ORIENTED_EDGE('',*,*,#1953,.F.);
#2593=ORIENTED_EDGE('',*,*,#1960,.T.);
#2594=ORIENTED_EDGE('',*,*,#1961,.F.);
#2595=ORIENTED_EDGE('',*,*,#1955,.F.);
#2596=ORIENTED_EDGE('',*,*,#1952,.F.);
#2597=ORIENTED_EDGE('',*,*,#1959,.T.);
#2598=ORIENTED_EDGE('',*,*,#1962,.F.);
#2599=ORIENTED_EDGE('',*,*,#1960,.F.);
#2600=ORIENTED_EDGE('',*,*,#1943,.F.);
#2601=ORIENTED_EDGE('',*,*,#1963,.T.);
#2602=ORIENTED_EDGE('',*,*,#1964,.T.);
#2603=ORIENTED_EDGE('',*,*,#1965,.F.);
#2604=ORIENTED_EDGE('',*,*,#1942,.F.);
#2605=ORIENTED_EDGE('',*,*,#1966,.F.);
#2606=ORIENTED_EDGE('',*,*,#1967,.F.);
#2607=ORIENTED_EDGE('',*,*,#1968,.T.);
#2608=ORIENTED_EDGE('',*,*,#1969,.T.);
#2609=ORIENTED_EDGE('',*,*,#1963,.F.);
#2610=ORIENTED_EDGE('',*,*,#1970,.F.);
#2611=ORIENTED_EDGE('',*,*,#1964,.F.);
#2612=ORIENTED_EDGE('',*,*,#1969,.F.);
#2613=ORIENTED_EDGE('',*,*,#1971,.F.);
#2614=ORIENTED_EDGE('',*,*,#1956,.T.);
#2615=ORIENTED_EDGE('',*,*,#1961,.T.);
#2616=ORIENTED_EDGE('',*,*,#1962,.T.);
#2617=ORIENTED_EDGE('',*,*,#1958,.T.);
#2618=ORIENTED_EDGE('',*,*,#1944,.F.);
#2619=ORIENTED_EDGE('',*,*,#1965,.T.);
#2620=ORIENTED_EDGE('',*,*,#1970,.T.);
#2621=ORIENTED_EDGE('',*,*,#1972,.F.);
#2622=ORIENTED_EDGE('',*,*,#1973,.F.);
#2623=ORIENTED_EDGE('',*,*,#1974,.F.);
#2624=ORIENTED_EDGE('',*,*,#1972,.T.);
#2625=ORIENTED_EDGE('',*,*,#1971,.T.);
#2626=ORIENTED_EDGE('',*,*,#1968,.F.);
#2627=ORIENTED_EDGE('',*,*,#1975,.F.);
#2628=ORIENTED_EDGE('',*,*,#1966,.T.);
#2629=ORIENTED_EDGE('',*,*,#1941,.F.);
#2630=ORIENTED_EDGE('',*,*,#1926,.F.);
#2631=ORIENTED_EDGE('',*,*,#1949,.F.);
#2632=ORIENTED_EDGE('',*,*,#1976,.F.);
#2633=ORIENTED_EDGE('',*,*,#1977,.F.);
#2634=ORIENTED_EDGE('',*,*,#1974,.T.);
#2635=ORIENTED_EDGE('',*,*,#1978,.F.);
#2636=ORIENTED_EDGE('',*,*,#1979,.F.);
#2637=ORIENTED_EDGE('',*,*,#1980,.T.);
#2638=ORIENTED_EDGE('',*,*,#1981,.F.);
#2639=ORIENTED_EDGE('',*,*,#1982,.F.);
#2640=ORIENTED_EDGE('',*,*,#1983,.F.);
#2641=ORIENTED_EDGE('',*,*,#1984,.T.);
#2642=ORIENTED_EDGE('',*,*,#1985,.F.);
#2643=ORIENTED_EDGE('',*,*,#1986,.F.);
#2644=ORIENTED_EDGE('',*,*,#1987,.F.);
#2645=ORIENTED_EDGE('',*,*,#1945,.F.);
#2646=ORIENTED_EDGE('',*,*,#1988,.F.);
#2647=ORIENTED_EDGE('',*,*,#1989,.F.);
#2648=ORIENTED_EDGE('',*,*,#1990,.F.);
#2649=ORIENTED_EDGE('',*,*,#1991,.F.);
#2650=ORIENTED_EDGE('',*,*,#1992,.T.);
#2651=ORIENTED_EDGE('',*,*,#1993,.T.);
#2652=ORIENTED_EDGE('',*,*,#1994,.T.);
#2653=ORIENTED_EDGE('',*,*,#1995,.T.);
#2654=ORIENTED_EDGE('',*,*,#1996,.F.);
#2655=ORIENTED_EDGE('',*,*,#1992,.F.);
#2656=ORIENTED_EDGE('',*,*,#1997,.T.);
#2657=ORIENTED_EDGE('',*,*,#1998,.F.);
#2658=ORIENTED_EDGE('',*,*,#1999,.F.);
#2659=ORIENTED_EDGE('',*,*,#1999,.T.);
#2660=ORIENTED_EDGE('',*,*,#2000,.F.);
#2661=ORIENTED_EDGE('',*,*,#2001,.F.);
#2662=ORIENTED_EDGE('',*,*,#1993,.F.);
#2663=ORIENTED_EDGE('',*,*,#1995,.F.);
#2664=ORIENTED_EDGE('',*,*,#2002,.T.);
#2665=ORIENTED_EDGE('',*,*,#2003,.F.);
#2666=ORIENTED_EDGE('',*,*,#1997,.F.);
#2667=ORIENTED_EDGE('',*,*,#1994,.F.);
#2668=ORIENTED_EDGE('',*,*,#2001,.T.);
#2669=ORIENTED_EDGE('',*,*,#2004,.F.);
#2670=ORIENTED_EDGE('',*,*,#2002,.F.);
#2671=ORIENTED_EDGE('',*,*,#2005,.F.);
#2672=ORIENTED_EDGE('',*,*,#2006,.F.);
#2673=ORIENTED_EDGE('',*,*,#2007,.F.);
#2674=ORIENTED_EDGE('',*,*,#2008,.F.);
#2675=ORIENTED_EDGE('',*,*,#1998,.T.);
#2676=ORIENTED_EDGE('',*,*,#2003,.T.);
#2677=ORIENTED_EDGE('',*,*,#2004,.T.);
#2678=ORIENTED_EDGE('',*,*,#2000,.T.);
#2679=ORIENTED_EDGE('',*,*,#2009,.F.);
#2680=ORIENTED_EDGE('',*,*,#2010,.T.);
#2681=ORIENTED_EDGE('',*,*,#2005,.T.);
#2682=ORIENTED_EDGE('',*,*,#2011,.F.);
#2683=ORIENTED_EDGE('',*,*,#2012,.T.);
#2684=ORIENTED_EDGE('',*,*,#2007,.T.);
#2685=ORIENTED_EDGE('',*,*,#2013,.F.);
#2686=ORIENTED_EDGE('',*,*,#2014,.F.);
#2687=ORIENTED_EDGE('',*,*,#2013,.T.);
#2688=ORIENTED_EDGE('',*,*,#2006,.T.);
#2689=ORIENTED_EDGE('',*,*,#2010,.F.);
#2690=ORIENTED_EDGE('',*,*,#2015,.F.);
#2691=ORIENTED_EDGE('',*,*,#1967,.T.);
#2692=ORIENTED_EDGE('',*,*,#1977,.T.);
#2693=ORIENTED_EDGE('',*,*,#2016,.T.);
#2694=ORIENTED_EDGE('',*,*,#2017,.T.);
#2695=ORIENTED_EDGE('',*,*,#2018,.T.);
#2696=ORIENTED_EDGE('',*,*,#2019,.T.);
#2697=ORIENTED_EDGE('',*,*,#2020,.T.);
#2698=ORIENTED_EDGE('',*,*,#2021,.T.);
#2699=ORIENTED_EDGE('',*,*,#2014,.T.);
#2700=ORIENTED_EDGE('',*,*,#2015,.T.);
#2701=ORIENTED_EDGE('',*,*,#2009,.T.);
#2702=ORIENTED_EDGE('',*,*,#2022,.T.);
#2703=ORIENTED_EDGE('',*,*,#2023,.T.);
#2704=ORIENTED_EDGE('',*,*,#2024,.T.);
#2705=ORIENTED_EDGE('',*,*,#2025,.F.);
#2706=ORIENTED_EDGE('',*,*,#2026,.T.);
#2707=ORIENTED_EDGE('',*,*,#2027,.T.);
#2708=ORIENTED_EDGE('',*,*,#2028,.T.);
#2709=ORIENTED_EDGE('',*,*,#1978,.T.);
#2710=ORIENTED_EDGE('',*,*,#1973,.T.);
#2711=ORIENTED_EDGE('',*,*,#1975,.T.);
#2712=ORIENTED_EDGE('',*,*,#2029,.F.);
#2713=ORIENTED_EDGE('',*,*,#2030,.F.);
#2714=ORIENTED_EDGE('',*,*,#2031,.F.);
#2715=ORIENTED_EDGE('',*,*,#2032,.T.);
#2716=ORIENTED_EDGE('',*,*,#2033,.T.);
#2717=ORIENTED_EDGE('',*,*,#2034,.F.);
#2718=ORIENTED_EDGE('',*,*,#2035,.T.);
#2719=ORIENTED_EDGE('',*,*,#2036,.T.);
#2720=ORIENTED_EDGE('',*,*,#2037,.T.);
#2721=ORIENTED_EDGE('',*,*,#2038,.F.);
#2722=ORIENTED_EDGE('',*,*,#2039,.F.);
#2723=ORIENTED_EDGE('',*,*,#2040,.T.);
#2724=ORIENTED_EDGE('',*,*,#2041,.T.);
#2725=ORIENTED_EDGE('',*,*,#2042,.F.);
#2726=ORIENTED_EDGE('',*,*,#2043,.T.);
#2727=ORIENTED_EDGE('',*,*,#2044,.T.);
#2728=ORIENTED_EDGE('',*,*,#2045,.T.);
#2729=ORIENTED_EDGE('',*,*,#2046,.F.);
#2730=ORIENTED_EDGE('',*,*,#2047,.F.);
#2731=ORIENTED_EDGE('',*,*,#2048,.F.);
#2732=ORIENTED_EDGE('',*,*,#2049,.F.);
#2733=ORIENTED_EDGE('',*,*,#2050,.F.);
#2734=ORIENTED_EDGE('',*,*,#2051,.T.);
#2735=ORIENTED_EDGE('',*,*,#2052,.F.);
#2736=ORIENTED_EDGE('',*,*,#2053,.F.);
#2737=ORIENTED_EDGE('',*,*,#2054,.T.);
#2738=ORIENTED_EDGE('',*,*,#2055,.F.);
#2739=ORIENTED_EDGE('',*,*,#2056,.F.);
#2740=ORIENTED_EDGE('',*,*,#2046,.T.);
#2741=ORIENTED_EDGE('',*,*,#2057,.T.);
#2742=ORIENTED_EDGE('',*,*,#2050,.T.);
#2743=ORIENTED_EDGE('',*,*,#2058,.T.);
#2744=ORIENTED_EDGE('',*,*,#2059,.F.);
#2745=ORIENTED_EDGE('',*,*,#2047,.T.);
#2746=ORIENTED_EDGE('',*,*,#2056,.T.);
#2747=ORIENTED_EDGE('',*,*,#2060,.F.);
#2748=ORIENTED_EDGE('',*,*,#2061,.F.);
#2749=ORIENTED_EDGE('',*,*,#2048,.T.);
#2750=ORIENTED_EDGE('',*,*,#2061,.T.);
#2751=ORIENTED_EDGE('',*,*,#2062,.F.);
#2752=ORIENTED_EDGE('',*,*,#2063,.F.);
#2753=ORIENTED_EDGE('',*,*,#2049,.T.);
#2754=ORIENTED_EDGE('',*,*,#2063,.T.);
#2755=ORIENTED_EDGE('',*,*,#2064,.F.);
#2756=ORIENTED_EDGE('',*,*,#2058,.F.);
#2757=ORIENTED_EDGE('',*,*,#2065,.T.);
#2758=ORIENTED_EDGE('',*,*,#2059,.T.);
#2759=ORIENTED_EDGE('',*,*,#2064,.T.);
#2760=ORIENTED_EDGE('',*,*,#2062,.T.);
#2761=ORIENTED_EDGE('',*,*,#2060,.T.);
#2762=ORIENTED_EDGE('',*,*,#2055,.T.);
#2763=ORIENTED_EDGE('',*,*,#2066,.T.);
#2764=ORIENTED_EDGE('',*,*,#2034,.T.);
#2765=ORIENTED_EDGE('',*,*,#2067,.T.);
#2766=ORIENTED_EDGE('',*,*,#2068,.T.);
#2767=ORIENTED_EDGE('',*,*,#2069,.F.);
#2768=ORIENTED_EDGE('',*,*,#2070,.F.);
#2769=ORIENTED_EDGE('',*,*,#2071,.T.);
#2770=ORIENTED_EDGE('',*,*,#2072,.T.);
#2771=ORIENTED_EDGE('',*,*,#2073,.T.);
#2772=ORIENTED_EDGE('',*,*,#2074,.T.);
#2773=ORIENTED_EDGE('',*,*,#2075,.T.);
#2774=ORIENTED_EDGE('',*,*,#2069,.T.);
#2775=ORIENTED_EDGE('',*,*,#2076,.T.);
#2776=ORIENTED_EDGE('',*,*,#2077,.F.);
#2777=ORIENTED_EDGE('',*,*,#2078,.F.);
#2778=ORIENTED_EDGE('',*,*,#1984,.F.);
#2779=ORIENTED_EDGE('',*,*,#2079,.F.);
#2780=ORIENTED_EDGE('',*,*,#2074,.F.);
#2781=ORIENTED_EDGE('',*,*,#2080,.F.);
#2782=ORIENTED_EDGE('',*,*,#2081,.F.);
#2783=ORIENTED_EDGE('',*,*,#2082,.F.);
#2784=ORIENTED_EDGE('',*,*,#2083,.F.);
#2785=ORIENTED_EDGE('',*,*,#2026,.F.);
#2786=ORIENTED_EDGE('',*,*,#2084,.F.);
#2787=ORIENTED_EDGE('',*,*,#2071,.F.);
#2788=ORIENTED_EDGE('',*,*,#2085,.F.);
#2789=ORIENTED_EDGE('',*,*,#2086,.F.);
#2790=ORIENTED_EDGE('',*,*,#2087,.F.);
#2791=ORIENTED_EDGE('',*,*,#2088,.T.);
#2792=ORIENTED_EDGE('',*,*,#2089,.T.);
#2793=ORIENTED_EDGE('',*,*,#2090,.F.);
#2794=ORIENTED_EDGE('',*,*,#2091,.T.);
#2795=ORIENTED_EDGE('',*,*,#2092,.F.);
#2796=ORIENTED_EDGE('',*,*,#2093,.F.);
#2797=ORIENTED_EDGE('',*,*,#2094,.T.);
#2798=ORIENTED_EDGE('',*,*,#2072,.F.);
#2799=ORIENTED_EDGE('',*,*,#2084,.T.);
#2800=ORIENTED_EDGE('',*,*,#2025,.T.);
#2801=ORIENTED_EDGE('',*,*,#2095,.F.);
#2802=ORIENTED_EDGE('',*,*,#2091,.F.);
#2803=ORIENTED_EDGE('',*,*,#2096,.F.);
#2804=ORIENTED_EDGE('',*,*,#2029,.T.);
#2805=ORIENTED_EDGE('',*,*,#2085,.T.);
#2806=ORIENTED_EDGE('',*,*,#2070,.T.);
#2807=ORIENTED_EDGE('',*,*,#2075,.F.);
#2808=ORIENTED_EDGE('',*,*,#2097,.F.);
#2809=ORIENTED_EDGE('',*,*,#2089,.F.);
#2810=ORIENTED_EDGE('',*,*,#2098,.F.);
#2811=ORIENTED_EDGE('',*,*,#2027,.F.);
#2812=ORIENTED_EDGE('',*,*,#2098,.T.);
#2813=ORIENTED_EDGE('',*,*,#2099,.T.);
#2814=ORIENTED_EDGE('',*,*,#1979,.T.);
#2815=ORIENTED_EDGE('',*,*,#2028,.F.);
#2816=ORIENTED_EDGE('',*,*,#1947,.T.);
#2817=ORIENTED_EDGE('',*,*,#2100,.T.);
#2818=ORIENTED_EDGE('',*,*,#2101,.T.);
#2819=ORIENTED_EDGE('',*,*,#2102,.T.);
#2820=ORIENTED_EDGE('',*,*,#2103,.F.);
#2821=ORIENTED_EDGE('',*,*,#2104,.F.);
#2822=ORIENTED_EDGE('',*,*,#2105,.F.);
#2823=ORIENTED_EDGE('',*,*,#2106,.F.);
#2824=ORIENTED_EDGE('',*,*,#1985,.T.);
#2825=ORIENTED_EDGE('',*,*,#2107,.F.);
#2826=ORIENTED_EDGE('',*,*,#1981,.T.);
#2827=ORIENTED_EDGE('',*,*,#2108,.F.);
#2828=ORIENTED_EDGE('',*,*,#1976,.T.);
#2829=ORIENTED_EDGE('',*,*,#1948,.T.);
#2830=ORIENTED_EDGE('',*,*,#2102,.F.);
#2831=ORIENTED_EDGE('',*,*,#2109,.F.);
#2832=ORIENTED_EDGE('',*,*,#1986,.T.);
#2833=ORIENTED_EDGE('',*,*,#2109,.T.);
#2834=ORIENTED_EDGE('',*,*,#2101,.F.);
#2835=ORIENTED_EDGE('',*,*,#2110,.F.);
#2836=ORIENTED_EDGE('',*,*,#1987,.T.);
#2837=ORIENTED_EDGE('',*,*,#2110,.T.);
#2838=ORIENTED_EDGE('',*,*,#2100,.F.);
#2839=ORIENTED_EDGE('',*,*,#1946,.F.);
#2840=ORIENTED_EDGE('',*,*,#2106,.T.);
#2841=ORIENTED_EDGE('',*,*,#2111,.T.);
#2842=ORIENTED_EDGE('',*,*,#2112,.F.);
#2843=ORIENTED_EDGE('',*,*,#2113,.T.);
#2844=ORIENTED_EDGE('',*,*,#1989,.T.);
#2845=ORIENTED_EDGE('',*,*,#2114,.T.);
#2846=ORIENTED_EDGE('',*,*,#2115,.F.);
#2847=ORIENTED_EDGE('',*,*,#2116,.T.);
#2848=ORIENTED_EDGE('',*,*,#2105,.T.);
#2849=ORIENTED_EDGE('',*,*,#2117,.F.);
#2850=ORIENTED_EDGE('',*,*,#2118,.F.);
#2851=ORIENTED_EDGE('',*,*,#2111,.F.);
#2852=ORIENTED_EDGE('',*,*,#1990,.T.);
#2853=ORIENTED_EDGE('',*,*,#2116,.F.);
#2854=ORIENTED_EDGE('',*,*,#2119,.F.);
#2855=ORIENTED_EDGE('',*,*,#2120,.F.);
#2856=ORIENTED_EDGE('',*,*,#2104,.T.);
#2857=ORIENTED_EDGE('',*,*,#2121,.T.);
#2858=ORIENTED_EDGE('',*,*,#2122,.F.);
#2859=ORIENTED_EDGE('',*,*,#2117,.T.);
#2860=ORIENTED_EDGE('',*,*,#2103,.T.);
#2861=ORIENTED_EDGE('',*,*,#2113,.F.);
#2862=ORIENTED_EDGE('',*,*,#2123,.F.);
#2863=ORIENTED_EDGE('',*,*,#2121,.F.);
#2864=ORIENTED_EDGE('',*,*,#1988,.T.);
#2865=ORIENTED_EDGE('',*,*,#2124,.F.);
#2866=ORIENTED_EDGE('',*,*,#2125,.F.);
#2867=ORIENTED_EDGE('',*,*,#2114,.F.);
#2868=ORIENTED_EDGE('',*,*,#2118,.T.);
#2869=ORIENTED_EDGE('',*,*,#2122,.T.);
#2870=ORIENTED_EDGE('',*,*,#2123,.T.);
#2871=ORIENTED_EDGE('',*,*,#2112,.T.);
#2872=ORIENTED_EDGE('',*,*,#1991,.T.);
#2873=ORIENTED_EDGE('',*,*,#2120,.T.);
#2874=ORIENTED_EDGE('',*,*,#2126,.F.);
#2875=ORIENTED_EDGE('',*,*,#2124,.T.);
#2876=ORIENTED_EDGE('',*,*,#2119,.T.);
#2877=ORIENTED_EDGE('',*,*,#2115,.T.);
#2878=ORIENTED_EDGE('',*,*,#2125,.T.);
#2879=ORIENTED_EDGE('',*,*,#2126,.T.);
#2880=ORIENTED_EDGE('',*,*,#2108,.T.);
#2881=ORIENTED_EDGE('',*,*,#2127,.T.);
#2882=ORIENTED_EDGE('',*,*,#2128,.T.);
#2883=ORIENTED_EDGE('',*,*,#2016,.F.);
#2884=ORIENTED_EDGE('',*,*,#2019,.F.);
#2885=ORIENTED_EDGE('',*,*,#2129,.T.);
#2886=ORIENTED_EDGE('',*,*,#2130,.T.);
#2887=ORIENTED_EDGE('',*,*,#2131,.T.);
#2888=ORIENTED_EDGE('',*,*,#2132,.F.);
#2889=ORIENTED_EDGE('',*,*,#2133,.T.);
#2890=ORIENTED_EDGE('',*,*,#2134,.T.);
#2891=ORIENTED_EDGE('',*,*,#2135,.T.);
#2892=ORIENTED_EDGE('',*,*,#2136,.T.);
#2893=ORIENTED_EDGE('',*,*,#2137,.T.);
#2894=ORIENTED_EDGE('',*,*,#2129,.F.);
#2895=ORIENTED_EDGE('',*,*,#2138,.F.);
#2896=ORIENTED_EDGE('',*,*,#2133,.F.);
#2897=ORIENTED_EDGE('',*,*,#2139,.F.);
#2898=ORIENTED_EDGE('',*,*,#2140,.F.);
#2899=ORIENTED_EDGE('',*,*,#2141,.T.);
#2900=ORIENTED_EDGE('',*,*,#2142,.T.);
#2901=ORIENTED_EDGE('',*,*,#2143,.F.);
#2902=ORIENTED_EDGE('',*,*,#2135,.F.);
#2903=ORIENTED_EDGE('',*,*,#2144,.F.);
#2904=ORIENTED_EDGE('',*,*,#2131,.F.);
#2905=ORIENTED_EDGE('',*,*,#2145,.F.);
#2906=ORIENTED_EDGE('',*,*,#2146,.T.);
#2907=ORIENTED_EDGE('',*,*,#2145,.T.);
#2908=ORIENTED_EDGE('',*,*,#2130,.F.);
#2909=ORIENTED_EDGE('',*,*,#2137,.F.);
#2910=ORIENTED_EDGE('',*,*,#2146,.F.);
#2911=ORIENTED_EDGE('',*,*,#2136,.F.);
#2912=ORIENTED_EDGE('',*,*,#2147,.F.);
#2913=ORIENTED_EDGE('',*,*,#2141,.F.);
#2914=ORIENTED_EDGE('',*,*,#2148,.T.);
#2915=ORIENTED_EDGE('',*,*,#2149,.T.);
#2916=ORIENTED_EDGE('',*,*,#2023,.F.);
#2917=ORIENTED_EDGE('',*,*,#2150,.F.);
#2918=ORIENTED_EDGE('',*,*,#2151,.T.);
#2919=ORIENTED_EDGE('',*,*,#2150,.T.);
#2920=ORIENTED_EDGE('',*,*,#2022,.F.);
#2921=ORIENTED_EDGE('',*,*,#2011,.T.);
#2922=ORIENTED_EDGE('',*,*,#2008,.T.);
#2923=ORIENTED_EDGE('',*,*,#2012,.F.);
#2924=ORIENTED_EDGE('',*,*,#2021,.F.);
#2925=ORIENTED_EDGE('',*,*,#2152,.F.);
#2926=ORIENTED_EDGE('',*,*,#2144,.T.);
#2927=ORIENTED_EDGE('',*,*,#2153,.T.);
#2928=ORIENTED_EDGE('',*,*,#2152,.T.);
#2929=ORIENTED_EDGE('',*,*,#2020,.F.);
#2930=ORIENTED_EDGE('',*,*,#2154,.T.);
#2931=ORIENTED_EDGE('',*,*,#2138,.T.);
#2932=ORIENTED_EDGE('',*,*,#2018,.F.);
#2933=ORIENTED_EDGE('',*,*,#2155,.F.);
#2934=ORIENTED_EDGE('',*,*,#2156,.T.);
#2935=ORIENTED_EDGE('',*,*,#2155,.T.);
#2936=ORIENTED_EDGE('',*,*,#2017,.F.);
#2937=ORIENTED_EDGE('',*,*,#2128,.F.);
#2938=ORIENTED_EDGE('',*,*,#2157,.T.);
#2939=ORIENTED_EDGE('',*,*,#2095,.T.);
#2940=ORIENTED_EDGE('',*,*,#2024,.F.);
#2941=ORIENTED_EDGE('',*,*,#2149,.F.);
#2942=ORIENTED_EDGE('',*,*,#2157,.F.);
#2943=ORIENTED_EDGE('',*,*,#2148,.F.);
#2944=ORIENTED_EDGE('',*,*,#2151,.F.);
#2945=ORIENTED_EDGE('',*,*,#2153,.F.);
#2946=ORIENTED_EDGE('',*,*,#2134,.F.);
#2947=ORIENTED_EDGE('',*,*,#2154,.F.);
#2948=ORIENTED_EDGE('',*,*,#2156,.F.);
#2949=ORIENTED_EDGE('',*,*,#2127,.F.);
#2950=ORIENTED_EDGE('',*,*,#1980,.F.);
#2951=ORIENTED_EDGE('',*,*,#2099,.F.);
#2952=ORIENTED_EDGE('',*,*,#2088,.F.);
#2953=ORIENTED_EDGE('',*,*,#2143,.T.);
#2954=ORIENTED_EDGE('',*,*,#2158,.T.);
#2955=ORIENTED_EDGE('',*,*,#2159,.T.);
#2956=ORIENTED_EDGE('',*,*,#2160,.F.);
#2957=ORIENTED_EDGE('',*,*,#2161,.T.);
#2958=ORIENTED_EDGE('',*,*,#2162,.F.);
#2959=ORIENTED_EDGE('',*,*,#2163,.F.);
#2960=ORIENTED_EDGE('',*,*,#2158,.F.);
#2961=ORIENTED_EDGE('',*,*,#2142,.F.);
#2962=ORIENTED_EDGE('',*,*,#2147,.T.);
#2963=ORIENTED_EDGE('',*,*,#2140,.T.);
#2964=ORIENTED_EDGE('',*,*,#2164,.F.);
#2965=ORIENTED_EDGE('',*,*,#2165,.T.);
#2966=ORIENTED_EDGE('',*,*,#2166,.F.);
#2967=ORIENTED_EDGE('',*,*,#2167,.F.);
#2968=ORIENTED_EDGE('',*,*,#2168,.F.);
#2969=ORIENTED_EDGE('',*,*,#2169,.F.);
#2970=ORIENTED_EDGE('',*,*,#2170,.T.);
#2971=ORIENTED_EDGE('',*,*,#2171,.T.);
#2972=ORIENTED_EDGE('',*,*,#2090,.T.);
#2973=ORIENTED_EDGE('',*,*,#2172,.T.);
#2974=ORIENTED_EDGE('',*,*,#1982,.T.);
#2975=ORIENTED_EDGE('',*,*,#2173,.T.);
#2976=ORIENTED_EDGE('',*,*,#2174,.T.);
#2977=ORIENTED_EDGE('',*,*,#2175,.T.);
#2978=ORIENTED_EDGE('',*,*,#2132,.T.);
#2979=ORIENTED_EDGE('',*,*,#2160,.T.);
#2980=ORIENTED_EDGE('',*,*,#2176,.T.);
#2981=ORIENTED_EDGE('',*,*,#2177,.F.);
#2982=ORIENTED_EDGE('',*,*,#2178,.F.);
#2983=ORIENTED_EDGE('',*,*,#2179,.F.);
#2984=ORIENTED_EDGE('',*,*,#2180,.F.);
#2985=ORIENTED_EDGE('',*,*,#2181,.F.);
#2986=ORIENTED_EDGE('',*,*,#2182,.F.);
#2987=ORIENTED_EDGE('',*,*,#2183,.F.);
#2988=ORIENTED_EDGE('',*,*,#2184,.F.);
#2989=ORIENTED_EDGE('',*,*,#2163,.T.);
#2990=ORIENTED_EDGE('',*,*,#2185,.T.);
#2991=ORIENTED_EDGE('',*,*,#2176,.F.);
#2992=ORIENTED_EDGE('',*,*,#2159,.F.);
#2993=ORIENTED_EDGE('',*,*,#2038,.T.);
#2994=ORIENTED_EDGE('',*,*,#2164,.T.);
#2995=ORIENTED_EDGE('',*,*,#2139,.T.);
#2996=ORIENTED_EDGE('',*,*,#2175,.F.);
#2997=ORIENTED_EDGE('',*,*,#2186,.F.);
#2998=ORIENTED_EDGE('',*,*,#2077,.T.);
#2999=ORIENTED_EDGE('',*,*,#2039,.T.);
#3000=ORIENTED_EDGE('',*,*,#2186,.T.);
#3001=ORIENTED_EDGE('',*,*,#2174,.F.);
#3002=ORIENTED_EDGE('',*,*,#2187,.F.);
#3003=ORIENTED_EDGE('',*,*,#2107,.T.);
#3004=ORIENTED_EDGE('',*,*,#2078,.T.);
#3005=ORIENTED_EDGE('',*,*,#2187,.T.);
#3006=ORIENTED_EDGE('',*,*,#2173,.F.);
#3007=ORIENTED_EDGE('',*,*,#2097,.T.);
#3008=ORIENTED_EDGE('',*,*,#2079,.T.);
#3009=ORIENTED_EDGE('',*,*,#1983,.T.);
#3010=ORIENTED_EDGE('',*,*,#2172,.F.);
#3011=ORIENTED_EDGE('',*,*,#2030,.T.);
#3012=ORIENTED_EDGE('',*,*,#2096,.T.);
#3013=ORIENTED_EDGE('',*,*,#2171,.F.);
#3014=ORIENTED_EDGE('',*,*,#2188,.F.);
#3015=ORIENTED_EDGE('',*,*,#2162,.T.);
#3016=ORIENTED_EDGE('',*,*,#2031,.T.);
#3017=ORIENTED_EDGE('',*,*,#2188,.T.);
#3018=ORIENTED_EDGE('',*,*,#2170,.F.);
#3019=ORIENTED_EDGE('',*,*,#2185,.F.);
#3020=ORIENTED_EDGE('',*,*,#2184,.T.);
#3021=ORIENTED_EDGE('',*,*,#2189,.F.);
#3022=ORIENTED_EDGE('',*,*,#2190,.T.);
#3023=ORIENTED_EDGE('',*,*,#2191,.F.);
#3024=ORIENTED_EDGE('',*,*,#2081,.T.);
#3025=ORIENTED_EDGE('',*,*,#2192,.F.);
#3026=ORIENTED_EDGE('',*,*,#2193,.F.);
#3027=ORIENTED_EDGE('',*,*,#2194,.F.);
#3028=ORIENTED_EDGE('',*,*,#2183,.T.);
#3029=ORIENTED_EDGE('',*,*,#2195,.T.);
#3030=ORIENTED_EDGE('',*,*,#2196,.T.);
#3031=ORIENTED_EDGE('',*,*,#2189,.T.);
#3032=ORIENTED_EDGE('',*,*,#2082,.T.);
#3033=ORIENTED_EDGE('',*,*,#2194,.T.);
#3034=ORIENTED_EDGE('',*,*,#2197,.T.);
#3035=ORIENTED_EDGE('',*,*,#2198,.T.);
#3036=ORIENTED_EDGE('',*,*,#2182,.T.);
#3037=ORIENTED_EDGE('',*,*,#2199,.F.);
#3038=ORIENTED_EDGE('',*,*,#2200,.F.);
#3039=ORIENTED_EDGE('',*,*,#2195,.F.);
#3040=ORIENTED_EDGE('',*,*,#2181,.T.);
#3041=ORIENTED_EDGE('',*,*,#2191,.T.);
#3042=ORIENTED_EDGE('',*,*,#2201,.T.);
#3043=ORIENTED_EDGE('',*,*,#2199,.T.);
#3044=ORIENTED_EDGE('',*,*,#2080,.T.);
#3045=ORIENTED_EDGE('',*,*,#2202,.T.);
#3046=ORIENTED_EDGE('',*,*,#2203,.T.);
#3047=ORIENTED_EDGE('',*,*,#2192,.T.);
#3048=ORIENTED_EDGE('',*,*,#2196,.F.);
#3049=ORIENTED_EDGE('',*,*,#2200,.T.);
#3050=ORIENTED_EDGE('',*,*,#2201,.F.);
#3051=ORIENTED_EDGE('',*,*,#2190,.F.);
#3052=ORIENTED_EDGE('',*,*,#2197,.F.);
#3053=ORIENTED_EDGE('',*,*,#2193,.T.);
#3054=ORIENTED_EDGE('',*,*,#2203,.F.);
#3055=ORIENTED_EDGE('',*,*,#2204,.F.);
#3056=ORIENTED_EDGE('',*,*,#2083,.T.);
#3057=ORIENTED_EDGE('',*,*,#2198,.F.);
#3058=ORIENTED_EDGE('',*,*,#2204,.T.);
#3059=ORIENTED_EDGE('',*,*,#2202,.F.);
#3060=ORIENTED_EDGE('',*,*,#2180,.T.);
#3061=ORIENTED_EDGE('',*,*,#2205,.F.);
#3062=ORIENTED_EDGE('',*,*,#2206,.T.);
#3063=ORIENTED_EDGE('',*,*,#2207,.F.);
#3064=ORIENTED_EDGE('',*,*,#2167,.T.);
#3065=ORIENTED_EDGE('',*,*,#2208,.F.);
#3066=ORIENTED_EDGE('',*,*,#2209,.F.);
#3067=ORIENTED_EDGE('',*,*,#2210,.F.);
#3068=ORIENTED_EDGE('',*,*,#2179,.T.);
#3069=ORIENTED_EDGE('',*,*,#2211,.T.);
#3070=ORIENTED_EDGE('',*,*,#2212,.T.);
#3071=ORIENTED_EDGE('',*,*,#2205,.T.);
#3072=ORIENTED_EDGE('',*,*,#2168,.T.);
#3073=ORIENTED_EDGE('',*,*,#2210,.T.);
#3074=ORIENTED_EDGE('',*,*,#2213,.T.);
#3075=ORIENTED_EDGE('',*,*,#2214,.T.);
#3076=ORIENTED_EDGE('',*,*,#2178,.T.);
#3077=ORIENTED_EDGE('',*,*,#2215,.F.);
#3078=ORIENTED_EDGE('',*,*,#2216,.F.);
#3079=ORIENTED_EDGE('',*,*,#2211,.F.);
#3080=ORIENTED_EDGE('',*,*,#2177,.T.);
#3081=ORIENTED_EDGE('',*,*,#2207,.T.);
#3082=ORIENTED_EDGE('',*,*,#2217,.T.);
#3083=ORIENTED_EDGE('',*,*,#2215,.T.);
#3084=ORIENTED_EDGE('',*,*,#2166,.T.);
#3085=ORIENTED_EDGE('',*,*,#2218,.T.);
#3086=ORIENTED_EDGE('',*,*,#2219,.T.);
#3087=ORIENTED_EDGE('',*,*,#2208,.T.);
#3088=ORIENTED_EDGE('',*,*,#2212,.F.);
#3089=ORIENTED_EDGE('',*,*,#2216,.T.);
#3090=ORIENTED_EDGE('',*,*,#2217,.F.);
#3091=ORIENTED_EDGE('',*,*,#2206,.F.);
#3092=ORIENTED_EDGE('',*,*,#2213,.F.);
#3093=ORIENTED_EDGE('',*,*,#2209,.T.);
#3094=ORIENTED_EDGE('',*,*,#2219,.F.);
#3095=ORIENTED_EDGE('',*,*,#2220,.F.);
#3096=ORIENTED_EDGE('',*,*,#2169,.T.);
#3097=ORIENTED_EDGE('',*,*,#2214,.F.);
#3098=ORIENTED_EDGE('',*,*,#2220,.T.);
#3099=ORIENTED_EDGE('',*,*,#2218,.F.);
#3100=ORIENTED_EDGE('',*,*,#2093,.T.);
#3101=ORIENTED_EDGE('',*,*,#2221,.T.);
#3102=ORIENTED_EDGE('',*,*,#2222,.F.);
#3103=ORIENTED_EDGE('',*,*,#2221,.F.);
#3104=ORIENTED_EDGE('',*,*,#2223,.T.);
#3105=ORIENTED_EDGE('',*,*,#2224,.F.);
#3106=ORIENTED_EDGE('',*,*,#2225,.F.);
#3107=ORIENTED_EDGE('',*,*,#2226,.T.);
#3108=ORIENTED_EDGE('',*,*,#2227,.T.);
#3109=ORIENTED_EDGE('',*,*,#2226,.F.);
#3110=ORIENTED_EDGE('',*,*,#2228,.F.);
#3111=ORIENTED_EDGE('',*,*,#2225,.T.);
#3112=ORIENTED_EDGE('',*,*,#2227,.F.);
#3113=ORIENTED_EDGE('',*,*,#2223,.F.);
#3114=ORIENTED_EDGE('',*,*,#2229,.T.);
#3115=ORIENTED_EDGE('',*,*,#2228,.T.);
#3116=ORIENTED_EDGE('',*,*,#2229,.F.);
#3117=ORIENTED_EDGE('',*,*,#2224,.T.);
#3118=ORIENTED_EDGE('',*,*,#2230,.T.);
#3119=ORIENTED_EDGE('',*,*,#2087,.T.);
#3120=ORIENTED_EDGE('',*,*,#2230,.F.);
#3121=ORIENTED_EDGE('',*,*,#2222,.T.);
#3122=ORIENTED_EDGE('',*,*,#2092,.T.);
#3123=ORIENTED_EDGE('',*,*,#2231,.T.);
#3124=ORIENTED_EDGE('',*,*,#2232,.F.);
#3125=ORIENTED_EDGE('',*,*,#2231,.F.);
#3126=ORIENTED_EDGE('',*,*,#2233,.T.);
#3127=ORIENTED_EDGE('',*,*,#2234,.F.);
#3128=ORIENTED_EDGE('',*,*,#2235,.F.);
#3129=ORIENTED_EDGE('',*,*,#2236,.T.);
#3130=ORIENTED_EDGE('',*,*,#2237,.T.);
#3131=ORIENTED_EDGE('',*,*,#2236,.F.);
#3132=ORIENTED_EDGE('',*,*,#2238,.F.);
#3133=ORIENTED_EDGE('',*,*,#2235,.T.);
#3134=ORIENTED_EDGE('',*,*,#2237,.F.);
#3135=ORIENTED_EDGE('',*,*,#2233,.F.);
#3136=ORIENTED_EDGE('',*,*,#2239,.T.);
#3137=ORIENTED_EDGE('',*,*,#2238,.T.);
#3138=ORIENTED_EDGE('',*,*,#2239,.F.);
#3139=ORIENTED_EDGE('',*,*,#2234,.T.);
#3140=ORIENTED_EDGE('',*,*,#2240,.T.);
#3141=ORIENTED_EDGE('',*,*,#2086,.T.);
#3142=ORIENTED_EDGE('',*,*,#2240,.F.);
#3143=ORIENTED_EDGE('',*,*,#2232,.T.);
#3144=ORIENTED_EDGE('',*,*,#2241,.T.);
#3145=ORIENTED_EDGE('',*,*,#2242,.F.);
#3146=ORIENTED_EDGE('',*,*,#2243,.F.);
#3147=ORIENTED_EDGE('',*,*,#2244,.T.);
#3148=ORIENTED_EDGE('',*,*,#2245,.T.);
#3149=ORIENTED_EDGE('',*,*,#2246,.T.);
#3150=ORIENTED_EDGE('',*,*,#2247,.T.);
#3151=ORIENTED_EDGE('',*,*,#2248,.F.);
#3152=ORIENTED_EDGE('',*,*,#2249,.T.);
#3153=ORIENTED_EDGE('',*,*,#2243,.T.);
#3154=ORIENTED_EDGE('',*,*,#2250,.F.);
#3155=ORIENTED_EDGE('',*,*,#2251,.F.);
#3156=ORIENTED_EDGE('',*,*,#2252,.T.);
#3157=ORIENTED_EDGE('',*,*,#2251,.T.);
#3158=ORIENTED_EDGE('',*,*,#2253,.F.);
#3159=ORIENTED_EDGE('',*,*,#2254,.F.);
#3160=ORIENTED_EDGE('',*,*,#2255,.T.);
#3161=ORIENTED_EDGE('',*,*,#2254,.T.);
#3162=ORIENTED_EDGE('',*,*,#2256,.F.);
#3163=ORIENTED_EDGE('',*,*,#2247,.F.);
#3164=ORIENTED_EDGE('',*,*,#2242,.T.);
#3165=ORIENTED_EDGE('',*,*,#2042,.T.);
#3166=ORIENTED_EDGE('',*,*,#2248,.T.);
#3167=ORIENTED_EDGE('',*,*,#2256,.T.);
#3168=ORIENTED_EDGE('',*,*,#2253,.T.);
#3169=ORIENTED_EDGE('',*,*,#2250,.T.);
#3170=ORIENTED_EDGE('',*,*,#2244,.F.);
#3171=ORIENTED_EDGE('',*,*,#2249,.F.);
#3172=ORIENTED_EDGE('',*,*,#2252,.F.);
#3173=ORIENTED_EDGE('',*,*,#2255,.F.);
#3174=ORIENTED_EDGE('',*,*,#2246,.F.);
#3175=ORIENTED_EDGE('',*,*,#2036,.F.);
#3176=ORIENTED_EDGE('',*,*,#2257,.T.);
#3177=ORIENTED_EDGE('',*,*,#2052,.T.);
#3178=ORIENTED_EDGE('',*,*,#2258,.T.);
#3179=ORIENTED_EDGE('',*,*,#2259,.T.);
#3180=ORIENTED_EDGE('',*,*,#2260,.T.);
#3181=ORIENTED_EDGE('',*,*,#2261,.T.);
#3182=ORIENTED_EDGE('',*,*,#2262,.T.);
#3183=ORIENTED_EDGE('',*,*,#2263,.T.);
#3184=ORIENTED_EDGE('',*,*,#2264,.F.);
#3185=ORIENTED_EDGE('',*,*,#2263,.F.);
#3186=ORIENTED_EDGE('',*,*,#2265,.F.);
#3187=ORIENTED_EDGE('',*,*,#2040,.F.);
#3188=ORIENTED_EDGE('',*,*,#2076,.F.);
#3189=ORIENTED_EDGE('',*,*,#2073,.F.);
#3190=ORIENTED_EDGE('',*,*,#2068,.F.);
#3191=ORIENTED_EDGE('',*,*,#2265,.T.);
#3192=ORIENTED_EDGE('',*,*,#2262,.F.);
#3193=ORIENTED_EDGE('',*,*,#2266,.F.);
#3194=ORIENTED_EDGE('',*,*,#2043,.F.);
#3195=ORIENTED_EDGE('',*,*,#2241,.F.);
#3196=ORIENTED_EDGE('',*,*,#2041,.F.);
#3197=ORIENTED_EDGE('',*,*,#2266,.T.);
#3198=ORIENTED_EDGE('',*,*,#2261,.F.);
#3199=ORIENTED_EDGE('',*,*,#2267,.F.);
#3200=ORIENTED_EDGE('',*,*,#2044,.F.);
#3201=ORIENTED_EDGE('',*,*,#2267,.T.);
#3202=ORIENTED_EDGE('',*,*,#2260,.F.);
#3203=ORIENTED_EDGE('',*,*,#2268,.F.);
#3204=ORIENTED_EDGE('',*,*,#2165,.F.);
#3205=ORIENTED_EDGE('',*,*,#2037,.F.);
#3206=ORIENTED_EDGE('',*,*,#2245,.F.);
#3207=ORIENTED_EDGE('',*,*,#2045,.F.);
#3208=ORIENTED_EDGE('',*,*,#2268,.T.);
#3209=ORIENTED_EDGE('',*,*,#2259,.F.);
#3210=ORIENTED_EDGE('',*,*,#2269,.F.);
#3211=ORIENTED_EDGE('',*,*,#2032,.F.);
#3212=ORIENTED_EDGE('',*,*,#2161,.F.);
#3213=ORIENTED_EDGE('',*,*,#2269,.T.);
#3214=ORIENTED_EDGE('',*,*,#2258,.F.);
#3215=ORIENTED_EDGE('',*,*,#2051,.F.);
#3216=ORIENTED_EDGE('',*,*,#2057,.F.);
#3217=ORIENTED_EDGE('',*,*,#2065,.F.);
#3218=ORIENTED_EDGE('',*,*,#2033,.F.);
#3219=ORIENTED_EDGE('',*,*,#2053,.T.);
#3220=ORIENTED_EDGE('',*,*,#2257,.F.);
#3221=ORIENTED_EDGE('',*,*,#2264,.T.);
#3222=ORIENTED_EDGE('',*,*,#2067,.F.);
#3223=ORIENTED_EDGE('',*,*,#2094,.F.);
#3224=ORIENTED_EDGE('',*,*,#2035,.F.);
#3225=ORIENTED_EDGE('',*,*,#2066,.F.);
#3226=ORIENTED_EDGE('',*,*,#2054,.F.);
#3227=ORIENTED_EDGE('',*,*,#2270,.T.);
#3228=ORIENTED_EDGE('',*,*,#2271,.T.);
#3229=ORIENTED_EDGE('',*,*,#2272,.T.);
#3230=ORIENTED_EDGE('',*,*,#2273,.T.);
#3231=ORIENTED_EDGE('',*,*,#2274,.T.);
#3232=ORIENTED_EDGE('',*,*,#2275,.F.);
#3233=ORIENTED_EDGE('',*,*,#2276,.F.);
#3234=ORIENTED_EDGE('',*,*,#2277,.F.);
#3235=ORIENTED_EDGE('',*,*,#2278,.F.);
#3236=ORIENTED_EDGE('',*,*,#2270,.F.);
#3237=ORIENTED_EDGE('',*,*,#2279,.T.);
#3238=ORIENTED_EDGE('',*,*,#2275,.T.);
#3239=ORIENTED_EDGE('',*,*,#2280,.F.);
#3240=ORIENTED_EDGE('',*,*,#2280,.T.);
#3241=ORIENTED_EDGE('',*,*,#2278,.T.);
#3242=ORIENTED_EDGE('',*,*,#2281,.F.);
#3243=ORIENTED_EDGE('',*,*,#2271,.F.);
#3244=ORIENTED_EDGE('',*,*,#2281,.T.);
#3245=ORIENTED_EDGE('',*,*,#2277,.T.);
#3246=ORIENTED_EDGE('',*,*,#2282,.F.);
#3247=ORIENTED_EDGE('',*,*,#2272,.F.);
#3248=ORIENTED_EDGE('',*,*,#2282,.T.);
#3249=ORIENTED_EDGE('',*,*,#2276,.T.);
#3250=ORIENTED_EDGE('',*,*,#2279,.F.);
#3251=ORIENTED_EDGE('',*,*,#2273,.F.);
#3252=ORIENTED_EDGE('',*,*,#1996,.T.);
#3253=ORIENTED_EDGE('',*,*,#2283,.T.);
#3254=ORIENTED_EDGE('',*,*,#2274,.F.);
#3255=ORIENTED_EDGE('',*,*,#2283,.F.);
#3256=ORIENTED_EDGE('',*,*,#2284,.T.);
#3257=ORIENTED_EDGE('',*,*,#2285,.T.);
#3258=ORIENTED_EDGE('',*,*,#2286,.T.);
#3259=ORIENTED_EDGE('',*,*,#2287,.T.);
#3260=ORIENTED_EDGE('',*,*,#2288,.T.);
#3261=ORIENTED_EDGE('',*,*,#2289,.F.);
#3262=ORIENTED_EDGE('',*,*,#2290,.F.);
#3263=ORIENTED_EDGE('',*,*,#2291,.F.);
#3264=ORIENTED_EDGE('',*,*,#2292,.F.);
#3265=ORIENTED_EDGE('',*,*,#2284,.F.);
#3266=ORIENTED_EDGE('',*,*,#2293,.T.);
#3267=ORIENTED_EDGE('',*,*,#2289,.T.);
#3268=ORIENTED_EDGE('',*,*,#2294,.F.);
#3269=ORIENTED_EDGE('',*,*,#2294,.T.);
#3270=ORIENTED_EDGE('',*,*,#2292,.T.);
#3271=ORIENTED_EDGE('',*,*,#2295,.F.);
#3272=ORIENTED_EDGE('',*,*,#2285,.F.);
#3273=ORIENTED_EDGE('',*,*,#2295,.T.);
#3274=ORIENTED_EDGE('',*,*,#2291,.T.);
#3275=ORIENTED_EDGE('',*,*,#2296,.F.);
#3276=ORIENTED_EDGE('',*,*,#2286,.F.);
#3277=ORIENTED_EDGE('',*,*,#2296,.T.);
#3278=ORIENTED_EDGE('',*,*,#2290,.T.);
#3279=ORIENTED_EDGE('',*,*,#2293,.F.);
#3280=ORIENTED_EDGE('',*,*,#2287,.F.);
#3281=ORIENTED_EDGE('',*,*,#1954,.T.);
#3282=ORIENTED_EDGE('',*,*,#2297,.T.);
#3283=ORIENTED_EDGE('',*,*,#2288,.F.);
#3284=ORIENTED_EDGE('',*,*,#2297,.F.);
#3285=ORIENTED_EDGE('',*,*,#2298,.T.);
#3286=ORIENTED_EDGE('',*,*,#2299,.T.);
#3287=ORIENTED_EDGE('',*,*,#2300,.T.);
#3288=ORIENTED_EDGE('',*,*,#2301,.T.);
#3289=ORIENTED_EDGE('',*,*,#2302,.T.);
#3290=ORIENTED_EDGE('',*,*,#2303,.F.);
#3291=ORIENTED_EDGE('',*,*,#2304,.F.);
#3292=ORIENTED_EDGE('',*,*,#2305,.F.);
#3293=ORIENTED_EDGE('',*,*,#2306,.F.);
#3294=ORIENTED_EDGE('',*,*,#2298,.F.);
#3295=ORIENTED_EDGE('',*,*,#2307,.T.);
#3296=ORIENTED_EDGE('',*,*,#2303,.T.);
#3297=ORIENTED_EDGE('',*,*,#2308,.F.);
#3298=ORIENTED_EDGE('',*,*,#2308,.T.);
#3299=ORIENTED_EDGE('',*,*,#2306,.T.);
#3300=ORIENTED_EDGE('',*,*,#2309,.F.);
#3301=ORIENTED_EDGE('',*,*,#2299,.F.);
#3302=ORIENTED_EDGE('',*,*,#2309,.T.);
#3303=ORIENTED_EDGE('',*,*,#2305,.T.);
#3304=ORIENTED_EDGE('',*,*,#2310,.F.);
#3305=ORIENTED_EDGE('',*,*,#2300,.F.);
#3306=ORIENTED_EDGE('',*,*,#2310,.T.);
#3307=ORIENTED_EDGE('',*,*,#2304,.T.);
#3308=ORIENTED_EDGE('',*,*,#2307,.F.);
#3309=ORIENTED_EDGE('',*,*,#2301,.F.);
#3310=ORIENTED_EDGE('',*,*,#1917,.T.);
#3311=ORIENTED_EDGE('',*,*,#2311,.T.);
#3312=ORIENTED_EDGE('',*,*,#2302,.F.);
#3313=ORIENTED_EDGE('',*,*,#2311,.F.);
#3314=ORIENTED_EDGE('',*,*,#2312,.T.);
#3315=ORIENTED_EDGE('',*,*,#2313,.T.);
#3316=ORIENTED_EDGE('',*,*,#2314,.F.);
#3317=ORIENTED_EDGE('',*,*,#2313,.F.);
#3318=ORIENTED_EDGE('',*,*,#2315,.T.);
#3319=ORIENTED_EDGE('',*,*,#2316,.T.);
#3320=ORIENTED_EDGE('',*,*,#2317,.F.);
#3321=ORIENTED_EDGE('',*,*,#2316,.F.);
#3322=PLANE('',#3958);
#3323=PLANE('',#3959);
#3324=PLANE('',#3960);
#3325=PLANE('',#3961);
#3326=PLANE('',#3962);
#3327=PLANE('',#3963);
#3328=PLANE('',#3964);
#3329=PLANE('',#3967);
#3330=PLANE('',#3970);
#3331=PLANE('',#3971);
#3332=PLANE('',#3972);
#3333=PLANE('',#3973);
#3334=PLANE('',#3978);
#3335=PLANE('',#3979);
#3336=PLANE('',#3982);
#3337=PLANE('',#3983);
#3338=PLANE('',#3984);
#3339=PLANE('',#3987);
#3340=PLANE('',#3988);
#3341=PLANE('',#3989);
#3342=PLANE('',#3990);
#3343=PLANE('',#3991);
#3344=PLANE('',#3992);
#3345=PLANE('',#3993);
#3346=PLANE('',#3994);
#3347=PLANE('',#3996);
#3348=PLANE('',#3997);
#3349=PLANE('',#3998);
#3350=PLANE('',#3999);
#3351=PLANE('',#4000);
#3352=PLANE('',#4001);
#3353=PLANE('',#4002);
#3354=PLANE('',#4003);
#3355=PLANE('',#4004);
#3356=PLANE('',#4005);
#3357=PLANE('',#4006);
#3358=PLANE('',#4008);
#3359=PLANE('',#4009);
#3360=PLANE('',#4010);
#3361=PLANE('',#4011);
#3362=PLANE('',#4012);
#3363=PLANE('',#4014);
#3364=PLANE('',#4016);
#3365=PLANE('',#4017);
#3366=PLANE('',#4018);
#3367=PLANE('',#4019);
#3368=PLANE('',#4020);
#3369=PLANE('',#4021);
#3370=PLANE('',#4022);
#3371=PLANE('',#4023);
#3372=PLANE('',#4024);
#3373=PLANE('',#4025);
#3374=PLANE('',#4026);
#3375=PLANE('',#4027);
#3376=PLANE('',#4029);
#3377=PLANE('',#4030);
#3378=PLANE('',#4031);
#3379=PLANE('',#4032);
#3380=PLANE('',#4033);
#3381=PLANE('',#4034);
#3382=PLANE('',#4035);
#3383=PLANE('',#4036);
#3384=PLANE('',#4037);
#3385=PLANE('',#4038);
#3386=PLANE('',#4039);
#3387=PLANE('',#4042);
#3388=PLANE('',#4044);
#3389=PLANE('',#4045);
#3390=PLANE('',#4046);
#3391=PLANE('',#4047);
#3392=PLANE('',#4048);
#3393=PLANE('',#4049);
#3394=PLANE('',#4050);
#3395=PLANE('',#4051);
#3396=PLANE('',#4052);
#3397=PLANE('',#4053);
#3398=PLANE('',#4054);
#3399=PLANE('',#4055);
#3400=PLANE('',#4056);
#3401=PLANE('',#4057);
#3402=PLANE('',#4058);
#3403=PLANE('',#4059);
#3404=PLANE('',#4060);
#3405=PLANE('',#4061);
#3406=PLANE('',#4062);
#3407=PLANE('',#4063);
#3408=PLANE('',#4064);
#3409=PLANE('',#4065);
#3410=PLANE('',#4066);
#3411=PLANE('',#4069);
#3412=PLANE('',#4072);
#3413=PLANE('',#4073);
#3414=PLANE('',#4074);
#3415=PLANE('',#4075);
#3416=PLANE('',#4078);
#3417=PLANE('',#4079);
#3418=PLANE('',#4080);
#3419=PLANE('',#4085);
#3420=PLANE('',#4086);
#3421=PLANE('',#4089);
#3422=PLANE('',#4090);
#3423=PLANE('',#4091);
#3424=PLANE('',#4094);
#3425=PLANE('',#4095);
#3426=PLANE('',#4096);
#3427=PLANE('',#4097);
#3428=PLANE('',#4098);
#3429=PLANE('',#4099);
#3430=PLANE('',#4100);
#3431=PLANE('',#4101);
#3432=PLANE('',#4102);
#3433=PLANE('',#4103);
#3434=PLANE('',#4104);
#3435=PLANE('',#4105);
#3436=PLANE('',#4106);
#3437=PLANE('',#4107);
#3438=PLANE('',#4108);
#3439=PLANE('',#4109);
#3440=PLANE('',#4110);
#3441=PLANE('',#4111);
#3442=PLANE('',#4112);
#3443=PLANE('',#4113);
#3444=PLANE('',#4114);
#3445=PLANE('',#4115);
#3446=PLANE('',#4116);
#3447=PLANE('',#4117);
#3448=PLANE('',#4118);
#3449=PLANE('',#4119);
#3450=PLANE('',#4120);
#3451=PLANE('',#4121);
#3452=PLANE('',#4122);
#3453=PLANE('',#4124);
#3454=PLANE('',#4125);
#3455=PLANE('',#4126);
#3456=PLANE('',#4128);
#3457=PLANE('',#4130);
#3458=PLANE('',#4131);
#3459=PLANE('',#4132);
#3460=PLANE('',#4133);
#3461=PLANE('',#4134);
#3462=PLANE('',#4136);
#3463=PLANE('',#4137);
#3464=PLANE('',#4138);
#3465=PLANE('',#4140);
#3466=PLANE('',#4142);
#3467=PLANE('',#4145);
#3468=PLANE('',#4151);
#3469=PLANE('',#4153);
#3470=PLANE('',#4156);
#3471=PLANE('',#4159);
#3472=PLANE('',#4165);
#3473=PLANE('',#4167);
#3474=PLANE('',#4170);
#3475=PLANE('',#4171);
#3476=PLANE('',#4172);
#3477=PLANE('',#4173);
#3478=PLANE('',#4174);
#3479=PLANE('',#4175);
#3480=PLANE('',#4176);
#3481=PLANE('',#4177);
#3482=PLANE('',#4178);
#3483=PLANE('',#4179);
#3484=PLANE('',#4180);
#3485=PLANE('',#4181);
#3486=PLANE('',#4182);
#3487=PLANE('',#4183);
#3488=PLANE('',#4184);
#3489=PLANE('',#4185);
#3490=PLANE('',#4186);
#3491=PLANE('',#4188);
#3492=PLANE('',#4189);
#3493=PLANE('',#4190);
#3494=PLANE('',#4191);
#3495=PLANE('',#4192);
#3496=PLANE('',#4194);
#3497=PLANE('',#4196);
#3498=PLANE('',#4197);
#3499=PLANE('',#4198);
#3500=PLANE('',#4199);
#3501=PLANE('',#4200);
#3502=PLANE('',#4202);
#3503=PLANE('',#4204);
#3504=PLANE('',#4205);
#3505=PLANE('',#4206);
#3506=PLANE('',#4207);
#3507=PLANE('',#4208);
#3508=STYLED_ITEM('',(#6253),#3721);
#3509=STYLED_ITEM('',(#6253),#3722);
#3510=STYLED_ITEM('',(#6253),#3723);
#3511=STYLED_ITEM('',(#6253),#3724);
#3512=STYLED_ITEM('',(#6253),#3725);
#3513=STYLED_ITEM('',(#6253),#3726);
#3514=STYLED_ITEM('',(#6253),#3727);
#3515=STYLED_ITEM('',(#6253),#3728);
#3516=STYLED_ITEM('',(#6253),#3729);
#3517=STYLED_ITEM('',(#6253),#3730);
#3518=STYLED_ITEM('',(#6253),#3731);
#3519=STYLED_ITEM('',(#6253),#3732);
#3520=STYLED_ITEM('',(#6253),#3733);
#3521=STYLED_ITEM('',(#6253),#3734);
#3522=STYLED_ITEM('',(#6253),#3735);
#3523=STYLED_ITEM('',(#6253),#3736);
#3524=STYLED_ITEM('',(#6253),#3737);
#3525=STYLED_ITEM('',(#6253),#3738);
#3526=STYLED_ITEM('',(#6253),#3739);
#3527=STYLED_ITEM('',(#6253),#3740);
#3528=STYLED_ITEM('',(#6253),#3741);
#3529=STYLED_ITEM('',(#6253),#3742);
#3530=STYLED_ITEM('',(#6253),#3743);
#3531=STYLED_ITEM('',(#6253),#3744);
#3532=STYLED_ITEM('',(#6253),#3745);
#3533=STYLED_ITEM('',(#6253),#3746);
#3534=STYLED_ITEM('',(#6253),#3747);
#3535=STYLED_ITEM('',(#6253),#3748);
#3536=STYLED_ITEM('',(#6253),#3749);
#3537=STYLED_ITEM('',(#6253),#3750);
#3538=STYLED_ITEM('',(#6253),#3751);
#3539=STYLED_ITEM('',(#6253),#3752);
#3540=STYLED_ITEM('',(#6253),#3753);
#3541=STYLED_ITEM('',(#6253),#3754);
#3542=STYLED_ITEM('',(#6253),#3755);
#3543=STYLED_ITEM('',(#6253),#3756);
#3544=STYLED_ITEM('',(#6253),#3757);
#3545=STYLED_ITEM('',(#6253),#3758);
#3546=STYLED_ITEM('',(#6253),#3759);
#3547=STYLED_ITEM('',(#6253),#3760);
#3548=STYLED_ITEM('',(#6253),#3761);
#3549=STYLED_ITEM('',(#6253),#3762);
#3550=STYLED_ITEM('',(#6253),#3763);
#3551=STYLED_ITEM('',(#6253),#3764);
#3552=STYLED_ITEM('',(#6253),#3765);
#3553=STYLED_ITEM('',(#6253),#3766);
#3554=STYLED_ITEM('',(#6253),#3767);
#3555=STYLED_ITEM('',(#6253),#3768);
#3556=STYLED_ITEM('',(#6253),#3769);
#3557=STYLED_ITEM('',(#6253),#3770);
#3558=STYLED_ITEM('',(#6253),#3771);
#3559=STYLED_ITEM('',(#6253),#3772);
#3560=STYLED_ITEM('',(#6253),#3773);
#3561=STYLED_ITEM('',(#6253),#3774);
#3562=STYLED_ITEM('',(#6253),#3775);
#3563=STYLED_ITEM('',(#6253),#3776);
#3564=STYLED_ITEM('',(#6253),#3777);
#3565=STYLED_ITEM('',(#6253),#3778);
#3566=STYLED_ITEM('',(#6253),#3779);
#3567=STYLED_ITEM('',(#6253),#3780);
#3568=STYLED_ITEM('',(#6253),#3781);
#3569=STYLED_ITEM('',(#6253),#3782);
#3570=STYLED_ITEM('',(#6253),#3783);
#3571=STYLED_ITEM('',(#6253),#3784);
#3572=STYLED_ITEM('',(#6253),#3785);
#3573=STYLED_ITEM('',(#6253),#3786);
#3574=STYLED_ITEM('',(#6253),#3787);
#3575=STYLED_ITEM('',(#6253),#3788);
#3576=STYLED_ITEM('',(#6253),#3789);
#3577=STYLED_ITEM('',(#6253),#3790);
#3578=STYLED_ITEM('',(#6253),#3791);
#3579=STYLED_ITEM('',(#6253),#3792);
#3580=STYLED_ITEM('',(#6253),#3793);
#3581=STYLED_ITEM('',(#6253),#3794);
#3582=STYLED_ITEM('',(#6253),#3795);
#3583=STYLED_ITEM('',(#6253),#3796);
#3584=STYLED_ITEM('',(#6253),#3797);
#3585=STYLED_ITEM('',(#6253),#3798);
#3586=STYLED_ITEM('',(#6253),#3799);
#3587=STYLED_ITEM('',(#6253),#3800);
#3588=STYLED_ITEM('',(#6253),#3801);
#3589=STYLED_ITEM('',(#6253),#3802);
#3590=STYLED_ITEM('',(#6253),#3803);
#3591=STYLED_ITEM('',(#6253),#3804);
#3592=STYLED_ITEM('',(#6253),#3805);
#3593=STYLED_ITEM('',(#6253),#3806);
#3594=STYLED_ITEM('',(#6253),#3807);
#3595=STYLED_ITEM('',(#6253),#3808);
#3596=STYLED_ITEM('',(#6253),#3809);
#3597=STYLED_ITEM('',(#6253),#3810);
#3598=STYLED_ITEM('',(#6253),#3811);
#3599=STYLED_ITEM('',(#6253),#3812);
#3600=STYLED_ITEM('',(#6253),#3813);
#3601=STYLED_ITEM('',(#6253),#3814);
#3602=STYLED_ITEM('',(#6253),#3815);
#3603=STYLED_ITEM('',(#6253),#3816);
#3604=STYLED_ITEM('',(#6253),#3817);
#3605=STYLED_ITEM('',(#6253),#3818);
#3606=STYLED_ITEM('',(#6253),#3819);
#3607=STYLED_ITEM('',(#6253),#3820);
#3608=STYLED_ITEM('',(#6253),#3821);
#3609=STYLED_ITEM('',(#6253),#3822);
#3610=STYLED_ITEM('',(#6253),#3823);
#3611=STYLED_ITEM('',(#6253),#3824);
#3612=STYLED_ITEM('',(#6253),#3825);
#3613=STYLED_ITEM('',(#6253),#3826);
#3614=STYLED_ITEM('',(#6253),#3827);
#3615=STYLED_ITEM('',(#6253),#3828);
#3616=STYLED_ITEM('',(#6253),#3829);
#3617=STYLED_ITEM('',(#6253),#3830);
#3618=STYLED_ITEM('',(#6253),#3831);
#3619=STYLED_ITEM('',(#6253),#3832);
#3620=STYLED_ITEM('',(#6253),#3833);
#3621=STYLED_ITEM('',(#6253),#3834);
#3622=STYLED_ITEM('',(#6253),#3835);
#3623=STYLED_ITEM('',(#6253),#3836);
#3624=STYLED_ITEM('',(#6253),#3837);
#3625=STYLED_ITEM('',(#6253),#3838);
#3626=STYLED_ITEM('',(#6253),#3839);
#3627=STYLED_ITEM('',(#6253),#3840);
#3628=STYLED_ITEM('',(#6253),#3841);
#3629=STYLED_ITEM('',(#6253),#3842);
#3630=STYLED_ITEM('',(#6253),#3843);
#3631=STYLED_ITEM('',(#6253),#3844);
#3632=STYLED_ITEM('',(#6253),#3845);
#3633=STYLED_ITEM('',(#6253),#3846);
#3634=STYLED_ITEM('',(#6253),#3847);
#3635=STYLED_ITEM('',(#6253),#3848);
#3636=STYLED_ITEM('',(#6253),#3849);
#3637=STYLED_ITEM('',(#6253),#3850);
#3638=STYLED_ITEM('',(#6253),#3851);
#3639=STYLED_ITEM('',(#6253),#3852);
#3640=STYLED_ITEM('',(#6253),#3853);
#3641=STYLED_ITEM('',(#6253),#3854);
#3642=STYLED_ITEM('',(#6253),#3855);
#3643=STYLED_ITEM('',(#6253),#3856);
#3644=STYLED_ITEM('',(#6253),#3857);
#3645=STYLED_ITEM('',(#6253),#3858);
#3646=STYLED_ITEM('',(#6253),#3859);
#3647=STYLED_ITEM('',(#6253),#3860);
#3648=STYLED_ITEM('',(#6253),#3861);
#3649=STYLED_ITEM('',(#6253),#3862);
#3650=STYLED_ITEM('',(#6253),#3863);
#3651=STYLED_ITEM('',(#6253),#3864);
#3652=STYLED_ITEM('',(#6253),#3865);
#3653=STYLED_ITEM('',(#6253),#3866);
#3654=STYLED_ITEM('',(#6253),#3867);
#3655=STYLED_ITEM('',(#6253),#3868);
#3656=STYLED_ITEM('',(#6253),#3869);
#3657=STYLED_ITEM('',(#6253),#3870);
#3658=STYLED_ITEM('',(#6253),#3871);
#3659=STYLED_ITEM('',(#6253),#3872);
#3660=STYLED_ITEM('',(#6253),#3873);
#3661=STYLED_ITEM('',(#6253),#3874);
#3662=STYLED_ITEM('',(#6253),#3875);
#3663=STYLED_ITEM('',(#6253),#3876);
#3664=STYLED_ITEM('',(#6253),#3877);
#3665=STYLED_ITEM('',(#6253),#3878);
#3666=STYLED_ITEM('',(#6253),#3879);
#3667=STYLED_ITEM('',(#6253),#3880);
#3668=STYLED_ITEM('',(#6253),#3881);
#3669=STYLED_ITEM('',(#6253),#3882);
#3670=STYLED_ITEM('',(#6253),#3883);
#3671=STYLED_ITEM('',(#6253),#3884);
#3672=STYLED_ITEM('',(#6253),#3885);
#3673=STYLED_ITEM('',(#6253),#3886);
#3674=STYLED_ITEM('',(#6253),#3887);
#3675=STYLED_ITEM('',(#6253),#3888);
#3676=STYLED_ITEM('',(#6253),#3889);
#3677=STYLED_ITEM('',(#6253),#3890);
#3678=STYLED_ITEM('',(#6253),#3891);
#3679=STYLED_ITEM('',(#6253),#3892);
#3680=STYLED_ITEM('',(#6253),#3893);
#3681=STYLED_ITEM('',(#6253),#3894);
#3682=STYLED_ITEM('',(#6253),#3895);
#3683=STYLED_ITEM('',(#6253),#3896);
#3684=STYLED_ITEM('',(#6253),#3897);
#3685=STYLED_ITEM('',(#6253),#3898);
#3686=STYLED_ITEM('',(#6253),#3899);
#3687=STYLED_ITEM('',(#6253),#3900);
#3688=STYLED_ITEM('',(#6253),#3901);
#3689=STYLED_ITEM('',(#6253),#3902);
#3690=STYLED_ITEM('',(#6253),#3903);
#3691=STYLED_ITEM('',(#6253),#3904);
#3692=STYLED_ITEM('',(#6253),#3905);
#3693=STYLED_ITEM('',(#6253),#3906);
#3694=STYLED_ITEM('',(#6253),#3907);
#3695=STYLED_ITEM('',(#6253),#3908);
#3696=STYLED_ITEM('',(#6253),#3909);
#3697=STYLED_ITEM('',(#6253),#3910);
#3698=STYLED_ITEM('',(#6253),#3911);
#3699=STYLED_ITEM('',(#6253),#3912);
#3700=STYLED_ITEM('',(#6253),#3913);
#3701=STYLED_ITEM('',(#6253),#3914);
#3702=STYLED_ITEM('',(#6253),#3915);
#3703=STYLED_ITEM('',(#6253),#3916);
#3704=STYLED_ITEM('',(#6253),#3917);
#3705=STYLED_ITEM('',(#6253),#3918);
#3706=STYLED_ITEM('',(#6253),#3919);
#3707=STYLED_ITEM('',(#6253),#3920);
#3708=STYLED_ITEM('',(#6253),#3921);
#3709=STYLED_ITEM('',(#6253),#3922);
#3710=STYLED_ITEM('',(#6253),#3923);
#3711=STYLED_ITEM('',(#6253),#3924);
#3712=STYLED_ITEM('',(#6253),#3925);
#3713=STYLED_ITEM('',(#6253),#3926);
#3714=STYLED_ITEM('',(#6253),#3927);
#3715=STYLED_ITEM('',(#6253),#3928);
#3716=STYLED_ITEM('',(#6252),#121);
#3717=STYLED_ITEM('',(#6252),#122);
#3718=STYLED_ITEM('',(#6252),#123);
#3719=STYLED_ITEM('',(#6252),#124);
#3720=STYLED_ITEM('',(#6252),#125);
#3721=ADVANCED_FACE('',(#126),#3322,.T.);
#3722=ADVANCED_FACE('',(#127),#3323,.T.);
#3723=ADVANCED_FACE('',(#128),#3324,.T.);
#3724=ADVANCED_FACE('',(#129),#3325,.T.);
#3725=ADVANCED_FACE('',(#130),#3326,.T.);
#3726=ADVANCED_FACE('',(#131),#3327,.F.);
#3727=ADVANCED_FACE('',(#132,#49),#3328,.F.);
#3728=ADVANCED_FACE('',(#133,#50),#3329,.T.);
#3729=ADVANCED_FACE('',(#134),#3330,.T.);
#3730=ADVANCED_FACE('',(#135),#3331,.T.);
#3731=ADVANCED_FACE('',(#136),#3332,.T.);
#3732=ADVANCED_FACE('',(#137),#3333,.T.);
#3733=ADVANCED_FACE('',(#138),#27,.F.);
#3734=ADVANCED_FACE('',(#139),#28,.F.);
#3735=ADVANCED_FACE('',(#140),#3334,.F.);
#3736=ADVANCED_FACE('',(#141),#3335,.F.);
#3737=ADVANCED_FACE('',(#142),#29,.T.);
#3738=ADVANCED_FACE('',(#143),#3336,.F.);
#3739=ADVANCED_FACE('',(#144),#3337,.F.);
#3740=ADVANCED_FACE('',(#145),#3338,.T.);
#3741=ADVANCED_FACE('',(#146),#30,.T.);
#3742=ADVANCED_FACE('',(#147),#3339,.F.);
#3743=ADVANCED_FACE('',(#148),#3340,.T.);
#3744=ADVANCED_FACE('',(#149),#3341,.T.);
#3745=ADVANCED_FACE('',(#150),#3342,.T.);
#3746=ADVANCED_FACE('',(#151),#3343,.T.);
#3747=ADVANCED_FACE('',(#152),#3344,.T.);
#3748=ADVANCED_FACE('',(#153),#3345,.F.);
#3749=ADVANCED_FACE('',(#154,#51),#3346,.F.);
#3750=ADVANCED_FACE('',(#155),#3347,.T.);
#3751=ADVANCED_FACE('',(#156),#3348,.T.);
#3752=ADVANCED_FACE('',(#157),#3349,.T.);
#3753=ADVANCED_FACE('',(#158),#3350,.T.);
#3754=ADVANCED_FACE('',(#159,#52),#3351,.F.);
#3755=ADVANCED_FACE('',(#160),#3352,.T.);
#3756=ADVANCED_FACE('',(#161),#3353,.T.);
#3757=ADVANCED_FACE('',(#162),#3354,.T.);
#3758=ADVANCED_FACE('',(#163),#3355,.T.);
#3759=ADVANCED_FACE('',(#164),#3356,.T.);
#3760=ADVANCED_FACE('',(#165,#53),#3357,.T.);
#3761=ADVANCED_FACE('',(#166),#3358,.F.);
#3762=ADVANCED_FACE('',(#167),#3359,.T.);
#3763=ADVANCED_FACE('',(#168),#3360,.T.);
#3764=ADVANCED_FACE('',(#169),#3361,.T.);
#3765=ADVANCED_FACE('',(#170),#3362,.T.);
#3766=ADVANCED_FACE('',(#171),#31,.T.);
#3767=ADVANCED_FACE('',(#172,#54),#3363,.F.);
#3768=ADVANCED_FACE('',(#173),#3364,.T.);
#3769=ADVANCED_FACE('',(#174),#3365,.T.);
#3770=ADVANCED_FACE('',(#175),#3366,.T.);
#3771=ADVANCED_FACE('',(#176),#3367,.T.);
#3772=ADVANCED_FACE('',(#177),#3368,.T.);
#3773=ADVANCED_FACE('',(#178,#55),#3369,.F.);
#3774=ADVANCED_FACE('',(#179),#3370,.T.);
#3775=ADVANCED_FACE('',(#180),#3371,.T.);
#3776=ADVANCED_FACE('',(#181),#3372,.T.);
#3777=ADVANCED_FACE('',(#182),#3373,.T.);
#3778=ADVANCED_FACE('',(#183),#3374,.T.);
#3779=ADVANCED_FACE('',(#184,#56),#3375,.F.);
#3780=ADVANCED_FACE('',(#185),#3376,.T.);
#3781=ADVANCED_FACE('',(#186),#3377,.T.);
#3782=ADVANCED_FACE('',(#187),#3378,.T.);
#3783=ADVANCED_FACE('',(#188),#3379,.T.);
#3784=ADVANCED_FACE('',(#189),#3380,.T.);
#3785=ADVANCED_FACE('',(#190),#3381,.T.);
#3786=ADVANCED_FACE('',(#191,#57),#3382,.F.);
#3787=ADVANCED_FACE('',(#192),#3383,.T.);
#3788=ADVANCED_FACE('',(#193),#3384,.T.);
#3789=ADVANCED_FACE('',(#194),#3385,.F.);
#3790=ADVANCED_FACE('',(#195,#58),#3386,.F.);
#3791=ADVANCED_FACE('',(#196,#59),#3387,.F.);
#3792=ADVANCED_FACE('',(#197),#3388,.T.);
#3793=ADVANCED_FACE('',(#198),#3389,.T.);
#3794=ADVANCED_FACE('',(#199),#3390,.T.);
#3795=ADVANCED_FACE('',(#200),#3391,.T.);
#3796=ADVANCED_FACE('',(#201,#60),#3392,.F.);
#3797=ADVANCED_FACE('',(#202),#3393,.T.);
#3798=ADVANCED_FACE('',(#203),#3394,.T.);
#3799=ADVANCED_FACE('',(#204),#3395,.T.);
#3800=ADVANCED_FACE('',(#205),#3396,.T.);
#3801=ADVANCED_FACE('',(#206),#3397,.T.);
#3802=ADVANCED_FACE('',(#207),#3398,.T.);
#3803=ADVANCED_FACE('',(#208),#3399,.T.);
#3804=ADVANCED_FACE('',(#209),#3400,.F.);
#3805=ADVANCED_FACE('',(#210),#3401,.T.);
#3806=ADVANCED_FACE('',(#211),#3402,.T.);
#3807=ADVANCED_FACE('',(#212),#3403,.T.);
#3808=ADVANCED_FACE('',(#213),#3404,.T.);
#3809=ADVANCED_FACE('',(#214),#3405,.T.);
#3810=ADVANCED_FACE('',(#215),#3406,.T.);
#3811=ADVANCED_FACE('',(#216),#3407,.T.);
#3812=ADVANCED_FACE('',(#217),#3408,.T.);
#3813=ADVANCED_FACE('',(#218,#61),#3409,.F.);
#3814=ADVANCED_FACE('',(#219,#62,#63),#3410,.F.);
#3815=ADVANCED_FACE('',(#220,#64,#65),#3411,.T.);
#3816=ADVANCED_FACE('',(#221),#3412,.T.);
#3817=ADVANCED_FACE('',(#222),#3413,.T.);
#3818=ADVANCED_FACE('',(#223),#3414,.T.);
#3819=ADVANCED_FACE('',(#224,#66),#3415,.T.);
#3820=ADVANCED_FACE('',(#225),#3416,.T.);
#3821=ADVANCED_FACE('',(#226),#3417,.T.);
#3822=ADVANCED_FACE('',(#227),#3418,.T.);
#3823=ADVANCED_FACE('',(#228),#32,.F.);
#3824=ADVANCED_FACE('',(#229),#33,.F.);
#3825=ADVANCED_FACE('',(#230),#3419,.F.);
#3826=ADVANCED_FACE('',(#231),#3420,.F.);
#3827=ADVANCED_FACE('',(#232),#34,.T.);
#3828=ADVANCED_FACE('',(#233),#3421,.F.);
#3829=ADVANCED_FACE('',(#234),#3422,.F.);
#3830=ADVANCED_FACE('',(#235),#3423,.T.);
#3831=ADVANCED_FACE('',(#236),#35,.T.);
#3832=ADVANCED_FACE('',(#237),#3424,.F.);
#3833=ADVANCED_FACE('',(#238),#3425,.T.);
#3834=ADVANCED_FACE('',(#239),#3426,.T.);
#3835=ADVANCED_FACE('',(#240),#3427,.T.);
#3836=ADVANCED_FACE('',(#241),#3428,.T.);
#3837=ADVANCED_FACE('',(#242),#3429,.T.);
#3838=ADVANCED_FACE('',(#243),#3430,.T.);
#3839=ADVANCED_FACE('',(#244),#3431,.F.);
#3840=ADVANCED_FACE('',(#245),#3432,.T.);
#3841=ADVANCED_FACE('',(#246),#3433,.T.);
#3842=ADVANCED_FACE('',(#247),#3434,.T.);
#3843=ADVANCED_FACE('',(#248),#3435,.T.);
#3844=ADVANCED_FACE('',(#249),#3436,.T.);
#3845=ADVANCED_FACE('',(#250),#3437,.T.);
#3846=ADVANCED_FACE('',(#251),#3438,.F.);
#3847=ADVANCED_FACE('',(#252),#3439,.T.);
#3848=ADVANCED_FACE('',(#253,#67),#3440,.F.);
#3849=ADVANCED_FACE('',(#254,#68,#69),#3441,.T.);
#3850=ADVANCED_FACE('',(#255),#3442,.T.);
#3851=ADVANCED_FACE('',(#256),#3443,.T.);
#3852=ADVANCED_FACE('',(#257),#3444,.T.);
#3853=ADVANCED_FACE('',(#258),#3445,.T.);
#3854=ADVANCED_FACE('',(#259),#3446,.T.);
#3855=ADVANCED_FACE('',(#260),#3447,.T.);
#3856=ADVANCED_FACE('',(#261),#3448,.T.);
#3857=ADVANCED_FACE('',(#262),#3449,.T.);
#3858=ADVANCED_FACE('',(#263),#3450,.T.);
#3859=ADVANCED_FACE('',(#264),#3451,.T.);
#3860=ADVANCED_FACE('',(#265),#3452,.T.);
#3861=ADVANCED_FACE('',(#266),#3453,.T.);
#3862=ADVANCED_FACE('',(#267),#3454,.F.);
#3863=ADVANCED_FACE('',(#268),#3455,.F.);
#3864=ADVANCED_FACE('',(#269),#3456,.T.);
#3865=ADVANCED_FACE('',(#270),#36,.T.);
#3866=ADVANCED_FACE('',(#271),#3457,.T.);
#3867=ADVANCED_FACE('',(#272),#3458,.T.);
#3868=ADVANCED_FACE('',(#273),#3459,.T.);
#3869=ADVANCED_FACE('',(#274),#3460,.T.);
#3870=ADVANCED_FACE('',(#275),#3461,.T.);
#3871=ADVANCED_FACE('',(#276),#3462,.T.);
#3872=ADVANCED_FACE('',(#277),#3463,.F.);
#3873=ADVANCED_FACE('',(#278),#3464,.F.);
#3874=ADVANCED_FACE('',(#279),#3465,.T.);
#3875=ADVANCED_FACE('',(#280),#37,.T.);
#3876=ADVANCED_FACE('',(#281),#3466,.T.);
#3877=ADVANCED_FACE('',(#282),#38,.T.);
#3878=ADVANCED_FACE('',(#283,#70),#3467,.T.);
#3879=ADVANCED_FACE('',(#284),#21,.T.);
#3880=ADVANCED_FACE('',(#285,#71),#3468,.T.);
#3881=ADVANCED_FACE('',(#286),#3469,.T.);
#3882=ADVANCED_FACE('',(#287),#39,.T.);
#3883=ADVANCED_FACE('',(#288),#40,.T.);
#3884=ADVANCED_FACE('',(#289),#3470,.T.);
#3885=ADVANCED_FACE('',(#290),#41,.T.);
#3886=ADVANCED_FACE('',(#291,#72),#3471,.T.);
#3887=ADVANCED_FACE('',(#292),#22,.T.);
#3888=ADVANCED_FACE('',(#293,#73),#3472,.T.);
#3889=ADVANCED_FACE('',(#294),#3473,.T.);
#3890=ADVANCED_FACE('',(#295),#42,.T.);
#3891=ADVANCED_FACE('',(#296),#43,.T.);
#3892=ADVANCED_FACE('',(#297),#3474,.T.);
#3893=ADVANCED_FACE('',(#298),#3475,.T.);
#3894=ADVANCED_FACE('',(#299),#3476,.T.);
#3895=ADVANCED_FACE('',(#300),#3477,.T.);
#3896=ADVANCED_FACE('',(#301),#3478,.T.);
#3897=ADVANCED_FACE('',(#302),#3479,.T.);
#3898=ADVANCED_FACE('',(#303),#3480,.T.);
#3899=ADVANCED_FACE('',(#304),#3481,.F.);
#3900=ADVANCED_FACE('',(#305),#3482,.T.);
#3901=ADVANCED_FACE('',(#306),#3483,.T.);
#3902=ADVANCED_FACE('',(#307),#3484,.T.);
#3903=ADVANCED_FACE('',(#308),#3485,.T.);
#3904=ADVANCED_FACE('',(#309),#3486,.T.);
#3905=ADVANCED_FACE('',(#310),#3487,.T.);
#3906=ADVANCED_FACE('',(#311),#3488,.T.);
#3907=ADVANCED_FACE('',(#312),#3489,.T.);
#3908=ADVANCED_FACE('',(#313,#74),#3490,.T.);
#3909=ADVANCED_FACE('',(#314),#3491,.F.);
#3910=ADVANCED_FACE('',(#315),#3492,.T.);
#3911=ADVANCED_FACE('',(#316),#3493,.T.);
#3912=ADVANCED_FACE('',(#317),#3494,.T.);
#3913=ADVANCED_FACE('',(#318),#3495,.T.);
#3914=ADVANCED_FACE('',(#319),#44,.T.);
#3915=ADVANCED_FACE('',(#320,#75),#3496,.T.);
#3916=ADVANCED_FACE('',(#321),#3497,.F.);
#3917=ADVANCED_FACE('',(#322),#3498,.T.);
#3918=ADVANCED_FACE('',(#323),#3499,.T.);
#3919=ADVANCED_FACE('',(#324),#3500,.T.);
#3920=ADVANCED_FACE('',(#325),#3501,.T.);
#3921=ADVANCED_FACE('',(#326),#45,.T.);
#3922=ADVANCED_FACE('',(#327,#76),#3502,.T.);
#3923=ADVANCED_FACE('',(#328),#3503,.F.);
#3924=ADVANCED_FACE('',(#329),#3504,.T.);
#3925=ADVANCED_FACE('',(#330),#3505,.T.);
#3926=ADVANCED_FACE('',(#331),#3506,.T.);
#3927=ADVANCED_FACE('',(#332),#3507,.T.);
#3928=ADVANCED_FACE('',(#333),#46,.T.);
#3929=ADVANCED_FACE('',(#334),#47,.T.);
#3930=ADVANCED_FACE('',(#335),#48,.T.);
#3931=CLOSED_SHELL('',(#3721,#3722,#3723,#3724,#3725,#3726));
#3932=CLOSED_SHELL('',(#3727,#3728,#3729,#3730,#3731,#3732,#3733,#3734,
#3735,#3736,#3737,#3738,#3739,#3740,#3741,#3742));
#3933=CLOSED_SHELL('',(#3743,#3744,#3745,#3746,#3747,#3748));
#3934=CLOSED_SHELL('',(#3749,#3750,#3751,#3752,#3753,#3754,#3755,#3756,
#3757,#3758,#3759,#3760,#3761,#3762,#3763,#3764,#3765,#3766));
#3935=CLOSED_SHELL('',(#3767,#3768,#3769,#3770,#3771,#3772,#3773,#3774,
#3775,#3776,#3777,#3778,#3779,#3780,#3781,#3782,#3783,#3784,#3785,#3786,
#3787,#3788,#3789,#3790,#3791,#3792,#3793,#3794,#3795,#3796,#3797,#3798,
#3799,#3800,#3801,#3802,#3803,#3804,#3805,#3806,#3807,#3808,#3809,#3810,
#3811,#3812,#3813,#3814,#3815,#3816,#3817,#3818,#3819,#3820,#3821,#3822,
#3823,#3824,#3825,#3826,#3827,#3828,#3829,#3830,#3831,#3832,#3833,#3834,
#3835,#3836,#3837,#3838,#3839,#3840,#3841,#3842,#3843,#3844,#3845,#3846,
#3847,#3848,#3849,#3850,#3851,#3852,#3853,#3854,#3855,#3856,#3857,#3858,
#3859,#3860,#3861,#3862,#3863,#3864,#3865,#3866,#3867,#3868,#3869,#3870,
#3871,#3872,#3873,#3874,#3875,#3876,#3877,#3878,#3879,#3880,#3881,#3882,
#3883,#3884,#3885,#3886,#3887,#3888,#3889,#3890,#3891,#3892,#3893,#3894,
#3895,#3896,#3897,#3898,#3899,#3900,#3901,#3902,#3903,#3904,#3905,#3906,
#3907,#3908,#3909,#3910,#3911,#3912,#3913,#3914,#3915,#3916,#3917,#3918,
#3919,#3920,#3921,#3922,#3923,#3924,#3925,#3926,#3927,#3928));
#3936=DERIVED_UNIT_ELEMENT(#3939,1.);
#3937=DERIVED_UNIT_ELEMENT(#6238,-3.);
#3938=DIMENSIONAL_EXPONENTS(0.,1.,0.,0.,0.,0.,0.);
#3939=(
CONVERSION_BASED_UNIT('gram',#3941)
MASS_UNIT()
NAMED_UNIT(#3938)
);
#3940=(
MASS_UNIT()
NAMED_UNIT(*)
SI_UNIT(.KILO.,.GRAM.)
);
#3941=MASS_MEASURE_WITH_UNIT(MASS_MEASURE(0.001),#3940);
#3942=DERIVED_UNIT((#3936,#3937));
#3943=MEASURE_REPRESENTATION_ITEM('density measure',
POSITIVE_RATIO_MEASURE(1.),#3942);
#3944=PROPERTY_DEFINITION_REPRESENTATION(#3949,#3946);
#3945=PROPERTY_DEFINITION_REPRESENTATION(#3950,#3947);
#3946=REPRESENTATION('material name',(#3948),#6235);
#3947=REPRESENTATION('density',(#3943),#6235);
#3948=DESCRIPTIVE_REPRESENTATION_ITEM('\X2\04220438043F043E0432044B0435\X0\',
'\X2\04220438043F043E0432044B0435\X0\');
#3949=PROPERTY_DEFINITION('material property','material name',#6245);
#3950=PROPERTY_DEFINITION('material property','density of part',#6245);
#3951=DATE_TIME_ROLE('creation_date');
#3952=APPLIED_DATE_AND_TIME_ASSIGNMENT(#3953,#3951,(#6245));
#3953=DATE_AND_TIME(#3954,#3955);
#3954=CALENDAR_DATE(2026,27,3);
#3955=LOCAL_TIME(0,0,0.,#3956);
#3956=COORDINATED_UNIVERSAL_TIME_OFFSET(0,0,.BEHIND.);
#3957=AXIS2_PLACEMENT_3D('',#5190,#4216,#4217);
#3958=AXIS2_PLACEMENT_3D('',#5191,#4218,#4219);
#3959=AXIS2_PLACEMENT_3D('',#5200,#4224,#4225);
#3960=AXIS2_PLACEMENT_3D('',#5206,#4229,#4230);
#3961=AXIS2_PLACEMENT_3D('',#5212,#4234,#4235);
#3962=AXIS2_PLACEMENT_3D('',#5215,#4238,#4239);
#3963=AXIS2_PLACEMENT_3D('',#5216,#4240,#4241);
#3964=AXIS2_PLACEMENT_3D('',#5217,#4242,#4243);
#3965=AXIS2_PLACEMENT_3D('',#5230,#4249,#4250);
#3966=AXIS2_PLACEMENT_3D('',#5233,#4252,#4253);
#3967=AXIS2_PLACEMENT_3D('',#5234,#4254,#4255);
#3968=AXIS2_PLACEMENT_3D('',#5247,#4261,#4262);
#3969=AXIS2_PLACEMENT_3D('',#5250,#4264,#4265);
#3970=AXIS2_PLACEMENT_3D('',#5251,#4266,#4267);
#3971=AXIS2_PLACEMENT_3D('',#5254,#4270,#4271);
#3972=AXIS2_PLACEMENT_3D('',#5256,#4273,#4274);
#3973=AXIS2_PLACEMENT_3D('',#5258,#4276,#4277);
#3974=AXIS2_PLACEMENT_3D('',#5259,#4278,#4279);
#3975=AXIS2_PLACEMENT_3D('',#5263,#4281,#4282);
#3976=AXIS2_PLACEMENT_3D('',#5265,#4284,#4285);
#3977=AXIS2_PLACEMENT_3D('',#5269,#4287,#4288);
#3978=AXIS2_PLACEMENT_3D('',#5271,#4290,#4291);
#3979=AXIS2_PLACEMENT_3D('',#5275,#4294,#4295);
#3980=AXIS2_PLACEMENT_3D('',#5279,#4298,#4299);
#3981=AXIS2_PLACEMENT_3D('',#5282,#4301,#4302);
#3982=AXIS2_PLACEMENT_3D('',#5283,#4303,#4304);
#3983=AXIS2_PLACEMENT_3D('',#5285,#4306,#4307);
#3984=AXIS2_PLACEMENT_3D('',#5289,#4310,#4311);
#3985=AXIS2_PLACEMENT_3D('',#5290,#4312,#4313);
#3986=AXIS2_PLACEMENT_3D('',#5291,#4314,#4315);
#3987=AXIS2_PLACEMENT_3D('',#5292,#4316,#4317);
#3988=AXIS2_PLACEMENT_3D('',#5293,#4318,#4319);
#3989=AXIS2_PLACEMENT_3D('',#5302,#4324,#4325);
#3990=AXIS2_PLACEMENT_3D('',#5308,#4329,#4330);
#3991=AXIS2_PLACEMENT_3D('',#5314,#4334,#4335);
#3992=AXIS2_PLACEMENT_3D('',#5317,#4338,#4339);
#3993=AXIS2_PLACEMENT_3D('',#5318,#4340,#4341);
#3994=AXIS2_PLACEMENT_3D('',#5319,#4342,#4343);
#3995=AXIS2_PLACEMENT_3D('',#5329,#4348,#4349);
#3996=AXIS2_PLACEMENT_3D('',#5330,#4350,#4351);
#3997=AXIS2_PLACEMENT_3D('',#5336,#4355,#4356);
#3998=AXIS2_PLACEMENT_3D('',#5340,#4359,#4360);
#3999=AXIS2_PLACEMENT_3D('',#5344,#4363,#4364);
#4000=AXIS2_PLACEMENT_3D('',#5346,#4366,#4367);
#4001=AXIS2_PLACEMENT_3D('',#5355,#4372,#4373);
#4002=AXIS2_PLACEMENT_3D('',#5364,#4378,#4379);
#4003=AXIS2_PLACEMENT_3D('',#5367,#4382,#4383);
#4004=AXIS2_PLACEMENT_3D('',#5369,#4385,#4386);
#4005=AXIS2_PLACEMENT_3D('',#5371,#4388,#4389);
#4006=AXIS2_PLACEMENT_3D('',#5372,#4390,#4391);
#4007=AXIS2_PLACEMENT_3D('',#5382,#4396,#4397);
#4008=AXIS2_PLACEMENT_3D('',#5383,#4398,#4399);
#4009=AXIS2_PLACEMENT_3D('',#5392,#4404,#4405);
#4010=AXIS2_PLACEMENT_3D('',#5395,#4408,#4409);
#4011=AXIS2_PLACEMENT_3D('',#5397,#4411,#4412);
#4012=AXIS2_PLACEMENT_3D('',#5399,#4414,#4415);
#4013=AXIS2_PLACEMENT_3D('',#5400,#4416,#4417);
#4014=AXIS2_PLACEMENT_3D('',#5402,#4419,#4420);
#4015=AXIS2_PLACEMENT_3D('',#5412,#4425,#4426);
#4016=AXIS2_PLACEMENT_3D('',#5413,#4427,#4428);
#4017=AXIS2_PLACEMENT_3D('',#5419,#4432,#4433);
#4018=AXIS2_PLACEMENT_3D('',#5423,#4436,#4437);
#4019=AXIS2_PLACEMENT_3D('',#5427,#4440,#4441);
#4020=AXIS2_PLACEMENT_3D('',#5429,#4443,#4444);
#4021=AXIS2_PLACEMENT_3D('',#5438,#4449,#4450);
#4022=AXIS2_PLACEMENT_3D('',#5447,#4455,#4456);
#4023=AXIS2_PLACEMENT_3D('',#5452,#4460,#4461);
#4024=AXIS2_PLACEMENT_3D('',#5456,#4464,#4465);
#4025=AXIS2_PLACEMENT_3D('',#5459,#4468,#4469);
#4026=AXIS2_PLACEMENT_3D('',#5460,#4470,#4471);
#4027=AXIS2_PLACEMENT_3D('',#5478,#4481,#4482);
#4028=AXIS2_PLACEMENT_3D('',#5488,#4487,#4488);
#4029=AXIS2_PLACEMENT_3D('',#5489,#4489,#4490);
#4030=AXIS2_PLACEMENT_3D('',#5495,#4494,#4495);
#4031=AXIS2_PLACEMENT_3D('',#5499,#4498,#4499);
#4032=AXIS2_PLACEMENT_3D('',#5503,#4502,#4503);
#4033=AXIS2_PLACEMENT_3D('',#5505,#4505,#4506);
#4034=AXIS2_PLACEMENT_3D('',#5511,#4510,#4511);
#4035=AXIS2_PLACEMENT_3D('',#5519,#4516,#4517);
#4036=AXIS2_PLACEMENT_3D('',#5523,#4520,#4521);
#4037=AXIS2_PLACEMENT_3D('',#5529,#4525,#4526);
#4038=AXIS2_PLACEMENT_3D('',#5531,#4528,#4529);
#4039=AXIS2_PLACEMENT_3D('',#5535,#4532,#4533);
#4040=AXIS2_PLACEMENT_3D('',#5559,#4545,#4546);
#4041=AXIS2_PLACEMENT_3D('',#5562,#4548,#4549);
#4042=AXIS2_PLACEMENT_3D('',#5563,#4550,#4551);
#4043=AXIS2_PLACEMENT_3D('',#5573,#4556,#4557);
#4044=AXIS2_PLACEMENT_3D('',#5574,#4558,#4559);
#4045=AXIS2_PLACEMENT_3D('',#5580,#4563,#4564);
#4046=AXIS2_PLACEMENT_3D('',#5584,#4567,#4568);
#4047=AXIS2_PLACEMENT_3D('',#5588,#4571,#4572);
#4048=AXIS2_PLACEMENT_3D('',#5590,#4574,#4575);
#4049=AXIS2_PLACEMENT_3D('',#5599,#4580,#4581);
#4050=AXIS2_PLACEMENT_3D('',#5605,#4585,#4586);
#4051=AXIS2_PLACEMENT_3D('',#5611,#4590,#4591);
#4052=AXIS2_PLACEMENT_3D('',#5613,#4593,#4594);
#4053=AXIS2_PLACEMENT_3D('',#5638,#4608,#4609);
#4054=AXIS2_PLACEMENT_3D('',#5653,#4617,#4618);
#4055=AXIS2_PLACEMENT_3D('',#5666,#4625,#4626);
#4056=AXIS2_PLACEMENT_3D('',#5675,#4631,#4632);
#4057=AXIS2_PLACEMENT_3D('',#5692,#4641,#4642);
#4058=AXIS2_PLACEMENT_3D('',#5698,#4646,#4647);
#4059=AXIS2_PLACEMENT_3D('',#5704,#4651,#4652);
#4060=AXIS2_PLACEMENT_3D('',#5708,#4655,#4656);
#4061=AXIS2_PLACEMENT_3D('',#5712,#4659,#4660);
#4062=AXIS2_PLACEMENT_3D('',#5714,#4662,#4663);
#4063=AXIS2_PLACEMENT_3D('',#5717,#4666,#4667);
#4064=AXIS2_PLACEMENT_3D('',#5730,#4674,#4675);
#4065=AXIS2_PLACEMENT_3D('',#5736,#4679,#4680);
#4066=AXIS2_PLACEMENT_3D('',#5750,#4689,#4690);
#4067=AXIS2_PLACEMENT_3D('',#5754,#4693,#4694);
#4068=AXIS2_PLACEMENT_3D('',#5756,#4695,#4696);
#4069=AXIS2_PLACEMENT_3D('',#5757,#4697,#4698);
#4070=AXIS2_PLACEMENT_3D('',#5767,#4703,#4704);
#4071=AXIS2_PLACEMENT_3D('',#5769,#4705,#4706);
#4072=AXIS2_PLACEMENT_3D('',#5770,#4707,#4708);
#4073=AXIS2_PLACEMENT_3D('',#5774,#4712,#4713);
#4074=AXIS2_PLACEMENT_3D('',#5777,#4716,#4717);
#4075=AXIS2_PLACEMENT_3D('',#5779,#4719,#4720);
#4076=AXIS2_PLACEMENT_3D('',#5789,#4725,#4726);
#4077=AXIS2_PLACEMENT_3D('',#5792,#4728,#4729);
#4078=AXIS2_PLACEMENT_3D('',#5793,#4730,#4731);
#4079=AXIS2_PLACEMENT_3D('',#5797,#4735,#4736);
#4080=AXIS2_PLACEMENT_3D('',#5799,#4738,#4739);
#4081=AXIS2_PLACEMENT_3D('',#5800,#4740,#4741);
#4082=AXIS2_PLACEMENT_3D('',#5804,#4743,#4744);
#4083=AXIS2_PLACEMENT_3D('',#5806,#4746,#4747);
#4084=AXIS2_PLACEMENT_3D('',#5810,#4749,#4750);
#4085=AXIS2_PLACEMENT_3D('',#5812,#4752,#4753);
#4086=AXIS2_PLACEMENT_3D('',#5816,#4756,#4757);
#4087=AXIS2_PLACEMENT_3D('',#5820,#4760,#4761);
#4088=AXIS2_PLACEMENT_3D('',#5823,#4763,#4764);
#4089=AXIS2_PLACEMENT_3D('',#5824,#4765,#4766);
#4090=AXIS2_PLACEMENT_3D('',#5826,#4768,#4769);
#4091=AXIS2_PLACEMENT_3D('',#5830,#4772,#4773);
#4092=AXIS2_PLACEMENT_3D('',#5831,#4774,#4775);
#4093=AXIS2_PLACEMENT_3D('',#5832,#4776,#4777);
#4094=AXIS2_PLACEMENT_3D('',#5833,#4778,#4779);
#4095=AXIS2_PLACEMENT_3D('',#5834,#4780,#4781);
#4096=AXIS2_PLACEMENT_3D('',#5838,#4784,#4785);
#4097=AXIS2_PLACEMENT_3D('',#5844,#4789,#4790);
#4098=AXIS2_PLACEMENT_3D('',#5853,#4795,#4796);
#4099=AXIS2_PLACEMENT_3D('',#5862,#4802,#4803);
#4100=AXIS2_PLACEMENT_3D('',#5871,#4809,#4810);
#4101=AXIS2_PLACEMENT_3D('',#5873,#4812,#4813);
#4102=AXIS2_PLACEMENT_3D('',#5875,#4815,#4816);
#4103=AXIS2_PLACEMENT_3D('',#5881,#4820,#4821);
#4104=AXIS2_PLACEMENT_3D('',#5885,#4824,#4825);
#4105=AXIS2_PLACEMENT_3D('',#5887,#4827,#4828);
#4106=AXIS2_PLACEMENT_3D('',#5891,#4831,#4832);
#4107=AXIS2_PLACEMENT_3D('',#5893,#4834,#4835);
#4108=AXIS2_PLACEMENT_3D('',#5895,#4837,#4838);
#4109=AXIS2_PLACEMENT_3D('',#5896,#4839,#4840);
#4110=AXIS2_PLACEMENT_3D('',#5902,#4844,#4845);
#4111=AXIS2_PLACEMENT_3D('',#5918,#4855,#4856);
#4112=AXIS2_PLACEMENT_3D('',#5946,#4872,#4873);
#4113=AXIS2_PLACEMENT_3D('',#5948,#4875,#4876);
#4114=AXIS2_PLACEMENT_3D('',#5950,#4878,#4879);
#4115=AXIS2_PLACEMENT_3D('',#5952,#4881,#4882);
#4116=AXIS2_PLACEMENT_3D('',#5953,#4883,#4884);
#4117=AXIS2_PLACEMENT_3D('',#5954,#4885,#4886);
#4118=AXIS2_PLACEMENT_3D('',#5956,#4888,#4889);
#4119=AXIS2_PLACEMENT_3D('',#5957,#4890,#4891);
#4120=AXIS2_PLACEMENT_3D('',#5963,#4895,#4896);
#4121=AXIS2_PLACEMENT_3D('',#5969,#4900,#4901);
#4122=AXIS2_PLACEMENT_3D('',#5973,#4904,#4905);
#4123=AXIS2_PLACEMENT_3D('',#5975,#4906,#4907);
#4124=AXIS2_PLACEMENT_3D('',#5977,#4909,#4910);
#4125=AXIS2_PLACEMENT_3D('',#5981,#4913,#4914);
#4126=AXIS2_PLACEMENT_3D('',#5983,#4916,#4917);
#4127=AXIS2_PLACEMENT_3D('',#5986,#4919,#4920);
#4128=AXIS2_PLACEMENT_3D('',#5987,#4921,#4922);
#4129=AXIS2_PLACEMENT_3D('',#5988,#4923,#4924);
#4130=AXIS2_PLACEMENT_3D('',#5990,#4926,#4927);
#4131=AXIS2_PLACEMENT_3D('',#5991,#4928,#4929);
#4132=AXIS2_PLACEMENT_3D('',#5997,#4933,#4934);
#4133=AXIS2_PLACEMENT_3D('',#6003,#4938,#4939);
#4134=AXIS2_PLACEMENT_3D('',#6007,#4942,#4943);
#4135=AXIS2_PLACEMENT_3D('',#6009,#4944,#4945);
#4136=AXIS2_PLACEMENT_3D('',#6011,#4947,#4948);
#4137=AXIS2_PLACEMENT_3D('',#6015,#4951,#4952);
#4138=AXIS2_PLACEMENT_3D('',#6017,#4954,#4955);
#4139=AXIS2_PLACEMENT_3D('',#6020,#4957,#4958);
#4140=AXIS2_PLACEMENT_3D('',#6021,#4959,#4960);
#4141=AXIS2_PLACEMENT_3D('',#6022,#4961,#4962);
#4142=AXIS2_PLACEMENT_3D('',#6024,#4964,#4965);
#4143=AXIS2_PLACEMENT_3D('',#6025,#4966,#4967);
#4144=AXIS2_PLACEMENT_3D('',#6028,#4969,#4970);
#4145=AXIS2_PLACEMENT_3D('',#6029,#4971,#4972);
#4146=AXIS2_PLACEMENT_3D('',#6031,#4973,#4974);
#4147=AXIS2_PLACEMENT_3D('',#6033,#4975,#4976);
#4148=AXIS2_PLACEMENT_3D('',#6034,#4977,#4978);
#4149=AXIS2_PLACEMENT_3D('',#6036,#4979,#4980);
#4150=AXIS2_PLACEMENT_3D('',#6039,#4982,#4983);
#4151=AXIS2_PLACEMENT_3D('',#6040,#4984,#4985);
#4152=AXIS2_PLACEMENT_3D('',#6042,#4986,#4987);
#4153=AXIS2_PLACEMENT_3D('',#6043,#4988,#4989);
#4154=AXIS2_PLACEMENT_3D('',#6044,#4990,#4991);
#4155=AXIS2_PLACEMENT_3D('',#6046,#4993,#4994);
#4156=AXIS2_PLACEMENT_3D('',#6048,#4996,#4997);
#4157=AXIS2_PLACEMENT_3D('',#6049,#4998,#4999);
#4158=AXIS2_PLACEMENT_3D('',#6052,#5001,#5002);
#4159=AXIS2_PLACEMENT_3D('',#6053,#5003,#5004);
#4160=AXIS2_PLACEMENT_3D('',#6055,#5005,#5006);
#4161=AXIS2_PLACEMENT_3D('',#6057,#5007,#5008);
#4162=AXIS2_PLACEMENT_3D('',#6058,#5009,#5010);
#4163=AXIS2_PLACEMENT_3D('',#6060,#5011,#5012);
#4164=AXIS2_PLACEMENT_3D('',#6063,#5014,#5015);
#4165=AXIS2_PLACEMENT_3D('',#6064,#5016,#5017);
#4166=AXIS2_PLACEMENT_3D('',#6066,#5018,#5019);
#4167=AXIS2_PLACEMENT_3D('',#6067,#5020,#5021);
#4168=AXIS2_PLACEMENT_3D('',#6068,#5022,#5023);
#4169=AXIS2_PLACEMENT_3D('',#6070,#5025,#5026);
#4170=AXIS2_PLACEMENT_3D('',#6072,#5028,#5029);
#4171=AXIS2_PLACEMENT_3D('',#6073,#5030,#5031);
#4172=AXIS2_PLACEMENT_3D('',#6080,#5036,#5037);
#4173=AXIS2_PLACEMENT_3D('',#6087,#5042,#5043);
#4174=AXIS2_PLACEMENT_3D('',#6093,#5047,#5048);
#4175=AXIS2_PLACEMENT_3D('',#6099,#5052,#5053);
#4176=AXIS2_PLACEMENT_3D('',#6102,#5056,#5057);
#4177=AXIS2_PLACEMENT_3D('',#6103,#5058,#5059);
#4178=AXIS2_PLACEMENT_3D('',#6104,#5060,#5061);
#4179=AXIS2_PLACEMENT_3D('',#6118,#5069,#5070);
#4180=AXIS2_PLACEMENT_3D('',#6121,#5073,#5074);
#4181=AXIS2_PLACEMENT_3D('',#6123,#5076,#5077);
#4182=AXIS2_PLACEMENT_3D('',#6125,#5079,#5080);
#4183=AXIS2_PLACEMENT_3D('',#6127,#5082,#5083);
#4184=AXIS2_PLACEMENT_3D('',#6129,#5085,#5086);
#4185=AXIS2_PLACEMENT_3D('',#6130,#5087,#5088);
#4186=AXIS2_PLACEMENT_3D('',#6131,#5089,#5090);
#4187=AXIS2_PLACEMENT_3D('',#6141,#5095,#5096);
#4188=AXIS2_PLACEMENT_3D('',#6142,#5097,#5098);
#4189=AXIS2_PLACEMENT_3D('',#6151,#5103,#5104);
#4190=AXIS2_PLACEMENT_3D('',#6154,#5107,#5108);
#4191=AXIS2_PLACEMENT_3D('',#6156,#5110,#5111);
#4192=AXIS2_PLACEMENT_3D('',#6158,#5113,#5114);
#4193=AXIS2_PLACEMENT_3D('',#6159,#5115,#5116);
#4194=AXIS2_PLACEMENT_3D('',#6161,#5118,#5119);
#4195=AXIS2_PLACEMENT_3D('',#6171,#5124,#5125);
#4196=AXIS2_PLACEMENT_3D('',#6172,#5126,#5127);
#4197=AXIS2_PLACEMENT_3D('',#6181,#5132,#5133);
#4198=AXIS2_PLACEMENT_3D('',#6184,#5136,#5137);
#4199=AXIS2_PLACEMENT_3D('',#6186,#5139,#5140);
#4200=AXIS2_PLACEMENT_3D('',#6188,#5142,#5143);
#4201=AXIS2_PLACEMENT_3D('',#6189,#5144,#5145);
#4202=AXIS2_PLACEMENT_3D('',#6191,#5147,#5148);
#4203=AXIS2_PLACEMENT_3D('',#6201,#5153,#5154);
#4204=AXIS2_PLACEMENT_3D('',#6202,#5155,#5156);
#4205=AXIS2_PLACEMENT_3D('',#6211,#5161,#5162);
#4206=AXIS2_PLACEMENT_3D('',#6214,#5165,#5166);
#4207=AXIS2_PLACEMENT_3D('',#6216,#5168,#5169);
#4208=AXIS2_PLACEMENT_3D('',#6218,#5171,#5172);
#4209=AXIS2_PLACEMENT_3D('',#6219,#5173,#5174);
#4210=AXIS2_PLACEMENT_3D('',#6221,#5176,#5177);
#4211=AXIS2_PLACEMENT_3D('',#6223,#5178,#5179);
#4212=AXIS2_PLACEMENT_3D('',#6226,#5181,#5182);
#4213=AXIS2_PLACEMENT_3D('',#6227,#5183,#5184);
#4214=AXIS2_PLACEMENT_3D('',#6229,#5185,#5186);
#4215=AXIS2_PLACEMENT_3D('',#6232,#5188,#5189);
#4216=DIRECTION('axis',(0.,0.,1.));
#4217=DIRECTION('refdir',(1.,0.,0.));
#4218=DIRECTION('center_axis',(0.625000000000001,-6.4062512646159E-17,-0.780624749799799));
#4219=DIRECTION('ref_axis',(-2.60208521396521E-17,-1.,6.12323399573677E-17));
#4220=DIRECTION('',(-2.60208521396521E-17,-1.,6.12323399573677E-17));
#4221=DIRECTION('',(-0.780624749799799,-1.79576912822614E-17,-0.625000000000001));
#4222=DIRECTION('',(-2.60208521396521E-17,-1.,6.12323399573677E-17));
#4223=DIRECTION('',(-0.780624749799799,-1.79576912822614E-17,-0.625000000000001));
#4224=DIRECTION('center_axis',(2.60208521396521E-17,1.,-6.12323399573677E-17));
#4225=DIRECTION('ref_axis',(0.625000000000001,-6.4062512646159E-17,-0.780624749799799));
#4226=DIRECTION('',(0.625000000000001,-6.4062512646159E-17,-0.780624749799799));
#4227=DIRECTION('',(0.625000000000001,-6.4062512646159E-17,-0.780624749799799));
#4228=DIRECTION('',(-0.780624749799799,-1.79576912822614E-17,-0.625000000000001));
#4229=DIRECTION('center_axis',(-0.625000000000001,-1.13929154628415E-16,
0.780624749799799));
#4230=DIRECTION('ref_axis',(-8.52239399069569E-17,1.,7.77123607752959E-17));
#4231=DIRECTION('',(-8.52239399069569E-17,1.,7.77123607752959E-17));
#4232=DIRECTION('',(-8.52239399069569E-17,1.,7.77123607752959E-17));
#4233=DIRECTION('',(-0.780624749799799,-1.79576912822614E-17,-0.625000000000001));
#4234=DIRECTION('center_axis',(9.68254023140308E-17,-1.,-9.22025826774299E-17));
#4235=DIRECTION('ref_axis',(-0.625000000000001,-1.32491494479733E-16,0.780624749799799));
#4236=DIRECTION('',(-0.625000000000001,-1.32491494479733E-16,0.780624749799799));
#4237=DIRECTION('',(-0.625000000000001,-1.32491494479733E-16,0.780624749799799));
#4238=DIRECTION('center_axis',(-0.780624749799799,-1.79576912822614E-17,
-0.625000000000001));
#4239=DIRECTION('ref_axis',(-0.625000000000001,6.4062512646159E-17,0.780624749799799));
#4240=DIRECTION('center_axis',(-0.780624749799799,-1.79576912822614E-17,
-0.625000000000001));
#4241=DIRECTION('ref_axis',(-0.625000000000001,6.4062512646159E-17,0.780624749799799));
#4242=DIRECTION('center_axis',(-1.,-1.85237631235433E-16,6.1193509574349E-17));
#4243=DIRECTION('ref_axis',(6.1193509574349E-17,1.57904821013164E-16,1.));
#4244=DIRECTION('',(6.11935095743491E-17,-3.54401410984283E-17,1.));
#4245=DIRECTION('',(1.85237631235433E-16,-1.,1.57904821013164E-16));
#4246=DIRECTION('',(-6.1193509574349E-17,-1.57904821013164E-16,-1.));
#4247=DIRECTION('',(-1.85237631235433E-16,1.,-1.55114871935043E-17));
#4248=DIRECTION('',(-5.64528745887693E-17,-0.0254848853607848,-0.999675207564011));
#4249=DIRECTION('center_axis',(-1.,-1.85237631235433E-16,6.1193509574349E-17));
#4250=DIRECTION('ref_axis',(-5.64528745887693E-17,-0.0254848853607848,-0.999675207564011));
#4251=DIRECTION('',(5.64528745887693E-17,0.0254848853607848,0.999675207564011));
#4252=DIRECTION('center_axis',(1.,1.85237631235433E-16,-6.1193509574349E-17));
#4253=DIRECTION('ref_axis',(5.64528745887693E-17,0.0254848853607848,0.999675207564011));
#4254=DIRECTION('center_axis',(-1.,-1.85237631235433E-16,6.1193509574349E-17));
#4255=DIRECTION('ref_axis',(6.1193509574349E-17,1.57904821013164E-16,1.));
#4256=DIRECTION('',(6.11935095743491E-17,-3.54401410984283E-17,1.));
#4257=DIRECTION('',(-1.85237631235433E-16,1.,-1.55114871935043E-17));
#4258=DIRECTION('',(-6.1193509574349E-17,-1.57904821013164E-16,-1.));
#4259=DIRECTION('',(1.85237631235433E-16,-1.,1.57904821013164E-16));
#4260=DIRECTION('',(5.64528745887693E-17,0.0254848853607848,0.999675207564011));
#4261=DIRECTION('center_axis',(-1.,-1.85237631235433E-16,6.1193509574349E-17));
#4262=DIRECTION('ref_axis',(5.64528745887693E-17,0.0254848853607848,0.999675207564011));
#4263=DIRECTION('',(-5.64528745887693E-17,-0.0254848853607848,-0.999675207564011));
#4264=DIRECTION('center_axis',(1.,1.85237631235433E-16,-6.1193509574349E-17));
#4265=DIRECTION('ref_axis',(-5.64528745887693E-17,-0.0254848853607848,-0.999675207564011));
#4266=DIRECTION('center_axis',(-6.1193509574349E-17,-1.57904821013164E-16,
-1.));
#4267=DIRECTION('ref_axis',(1.85237631235433E-16,-1.,1.57904821013164E-16));
#4268=DIRECTION('',(-1.,-1.85237631235433E-16,6.1193509574349E-17));
#4269=DIRECTION('',(-1.,-1.85237631235433E-16,6.1193509574349E-17));
#4270=DIRECTION('center_axis',(-1.85237631235433E-16,1.,-1.57904821013164E-16));
#4271=DIRECTION('ref_axis',(-6.1193509574349E-17,-1.57904821013164E-16,
-1.));
#4272=DIRECTION('',(-1.,-1.85237631235433E-16,6.1193509574349E-17));
#4273=DIRECTION('center_axis',(6.1193509574349E-17,1.55114871935043E-17,
1.));
#4274=DIRECTION('ref_axis',(-1.85237631235433E-16,1.,-1.55114871935043E-17));
#4275=DIRECTION('',(-1.,-1.85237631235433E-16,6.1193509574349E-17));
#4276=DIRECTION('center_axis',(1.85237631235433E-16,-1.,-3.54401410984283E-17));
#4277=DIRECTION('ref_axis',(6.11935095743491E-17,-3.54401410984283E-17,
1.));
#4278=DIRECTION('center_axis',(1.,1.85237631235433E-16,-6.1193509574349E-17));
#4279=DIRECTION('ref_axis',(5.64528745887692E-17,0.0254848853607849,0.999675207564011));
#4280=DIRECTION('',(-1.,-1.85237631235433E-16,6.1193509574349E-17));
#4281=DIRECTION('center_axis',(1.,1.85237631235433E-16,-6.1193509574349E-17));
#4282=DIRECTION('ref_axis',(-5.64528745887693E-17,-0.0254848853607848,-0.999675207564011));
#4283=DIRECTION('',(1.,1.85237631235433E-16,-6.1193509574349E-17));
#4284=DIRECTION('center_axis',(1.,1.85237631235433E-16,-6.1193509574349E-17));
#4285=DIRECTION('ref_axis',(5.64528745887692E-17,0.0254848853607849,0.999675207564011));
#4286=DIRECTION('',(1.,1.85237631235433E-16,-6.1193509574349E-17));
#4287=DIRECTION('center_axis',(-1.,-1.85237631235433E-16,6.1193509574349E-17));
#4288=DIRECTION('ref_axis',(-5.64528745887693E-17,-0.0254848853607848,-0.999675207564011));
#4289=DIRECTION('',(-1.,-1.85237631235433E-16,6.1193509574349E-17));
#4290=DIRECTION('center_axis',(1.86736977030274E-16,-0.999675207564011,
0.0254848853607848));
#4291=DIRECTION('ref_axis',(1.,1.85237631235433E-16,-6.1193509574349E-17));
#4292=DIRECTION('',(1.,1.85237631235433E-16,-6.1193509574349E-17));
#4293=DIRECTION('',(-5.64528745887693E-17,-0.0254848853607848,-0.999675207564011));
#4294=DIRECTION('center_axis',(1.86736977030274E-16,-0.999675207564011,
0.0254848853607848));
#4295=DIRECTION('ref_axis',(1.,1.85237631235433E-16,-6.1193509574349E-17));
#4296=DIRECTION('',(5.64528745887693E-17,0.0254848853607848,0.999675207564011));
#4297=DIRECTION('',(1.,1.85237631235433E-16,-6.1193509574349E-17));
#4298=DIRECTION('center_axis',(1.,1.85237631235433E-16,-6.1193509574349E-17));
#4299=DIRECTION('ref_axis',(5.64528745887693E-17,0.0254848853607848,0.999675207564011));
#4300=DIRECTION('',(-1.,-1.85237631235433E-16,6.1193509574349E-17));
#4301=DIRECTION('center_axis',(-1.,-1.85237631235433E-16,6.1193509574349E-17));
#4302=DIRECTION('ref_axis',(5.64528745887693E-17,0.0254848853607848,0.999675207564011));
#4303=DIRECTION('center_axis',(-1.86736977030274E-16,0.999675207564011,
-0.0254848853607848));
#4304=DIRECTION('ref_axis',(-1.,-1.85237631235433E-16,6.1193509574349E-17));
#4305=DIRECTION('',(5.64528745887693E-17,0.0254848853607848,0.999675207564011));
#4306=DIRECTION('center_axis',(-1.86736977030274E-16,0.999675207564011,
-0.0254848853607848));
#4307=DIRECTION('ref_axis',(-1.,-1.85237631235433E-16,6.1193509574349E-17));
#4308=DIRECTION('',(-1.,-1.85237631235433E-16,6.1193509574349E-17));
#4309=DIRECTION('',(-5.64528745887693E-17,-0.0254848853607848,-0.999675207564011));
#4310=DIRECTION('center_axis',(-1.,-1.85237631235433E-16,6.1193509574349E-17));
#4311=DIRECTION('ref_axis',(5.64528745887693E-17,0.0254848853607848,0.999675207564011));
#4312=DIRECTION('center_axis',(1.,1.85237631235433E-16,-6.1193509574349E-17));
#4313=DIRECTION('ref_axis',(5.64528745887693E-17,0.0254848853607848,0.999675207564011));
#4314=DIRECTION('center_axis',(1.,1.85237631235433E-16,-6.1193509574349E-17));
#4315=DIRECTION('ref_axis',(5.64528745887693E-17,0.0254848853607848,0.999675207564011));
#4316=DIRECTION('center_axis',(-1.,-1.85237631235433E-16,6.1193509574349E-17));
#4317=DIRECTION('ref_axis',(5.64528745887693E-17,0.0254848853607848,0.999675207564011));
#4318=DIRECTION('center_axis',(-0.625000000000001,-6.40625126461589E-17,
0.780624749799799));
#4319=DIRECTION('ref_axis',(2.60208521396521E-17,-1.,-6.12323399573676E-17));
#4320=DIRECTION('',(2.60208521396521E-17,-1.,-6.12323399573676E-17));
#4321=DIRECTION('',(0.780624749799799,-1.79576912822614E-17,0.625000000000001));
#4322=DIRECTION('',(2.60208521396521E-17,-1.,-6.12323399573676E-17));
#4323=DIRECTION('',(0.780624749799799,-1.79576912822614E-17,0.625000000000001));
#4324=DIRECTION('center_axis',(-2.60208521396521E-17,1.,6.12323399573676E-17));
#4325=DIRECTION('ref_axis',(-0.625000000000001,-6.40625126461589E-17,0.780624749799799));
#4326=DIRECTION('',(-0.625000000000001,-6.40625126461589E-17,0.780624749799799));
#4327=DIRECTION('',(-0.625000000000001,-6.40625126461589E-17,0.780624749799799));
#4328=DIRECTION('',(0.780624749799799,-1.79576912822614E-17,0.625000000000001));
#4329=DIRECTION('center_axis',(0.625000000000001,-1.13929154628415E-16,
-0.780624749799799));
#4330=DIRECTION('ref_axis',(8.5223939906957E-17,1.,-7.77123607752959E-17));
#4331=DIRECTION('',(8.5223939906957E-17,1.,-7.77123607752959E-17));
#4332=DIRECTION('',(8.5223939906957E-17,1.,-7.77123607752959E-17));
#4333=DIRECTION('',(0.780624749799799,-1.79576912822614E-17,0.625000000000001));
#4334=DIRECTION('center_axis',(-9.68254023140308E-17,-1.,9.22025826774299E-17));
#4335=DIRECTION('ref_axis',(0.625000000000001,-1.32491494479733E-16,-0.780624749799799));
#4336=DIRECTION('',(0.625000000000001,-1.32491494479733E-16,-0.780624749799799));
#4337=DIRECTION('',(0.625000000000001,-1.32491494479733E-16,-0.780624749799799));
#4338=DIRECTION('center_axis',(0.780624749799799,-1.79576912822614E-17,
0.625000000000001));
#4339=DIRECTION('ref_axis',(0.625000000000001,6.40625126461589E-17,-0.780624749799799));
#4340=DIRECTION('center_axis',(0.780624749799799,-1.79576912822614E-17,
0.625000000000001));
#4341=DIRECTION('ref_axis',(0.625000000000001,6.40625126461589E-17,-0.780624749799799));
#4342=DIRECTION('center_axis',(2.06465209075623E-18,1.,6.12323399573643E-17));
#4343=DIRECTION('ref_axis',(-1.,2.0646520907536E-18,4.29638217936404E-14));
#4344=DIRECTION('',(-1.,2.0646520907536E-18,4.29638217936404E-14));
#4345=DIRECTION('',(-4.27679000834125E-14,6.12323399573644E-17,-1.));
#4346=DIRECTION('',(1.,-2.0646520907536E-18,-4.30291290303831E-14));
#4347=DIRECTION('',(4.30291290303831E-14,-6.12323399573644E-17,1.));
#4348=DIRECTION('center_axis',(-2.06465209075623E-18,-1.,-6.12323399573643E-17));
#4349=DIRECTION('ref_axis',(0.239562977832756,-9.16591083006701E-17,-0.970880826699087));
#4350=DIRECTION('center_axis',(4.29638217936404E-14,-6.12323399573644E-17,
1.));
#4351=DIRECTION('ref_axis',(2.06465209075623E-18,1.,6.12323399573643E-17));
#4352=DIRECTION('',(2.06465209075623E-18,1.,6.12323399573643E-17));
#4353=DIRECTION('',(1.,-2.06465209075367E-18,-4.29638217936404E-14));
#4354=DIRECTION('',(2.06465209075623E-18,1.,6.12323399573643E-17));
#4355=DIRECTION('center_axis',(-1.,2.06465209075361E-18,4.27679000834125E-14));
#4356=DIRECTION('ref_axis',(-2.06465209075623E-18,-1.,-6.12323399573643E-17));
#4357=DIRECTION('',(4.27679000834125E-14,-2.09692811505844E-17,1.));
#4358=DIRECTION('',(2.06465209075623E-18,1.,6.12323399573643E-17));
#4359=DIRECTION('center_axis',(1.,-2.0646520907536E-18,-4.30291290303831E-14));
#4360=DIRECTION('ref_axis',(2.06465209075623E-18,1.,6.12323399573643E-17));
#4361=DIRECTION('',(2.06465209075623E-18,1.,6.12323399573643E-17));
#4362=DIRECTION('',(-4.30291290303831E-14,2.09692811505844E-17,-1.));
#4363=DIRECTION('center_axis',(-4.30291290303831E-14,6.12323399573644E-17,
-1.));
#4364=DIRECTION('ref_axis',(-2.06465209075623E-18,-1.,-6.12323399573643E-17));
#4365=DIRECTION('',(-1.,2.06465209075367E-18,4.30291290303831E-14));
#4366=DIRECTION('center_axis',(2.06465209075457E-18,1.,2.09692811505843E-17));
#4367=DIRECTION('ref_axis',(4.26343830660719E-14,-2.09692811505844E-17,
1.));
#4368=DIRECTION('',(-1.,2.06465209075358E-18,4.30291290303831E-14));
#4369=DIRECTION('',(-4.3180954401272E-14,2.09692811505844E-17,-1.));
#4370=DIRECTION('',(1.,-2.06465209075359E-18,-4.26343830660719E-14));
#4371=DIRECTION('',(4.3180954401272E-14,-2.09692811505844E-17,1.));
#4372=DIRECTION('center_axis',(2.06465209075457E-18,1.,2.09692811505843E-17));
#4373=DIRECTION('ref_axis',(4.26343830660719E-14,-2.09692811505844E-17,
1.));
#4374=DIRECTION('',(-1.,2.06465209075358E-18,4.30291290303831E-14));
#4375=DIRECTION('',(4.3180954401272E-14,-2.09692811505844E-17,1.));
#4376=DIRECTION('',(1.,-2.06465209075359E-18,-4.26343830660719E-14));
#4377=DIRECTION('',(-4.3180954401272E-14,2.09692811505844E-17,-1.));
#4378=DIRECTION('center_axis',(-4.30291290303831E-14,2.09692811505844E-17,
-1.));
#4379=DIRECTION('ref_axis',(-1.,2.06465209075358E-18,4.30291290303831E-14));
#4380=DIRECTION('',(-2.06465209075457E-18,-1.,-2.09692811505843E-17));
#4381=DIRECTION('',(-2.06465209075457E-18,-1.,-2.09692811505843E-17));
#4382=DIRECTION('center_axis',(-1.,2.06465209075357E-18,4.3180954401272E-14));
#4383=DIRECTION('ref_axis',(4.3180954401272E-14,-2.09692811505844E-17,1.));
#4384=DIRECTION('',(-2.06465209075457E-18,-1.,-2.09692811505843E-17));
#4385=DIRECTION('center_axis',(4.26343830660719E-14,-2.09692811505844E-17,
1.));
#4386=DIRECTION('ref_axis',(1.,-2.06465209075359E-18,-4.26343830660719E-14));
#4387=DIRECTION('',(-2.06465209075457E-18,-1.,-2.09692811505843E-17));
#4388=DIRECTION('center_axis',(1.,-2.06465209075357E-18,-4.3180954401272E-14));
#4389=DIRECTION('ref_axis',(-4.3180954401272E-14,2.09692811505844E-17,-1.));
#4390=DIRECTION('center_axis',(1.40842530168899E-16,1.,2.09692811505783E-17));
#4391=DIRECTION('ref_axis',(4.26343830660719E-14,-2.09692811505843E-17,
1.));
#4392=DIRECTION('',(-1.,1.40842530168898E-16,4.30291290303831E-14));
#4393=DIRECTION('',(4.3180954401272E-14,-2.09692811505844E-17,1.));
#4394=DIRECTION('',(1.,-1.40842530168898E-16,-4.26343830660719E-14));
#4395=DIRECTION('',(-4.3180954401272E-14,2.09692811505844E-17,-1.));
#4396=DIRECTION('center_axis',(-9.78792563673284E-16,-1.,-2.09692811505425E-17));
#4397=DIRECTION('ref_axis',(0.239562977832756,-9.16591083006701E-17,-0.970880826699087));
#4398=DIRECTION('center_axis',(1.40842530168899E-16,1.,2.09692811505783E-17));
#4399=DIRECTION('ref_axis',(4.26343830660719E-14,-2.09692811505843E-17,
1.));
#4400=DIRECTION('',(-1.,1.40842530168898E-16,4.30291290303831E-14));
#4401=DIRECTION('',(-4.3180954401272E-14,2.09692811505844E-17,-1.));
#4402=DIRECTION('',(1.,-1.40842530168898E-16,-4.26343830660719E-14));
#4403=DIRECTION('',(4.3180954401272E-14,-2.09692811505844E-17,1.));
#4404=DIRECTION('center_axis',(-4.30291290303831E-14,2.09692811505844E-17,
-1.));
#4405=DIRECTION('ref_axis',(-1.,1.40842530168898E-16,4.30291290303831E-14));
#4406=DIRECTION('',(-1.40842530168899E-16,-1.,-2.09692811505783E-17));
#4407=DIRECTION('',(-1.40842530168899E-16,-1.,-2.09692811505783E-17));
#4408=DIRECTION('center_axis',(-1.,1.40842530168898E-16,4.3180954401272E-14));
#4409=DIRECTION('ref_axis',(4.3180954401272E-14,-2.09692811505844E-17,1.));
#4410=DIRECTION('',(-1.40842530168899E-16,-1.,-2.09692811505783E-17));
#4411=DIRECTION('center_axis',(4.26343830660719E-14,-2.09692811505843E-17,
1.));
#4412=DIRECTION('ref_axis',(1.,-1.40842530168898E-16,-4.26343830660719E-14));
#4413=DIRECTION('',(-1.40842530168899E-16,-1.,-2.09692811505783E-17));
#4414=DIRECTION('center_axis',(1.,-1.40842530168898E-16,-4.3180954401272E-14));
#4415=DIRECTION('ref_axis',(-4.3180954401272E-14,2.09692811505844E-17,-1.));
#4416=DIRECTION('center_axis',(9.78792563673284E-16,1.,2.09692811505425E-17));
#4417=DIRECTION('ref_axis',(0.239562977832756,-9.16591083006701E-17,-0.970880826699087));
#4418=DIRECTION('',(-9.78792563673284E-16,-1.,-2.09692811505425E-17));
#4419=DIRECTION('center_axis',(2.06465209075623E-18,1.,6.12323399573643E-17));
#4420=DIRECTION('ref_axis',(-1.,2.0646520907536E-18,4.29638217936404E-14));
#4421=DIRECTION('',(-1.,2.0646520907536E-18,4.29638217936404E-14));
#4422=DIRECTION('',(-4.27679000834125E-14,6.12323399573644E-17,-1.));
#4423=DIRECTION('',(1.,-2.0646520907536E-18,-4.30291290303831E-14));
#4424=DIRECTION('',(4.30291290303831E-14,-6.12323399573644E-17,1.));
#4425=DIRECTION('center_axis',(-2.06465209075623E-18,-1.,-6.12323399573643E-17));
#4426=DIRECTION('ref_axis',(0.239562977832756,-9.16591083006701E-17,-0.970880826699087));
#4427=DIRECTION('center_axis',(4.29638217936404E-14,-6.12323399573644E-17,
1.));
#4428=DIRECTION('ref_axis',(2.06465209075623E-18,1.,6.12323399573643E-17));
#4429=DIRECTION('',(2.06465209075623E-18,1.,6.12323399573643E-17));
#4430=DIRECTION('',(1.,-2.06465209075367E-18,-4.29638217936404E-14));
#4431=DIRECTION('',(2.06465209075623E-18,1.,6.12323399573643E-17));
#4432=DIRECTION('center_axis',(-1.,2.06465209075361E-18,4.27679000834125E-14));
#4433=DIRECTION('ref_axis',(-2.06465209075623E-18,-1.,-6.12323399573643E-17));
#4434=DIRECTION('',(4.27679000834125E-14,-2.09692811505844E-17,1.));
#4435=DIRECTION('',(2.06465209075623E-18,1.,6.12323399573643E-17));
#4436=DIRECTION('center_axis',(1.,-2.0646520907536E-18,-4.30291290303831E-14));
#4437=DIRECTION('ref_axis',(2.06465209075623E-18,1.,6.12323399573643E-17));
#4438=DIRECTION('',(2.06465209075623E-18,1.,6.12323399573643E-17));
#4439=DIRECTION('',(-4.30291290303831E-14,2.09692811505844E-17,-1.));
#4440=DIRECTION('center_axis',(-4.30291290303831E-14,6.12323399573644E-17,
-1.));
#4441=DIRECTION('ref_axis',(-2.06465209075623E-18,-1.,-6.12323399573643E-17));
#4442=DIRECTION('',(-1.,2.06465209075367E-18,4.30291290303831E-14));
#4443=DIRECTION('center_axis',(2.06465209075457E-18,1.,2.09692811505843E-17));
#4444=DIRECTION('ref_axis',(4.26343830660719E-14,-2.09692811505844E-17,
1.));
#4445=DIRECTION('',(6.11935095743491E-17,-1.32112622154224E-16,1.));
#4446=DIRECTION('',(1.,-2.06465209075359E-18,-4.26343830660719E-14));
#4447=DIRECTION('',(-4.3180954401272E-14,2.09692811505844E-17,-1.));
#4448=DIRECTION('',(-1.,2.06465209075358E-18,4.30291290303831E-14));
#4449=DIRECTION('center_axis',(2.06465209075457E-18,1.,2.09692811505843E-17));
#4450=DIRECTION('ref_axis',(4.26343830660719E-14,-2.09692811505844E-17,
1.));
#4451=DIRECTION('',(-1.,2.06465209075358E-18,4.30291290303831E-14));
#4452=DIRECTION('',(-4.3180954401272E-14,2.09692811505844E-17,-1.));
#4453=DIRECTION('',(1.,-2.06465209075359E-18,-4.26343830660719E-14));
#4454=DIRECTION('',(4.3180954401272E-14,-2.09692811505844E-17,1.));
#4455=DIRECTION('center_axis',(-4.30291290303831E-14,2.09692811505844E-17,
-1.));
#4456=DIRECTION('ref_axis',(-1.,2.06465209075358E-18,4.30291290303831E-14));
#4457=DIRECTION('',(-2.06465209075457E-18,-1.,-2.09692811505843E-17));
#4458=DIRECTION('',(-2.06465209075457E-18,-1.,-2.09692811505843E-17));
#4459=DIRECTION('',(-1.,-1.85237631235439E-16,4.30291290303831E-14));
#4460=DIRECTION('center_axis',(-1.,2.06465209075357E-18,4.3180954401272E-14));
#4461=DIRECTION('ref_axis',(4.3180954401272E-14,-2.09692811505844E-17,1.));
#4462=DIRECTION('',(-2.06465209075457E-18,-1.,-2.09692811505843E-17));
#4463=DIRECTION('',(4.3180954401272E-14,-1.32112622154216E-16,1.));
#4464=DIRECTION('center_axis',(4.26343830660719E-14,-2.09692811505844E-17,
1.));
#4465=DIRECTION('ref_axis',(1.,-2.06465209075359E-18,-4.26343830660719E-14));
#4466=DIRECTION('',(-2.06465209075457E-18,-1.,-2.09692811505843E-17));
#4467=DIRECTION('',(1.,1.85237631235439E-16,-4.26343830660719E-14));
#4468=DIRECTION('center_axis',(1.,-2.06465209075357E-18,-4.3180954401272E-14));
#4469=DIRECTION('ref_axis',(-4.3180954401272E-14,2.09692811505844E-17,-1.));
#4470=DIRECTION('center_axis',(1.85237631235433E-16,-1.,-1.32112622154224E-16));
#4471=DIRECTION('ref_axis',(6.11935095743491E-17,-1.32112622154224E-16,
1.));
#4472=DIRECTION('',(6.11935095743491E-17,-1.32112622154224E-16,1.));
#4473=DIRECTION('',(-1.,-1.85237631235427E-16,-4.34519701161571E-14));
#4474=DIRECTION('',(-4.2905398780957E-14,-1.32112622154232E-16,1.));
#4475=DIRECTION('',(1.,1.85237631235427E-16,4.30572241518459E-14));
#4476=DIRECTION('',(6.11935095743491E-17,-1.32112622154224E-16,1.));
#4477=DIRECTION('',(-1.,-1.85237631235433E-16,6.1193509574349E-17));
#4478=DIRECTION('',(6.11935095743491E-17,-1.32112622154224E-16,1.));
#4479=DIRECTION('',(-1.,-1.85237631235433E-16,6.1193509574349E-17));
#4480=DIRECTION('',(6.11935095743491E-17,-1.32112622154224E-16,1.));
#4481=DIRECTION('center_axis',(-5.34464991405102E-17,1.,-6.12323399573674E-17));
#4482=DIRECTION('ref_axis',(1.,5.34464991405129E-17,4.31225313885886E-14));
#4483=DIRECTION('',(1.,5.34464991405129E-17,4.31225313885886E-14));
#4484=DIRECTION('',(-4.33184530988165E-14,6.12323399573651E-17,1.));
#4485=DIRECTION('',(-1.,-5.34464991405128E-17,-4.30572241518459E-14));
#4486=DIRECTION('',(4.30572241518459E-14,-6.12323399573651E-17,-1.));
#4487=DIRECTION('center_axis',(5.34464991405102E-17,-1.,6.12323399573674E-17));
#4488=DIRECTION('ref_axis',(-0.23956297783284,-1.03968296586461E-16,0.970880826699066));
#4489=DIRECTION('center_axis',(4.31225313885886E-14,-6.12323399573651E-17,
-1.));
#4490=DIRECTION('ref_axis',(-5.34464991405102E-17,1.,-6.12323399573674E-17));
#4491=DIRECTION('',(-5.34464991405102E-17,1.,-6.12323399573674E-17));
#4492=DIRECTION('',(-1.,-5.34464991405126E-17,-4.31225313885886E-14));
#4493=DIRECTION('',(-5.34464991405102E-17,1.,-6.12323399573674E-17));
#4494=DIRECTION('center_axis',(1.,5.34464991405129E-17,4.33184530988165E-14));
#4495=DIRECTION('ref_axis',(5.34464991405102E-17,-1.,6.12323399573674E-17));
#4496=DIRECTION('',(4.33184530988165E-14,-2.09692811505833E-17,-1.));
#4497=DIRECTION('',(-5.34464991405102E-17,1.,-6.12323399573674E-17));
#4498=DIRECTION('center_axis',(-1.,-5.34464991405128E-17,-4.30572241518459E-14));
#4499=DIRECTION('ref_axis',(-5.34464991405102E-17,1.,-6.12323399573674E-17));
#4500=DIRECTION('',(-5.34464991405102E-17,1.,-6.12323399573674E-17));
#4501=DIRECTION('',(-4.30572241518459E-14,2.09692811505833E-17,1.));
#4502=DIRECTION('center_axis',(-4.30572241518459E-14,6.12323399573651E-17,
1.));
#4503=DIRECTION('ref_axis',(5.34464991405102E-17,-1.,6.12323399573674E-17));
#4504=DIRECTION('',(1.,5.34464991405126E-17,4.30572241518459E-14));
#4505=DIRECTION('center_axis',(-1.,-5.34464991405126E-17,-4.2905398780957E-14));
#4506=DIRECTION('ref_axis',(-4.2905398780957E-14,2.09692811505833E-17,1.));
#4507=DIRECTION('',(5.34464991405117E-17,-1.,2.09692811505856E-17));
#4508=DIRECTION('',(-4.2905398780957E-14,2.09692811505833E-17,1.));
#4509=DIRECTION('',(5.34464991405117E-17,-1.,2.09692811505856E-17));
#4510=DIRECTION('center_axis',(4.34519701161571E-14,-2.09692811505833E-17,
-1.));
#4511=DIRECTION('ref_axis',(-1.,-5.34464991405126E-17,-4.34519701161571E-14));
#4512=DIRECTION('',(1.85237631235433E-16,-1.,2.09692811505913E-17));
#4513=DIRECTION('',(-1.,-2.65393637125809E-30,-4.34519701161571E-14));
#4514=DIRECTION('',(5.34464991405117E-17,-1.,2.09692811505856E-17));
#4515=DIRECTION('',(-1.,-5.34464991405126E-17,-4.34519701161571E-14));
#4516=DIRECTION('center_axis',(-5.34464991405117E-17,1.,-2.09692811505856E-17));
#4517=DIRECTION('ref_axis',(4.34519701161571E-14,-2.09692811505833E-17,
-1.));
#4518=DIRECTION('',(1.,5.34464991405126E-17,4.30572241518459E-14));
#4519=DIRECTION('',(4.2905398780957E-14,-2.09692811505833E-17,-1.));
#4520=DIRECTION('center_axis',(-4.30572241518459E-14,2.09692811505833E-17,
1.));
#4521=DIRECTION('ref_axis',(1.,5.34464991405126E-17,4.30572241518459E-14));
#4522=DIRECTION('',(5.34464991405117E-17,-1.,2.09692811505856E-17));
#4523=DIRECTION('',(1.,2.62976515217459E-30,4.30572241518459E-14));
#4524=DIRECTION('',(-1.85237631235433E-16,1.,-2.09692811505912E-17));
#4525=DIRECTION('center_axis',(1.,5.34464991405126E-17,4.2905398780957E-14));
#4526=DIRECTION('ref_axis',(4.2905398780957E-14,-2.09692811505833E-17,-1.));
#4527=DIRECTION('',(4.2905398780957E-14,-6.12323399573669E-17,-1.));
#4528=DIRECTION('center_axis',(-1.,-1.85237631235433E-16,6.1193509574349E-17));
#4529=DIRECTION('ref_axis',(6.1193509574349E-17,6.12323399573677E-17,1.));
#4530=DIRECTION('',(1.85237631235433E-16,-1.,6.12323399573677E-17));
#4531=DIRECTION('',(-3.33066907387552E-15,-6.12323399573669E-17,-1.));
#4532=DIRECTION('center_axis',(-1.,-1.85237631235433E-16,6.1193509574349E-17));
#4533=DIRECTION('ref_axis',(6.1193509574349E-17,6.12323399573677E-17,1.));
#4534=DIRECTION('',(-3.33066907387552E-15,-6.12323399573669E-17,-1.));
#4535=DIRECTION('',(-6.72943471178637E-33,-1.,6.12323399573669E-17));
#4536=DIRECTION('',(-3.33066907387552E-15,-6.12323399573669E-17,-1.));
#4537=DIRECTION('',(1.85237631235433E-16,-1.,6.12323399573677E-17));
#4538=DIRECTION('',(-3.37893964016357E-15,-4.90890582279058E-17,-1.));
#4539=DIRECTION('',(6.93889390390722E-17,-1.,4.90890582279056E-17));
#4540=DIRECTION('',(-3.37893964016357E-15,-4.90890582279058E-17,-1.));
#4541=DIRECTION('',(1.85237631235433E-16,-1.,6.12323399573677E-17));
#4542=DIRECTION('',(-6.1193509574349E-17,-6.12323399573677E-17,-1.));
#4543=DIRECTION('',(-1.85237631235433E-16,1.,8.11609938622916E-17));
#4544=DIRECTION('',(-5.64528745887693E-17,-0.0254848853607848,-0.999675207564011));
#4545=DIRECTION('center_axis',(-1.,-1.85237631235433E-16,6.1193509574349E-17));
#4546=DIRECTION('ref_axis',(-5.64528745887693E-17,-0.0254848853607848,-0.999675207564011));
#4547=DIRECTION('',(5.64528745887693E-17,0.0254848853607848,0.999675207564011));
#4548=DIRECTION('center_axis',(1.,1.85237631235433E-16,-6.1193509574349E-17));
#4549=DIRECTION('ref_axis',(5.64528745887693E-17,0.0254848853607848,0.999675207564011));
#4550=DIRECTION('center_axis',(-5.34464991405102E-17,1.,-6.12323399573674E-17));
#4551=DIRECTION('ref_axis',(1.,5.34464991405129E-17,4.31225313885886E-14));
#4552=DIRECTION('',(1.,5.34464991405129E-17,4.31225313885886E-14));
#4553=DIRECTION('',(-4.33184530988165E-14,6.12323399573651E-17,1.));
#4554=DIRECTION('',(-1.,-5.34464991405128E-17,-4.30572241518459E-14));
#4555=DIRECTION('',(4.30572241518459E-14,-6.12323399573651E-17,-1.));
#4556=DIRECTION('center_axis',(5.34464991405102E-17,-1.,6.12323399573674E-17));
#4557=DIRECTION('ref_axis',(-0.23956297783284,-1.03968296586461E-16,0.970880826699066));
#4558=DIRECTION('center_axis',(4.31225313885886E-14,-6.12323399573651E-17,
-1.));
#4559=DIRECTION('ref_axis',(-5.34464991405102E-17,1.,-6.12323399573674E-17));
#4560=DIRECTION('',(-5.34464991405102E-17,1.,-6.12323399573674E-17));
#4561=DIRECTION('',(-1.,-5.34464991405126E-17,-4.31225313885886E-14));
#4562=DIRECTION('',(-5.34464991405102E-17,1.,-6.12323399573674E-17));
#4563=DIRECTION('center_axis',(1.,5.34464991405129E-17,4.33184530988165E-14));
#4564=DIRECTION('ref_axis',(5.34464991405102E-17,-1.,6.12323399573674E-17));
#4565=DIRECTION('',(4.33184530988165E-14,-2.09692811505833E-17,-1.));
#4566=DIRECTION('',(-5.34464991405102E-17,1.,-6.12323399573674E-17));
#4567=DIRECTION('center_axis',(-1.,-5.34464991405128E-17,-4.30572241518459E-14));
#4568=DIRECTION('ref_axis',(-5.34464991405102E-17,1.,-6.12323399573674E-17));
#4569=DIRECTION('',(-5.34464991405102E-17,1.,-6.12323399573674E-17));
#4570=DIRECTION('',(-4.30572241518459E-14,2.09692811505833E-17,1.));
#4571=DIRECTION('center_axis',(-4.30572241518459E-14,6.12323399573651E-17,
1.));
#4572=DIRECTION('ref_axis',(5.34464991405102E-17,-1.,6.12323399573674E-17));
#4573=DIRECTION('',(1.,5.34464991405126E-17,4.30572241518459E-14));
#4574=DIRECTION('center_axis',(-5.34464991405117E-17,1.,-2.09692811505856E-17));
#4575=DIRECTION('ref_axis',(4.34519701161571E-14,-2.09692811505833E-17,
-1.));
#4576=DIRECTION('',(1.,5.34464991405126E-17,4.30572241518459E-14));
#4577=DIRECTION('',(-4.2905398780957E-14,2.09692811505833E-17,1.));
#4578=DIRECTION('',(-1.,-5.34464991405126E-17,-4.34519701161571E-14));
#4579=DIRECTION('',(4.2905398780957E-14,-2.09692811505833E-17,-1.));
#4580=DIRECTION('center_axis',(-4.30572241518459E-14,2.09692811505833E-17,
1.));
#4581=DIRECTION('ref_axis',(1.,5.34464991405126E-17,4.30572241518459E-14));
#4582=DIRECTION('',(1.,2.62976515217459E-30,4.30572241518459E-14));
#4583=DIRECTION('',(5.34464991405117E-17,-1.,2.09692811505856E-17));
#4584=DIRECTION('',(5.34464991405117E-17,-1.,2.09692811505856E-17));
#4585=DIRECTION('center_axis',(4.34519701161571E-14,-2.09692811505833E-17,
-1.));
#4586=DIRECTION('ref_axis',(-1.,-5.34464991405126E-17,-4.34519701161571E-14));
#4587=DIRECTION('',(5.34464991405117E-17,-1.,2.09692811505856E-17));
#4588=DIRECTION('',(5.34464991405117E-17,-1.,2.09692811505856E-17));
#4589=DIRECTION('',(-1.,-2.65393637125809E-30,-4.34519701161571E-14));
#4590=DIRECTION('center_axis',(-1.,-5.34464991405126E-17,-4.2905398780957E-14));
#4591=DIRECTION('ref_axis',(-4.2905398780957E-14,2.09692811505833E-17,1.));
#4592=DIRECTION('',(-4.2905398780957E-14,6.12323399573669E-17,1.));
#4593=DIRECTION('center_axis',(-6.72943471178637E-33,-1.,6.12323399573669E-17));
#4594=DIRECTION('ref_axis',(-3.33066907387552E-15,-6.12323399573669E-17,
-1.));
#4595=DIRECTION('',(-3.33066907387552E-15,-6.12323399573669E-17,-1.));
#4596=DIRECTION('',(0.624999999999998,-4.77994800588759E-17,-0.780624749799802));
#4597=DIRECTION('',(1.,-2.1067409572882E-31,-3.33066907387552E-15));
#4598=DIRECTION('',(0.625000000000002,4.77994800588757E-17,0.780624749799798));
#4599=DIRECTION('',(0.625000000000002,4.77994800588757E-17,0.780624749799798));
#4600=DIRECTION('',(3.33066907387552E-15,6.12323399573669E-17,1.));
#4601=DIRECTION('',(3.33066907387552E-15,6.12323399573669E-17,1.));
#4602=DIRECTION('',(-0.624999999999998,4.77994800588759E-17,0.780624749799802));
#4603=DIRECTION('',(-1.,2.04762656279051E-31,3.23412794129942E-15));
#4604=DIRECTION('',(0.780624749799798,-1.81446267775309E-16,-0.625000000000002));
#4605=DIRECTION('',(-0.625000000000002,-4.77994800588761E-17,-0.780624749799798));
#4606=DIRECTION('',(0.780624749799798,-1.81446267775309E-16,-0.625000000000002));
#4607=DIRECTION('',(-0.625000000000002,-4.77994800588757E-17,-0.780624749799798));
#4608=DIRECTION('center_axis',(-2.67218630421029E-14,-1.,-5.81502172096686E-15));
#4609=DIRECTION('ref_axis',(-6.76048136554113E-15,5.81502172096704E-15,
-1.));
#4610=DIRECTION('',(-0.780624749799798,1.72253590758218E-14,0.625000000000002));
#4611=DIRECTION('',(-1.,-6.93889390390721E-17,3.23412794129941E-15));
#4612=DIRECTION('',(-0.624999999999998,-5.04795310235332E-18,0.780624749799802));
#4613=DIRECTION('',(6.76048136554113E-15,-5.81502172096704E-15,1.));
#4614=DIRECTION('',(-0.624999999999993,1.2161814525304E-14,0.780624749799805));
#4615=DIRECTION('',(1.,-2.67218630421029E-14,-6.76048136554128E-15));
#4616=DIRECTION('',(-0.625000000000002,2.12405142773245E-14,-0.780624749799798));
#4617=DIRECTION('center_axis',(-2.67218630421029E-14,-1.,-5.81502172096686E-15));
#4618=DIRECTION('ref_axis',(-6.76048136554113E-15,5.81502172096704E-15,
-1.));
#4619=DIRECTION('',(1.,6.93889390391165E-17,-6.76048136554113E-15));
#4620=DIRECTION('',(0.625000000000004,-2.12405142773246E-14,0.780624749799797));
#4621=DIRECTION('',(1.,6.93889390390721E-17,-3.37893964016357E-15));
#4622=DIRECTION('',(0.624999999999997,5.0479531023533E-18,-0.780624749799802));
#4623=DIRECTION('',(-6.76048136554113E-15,5.81502172096704E-15,-1.));
#4624=DIRECTION('',(0.624999999999994,-1.2161814525304E-14,-0.780624749799805));
#4625=DIRECTION('center_axis',(-2.67218630421029E-14,-1.,-5.81502172096686E-15));
#4626=DIRECTION('ref_axis',(-6.76048136554113E-15,5.81502172096704E-15,
-1.));
#4627=DIRECTION('',(1.,6.93889390391165E-17,-6.76048136554113E-15));
#4628=DIRECTION('',(0.624999999999994,-1.2161814525304E-14,-0.780624749799805));
#4629=DIRECTION('',(1.,-2.67218630421029E-14,-6.76048136554128E-15));
#4630=DIRECTION('',(0.625000000000004,-2.12405142773246E-14,0.780624749799797));
#4631=DIRECTION('center_axis',(-6.76048136554113E-15,5.81502172096704E-15,
-1.));
#4632=DIRECTION('ref_axis',(1.,-1.23693326113085E-16,-6.76048136554113E-15));
#4633=DIRECTION('',(1.,6.93889390391165E-17,-6.76048136554113E-15));
#4634=DIRECTION('',(1.23693326113124E-16,1.,5.81502172096704E-15));
#4635=DIRECTION('',(-1.,3.16775591265286E-16,6.76048136554113E-15));
#4636=DIRECTION('',(-1.23693326113124E-16,-1.,-5.81502172096704E-15));
#4637=DIRECTION('',(1.,6.93889390391165E-17,-6.76048136554113E-15));
#4638=DIRECTION('',(2.67218630421029E-14,1.,5.81502172096686E-15));
#4639=DIRECTION('',(1.,-2.67218630421029E-14,-6.76048136554128E-15));
#4640=DIRECTION('',(2.67218630421029E-14,1.,5.81502172096686E-15));
#4641=DIRECTION('center_axis',(-6.93889390390773E-17,1.,5.81502172096704E-15));
#4642=DIRECTION('ref_axis',(1.,6.93889390391165E-17,-6.76048136554113E-15));
#4643=DIRECTION('',(-0.625000000000002,4.49598178911086E-15,-0.780624749799798));
#4644=DIRECTION('',(1.,6.93889390391165E-17,-6.76048136554113E-15));
#4645=DIRECTION('',(-6.76048136554113E-15,5.81502172096704E-15,-1.));
#4646=DIRECTION('center_axis',(-6.93889390390773E-17,1.,5.81502172096704E-15));
#4647=DIRECTION('ref_axis',(1.,6.93889390391165E-17,-6.76048136554113E-15));
#4648=DIRECTION('',(-0.624999999999993,-4.58271796290975E-15,0.780624749799805));
#4649=DIRECTION('',(-6.76048136554113E-15,5.81502172096704E-15,-1.));
#4650=DIRECTION('',(1.,6.93889390391165E-17,-6.76048136554113E-15));
#4651=DIRECTION('center_axis',(-1.,1.23693326113085E-16,6.76048136554113E-15));
#4652=DIRECTION('ref_axis',(1.23693326113124E-16,1.,5.81502172096704E-15));
#4653=DIRECTION('',(1.23693326113124E-16,1.,5.81502172096704E-15));
#4654=DIRECTION('',(-6.76048136554113E-15,5.81502172096704E-15,-1.));
#4655=DIRECTION('center_axis',(-3.16775591265325E-16,-1.,-5.81502172096704E-15));
#4656=DIRECTION('ref_axis',(-1.,3.16775591265286E-16,6.76048136554113E-15));
#4657=DIRECTION('',(-1.,3.16775591265286E-16,6.76048136554113E-15));
#4658=DIRECTION('',(-6.76048136554113E-15,5.81502172096704E-15,-1.));
#4659=DIRECTION('center_axis',(1.,-1.23693326113085E-16,-6.76048136554113E-15));
#4660=DIRECTION('ref_axis',(-1.23693326113124E-16,-1.,-5.81502172096704E-15));
#4661=DIRECTION('',(-1.23693326113124E-16,-1.,-5.81502172096704E-15));
#4662=DIRECTION('center_axis',(-6.76048136554113E-15,5.81502172096704E-15,
-1.));
#4663=DIRECTION('ref_axis',(1.,-1.23693326113085E-16,-6.76048136554113E-15));
#4664=DIRECTION('',(2.6721863042103E-14,1.,5.81502172096686E-15));
#4665=DIRECTION('',(-2.67218630421029E-14,-1.,-5.81502172096686E-15));
#4666=DIRECTION('center_axis',(2.34613026801093E-16,1.,2.71754811370831E-18));
#4667=DIRECTION('ref_axis',(0.625000000000002,-1.48754527067016E-16,0.780624749799798));
#4668=DIRECTION('',(-0.625000000000002,1.48754527067016E-16,-0.780624749799798));
#4669=DIRECTION('',(-6.76048136554128E-15,2.7175481137099E-18,-1.));
#4670=DIRECTION('',(0.625000000000002,-1.48754527067016E-16,0.780624749799798));
#4671=DIRECTION('',(0.780624749799798,-1.81446267775309E-16,-0.625000000000002));
#4672=DIRECTION('',(0.625000000000002,-1.48754527067016E-16,0.780624749799798));
#4673=DIRECTION('',(0.780624749799798,-1.81446267775309E-16,-0.625000000000002));
#4674=DIRECTION('center_axis',(0.780624749799798,-1.81446267775309E-16,
-0.625000000000002));
#4675=DIRECTION('ref_axis',(-0.625000000000002,1.48754527067016E-16,-0.780624749799798));
#4676=DIRECTION('',(-2.67218630421031E-14,-1.,-3.30852822138413E-14));
#4677=DIRECTION('',(-0.625000000000002,-8.16882206964868E-17,-0.780624749799798));
#4678=DIRECTION('',(1.23368234754484E-16,1.,-1.36227152618955E-16));
#4679=DIRECTION('center_axis',(6.93889390390722E-17,-1.,4.90890582279055E-17));
#4680=DIRECTION('ref_axis',(-3.37893964016357E-15,-4.90890582279058E-17,
-1.));
#4681=DIRECTION('',(-6.76048136554128E-15,-4.9089058227906E-17,-1.));
#4682=DIRECTION('',(0.624999999999997,5.0479531023533E-18,-0.780624749799802));
#4683=DIRECTION('',(-3.37893964016357E-15,-4.90890582279058E-17,-1.));
#4684=DIRECTION('',(-0.625000000000002,-8.16882206964868E-17,-0.780624749799798));
#4685=DIRECTION('',(-2.44890529446451E-16,-4.90890582279056E-17,-1.));
#4686=DIRECTION('',(1.,6.93889390390722E-17,-2.4489052944645E-16));
#4687=DIRECTION('',(2.44890529446451E-16,4.90890582279056E-17,1.));
#4688=DIRECTION('',(-1.,-6.93889390390722E-17,2.44890529446451E-16));
#4689=DIRECTION('center_axis',(0.780624749799798,-1.81446267775309E-16,
-0.625000000000002));
#4690=DIRECTION('ref_axis',(-0.625000000000002,1.48754527067016E-16,-0.780624749799798));
#4691=DIRECTION('',(-2.34613026801093E-16,-1.,-2.71754811370831E-18));
#4692=DIRECTION('',(1.23368234754484E-16,1.,-1.36227152618955E-16));
#4693=DIRECTION('center_axis',(-0.780624749799798,1.81446267775309E-16,
0.625000000000002));
#4694=DIRECTION('ref_axis',(-0.625000000000002,7.86327497041309E-17,-0.780624749799798));
#4695=DIRECTION('center_axis',(-0.780624749799798,1.81446267775309E-16,
0.625000000000002));
#4696=DIRECTION('ref_axis',(-0.625000000000002,6.93889390390708E-17,-0.780624749799798));
#4697=DIRECTION('center_axis',(0.780624749799798,-1.81446267775309E-16,
-0.625000000000002));
#4698=DIRECTION('ref_axis',(-0.625000000000002,1.48754527067016E-16,-0.780624749799798));
#4699=DIRECTION('',(-0.625000000000002,-4.77994800588757E-17,-0.780624749799798));
#4700=DIRECTION('',(1.23368234754484E-16,1.,-1.36227152618955E-16));
#4701=DIRECTION('',(-0.625000000000002,-8.16882206964868E-17,-0.780624749799798));
#4702=DIRECTION('',(-2.34613026801093E-16,-1.,-2.71754811370831E-18));
#4703=DIRECTION('center_axis',(0.780624749799798,-1.81446267775309E-16,
-0.625000000000002));
#4704=DIRECTION('ref_axis',(-0.625000000000002,7.86327497041309E-17,-0.780624749799798));
#4705=DIRECTION('center_axis',(0.780624749799798,-1.81446267775309E-16,
-0.625000000000002));
#4706=DIRECTION('ref_axis',(-0.625000000000002,6.93889390390708E-17,-0.780624749799798));
#4707=DIRECTION('center_axis',(0.625000000000002,-1.48754527067016E-16,
0.780624749799798));
#4708=DIRECTION('ref_axis',(-2.34613026801093E-16,-1.,-2.71754811370831E-18));
#4709=DIRECTION('',(1.35395131981919E-14,1.,-1.06497279569154E-14));
#4710=DIRECTION('',(-6.72943471178637E-33,-1.,6.12323399573669E-17));
#4711=DIRECTION('',(6.93889390390722E-17,-1.,4.90890582279056E-17));
#4712=DIRECTION('center_axis',(-0.625000000000002,-2.9237140207558E-17,
-0.780624749799798));
#4713=DIRECTION('ref_axis',(1.23368234754484E-16,1.,-1.36227152618955E-16));
#4714=DIRECTION('',(-3.66070137334916E-17,1.,-8.14444664450644E-18));
#4715=DIRECTION('',(1.16014624070736E-17,1.,-4.67421180552332E-17));
#4716=DIRECTION('center_axis',(-0.780624749799798,3.82702124733545E-17,
0.625000000000002));
#4717=DIRECTION('ref_axis',(-0.625000000000002,-4.77994800588757E-17,-0.780624749799798));
#4718=DIRECTION('',(-0.625000000000002,-4.77994800588757E-17,-0.780624749799798));
#4719=DIRECTION('center_axis',(-1.,-1.85237631235433E-16,6.1193509574349E-17));
#4720=DIRECTION('ref_axis',(6.1193509574349E-17,6.12323399573677E-17,1.));
#4721=DIRECTION('',(-1.85237631235433E-16,1.,8.11609938622916E-17));
#4722=DIRECTION('',(-6.1193509574349E-17,-6.12323399573677E-17,-1.));
#4723=DIRECTION('',(1.85237631235433E-16,-1.,6.12323399573677E-17));
#4724=DIRECTION('',(5.64528745887693E-17,0.0254848853607848,0.999675207564011));
#4725=DIRECTION('center_axis',(-1.,-1.85237631235433E-16,6.1193509574349E-17));
#4726=DIRECTION('ref_axis',(5.64528745887693E-17,0.0254848853607848,0.999675207564011));
#4727=DIRECTION('',(-5.64528745887693E-17,-0.0254848853607848,-0.999675207564011));
#4728=DIRECTION('center_axis',(1.,1.85237631235433E-16,-6.1193509574349E-17));
#4729=DIRECTION('ref_axis',(-5.64528745887693E-17,-0.0254848853607848,-0.999675207564011));
#4730=DIRECTION('center_axis',(-6.1193509574349E-17,-6.12323399573677E-17,
-1.));
#4731=DIRECTION('ref_axis',(1.85237631235433E-16,-1.,6.12323399573677E-17));
#4732=DIRECTION('',(-6.93889390390723E-17,1.,-6.12323399573677E-17));
#4733=DIRECTION('',(6.72943471178362E-33,1.,-6.12323399573677E-17));
#4734=DIRECTION('',(-1.,-1.85237631235433E-16,6.1193509574349E-17));
#4735=DIRECTION('center_axis',(-1.85237631235433E-16,1.,-6.12323399573677E-17));
#4736=DIRECTION('ref_axis',(-6.1193509574349E-17,-6.12323399573677E-17,
-1.));
#4737=DIRECTION('',(-1.,-1.85237631235433E-16,6.1193509574349E-17));
#4738=DIRECTION('center_axis',(6.11935095743491E-17,-8.11609938622916E-17,
1.));
#4739=DIRECTION('ref_axis',(-1.85237631235433E-16,1.,8.11609938622916E-17));
#4740=DIRECTION('center_axis',(1.,1.85237631235433E-16,-6.1193509574349E-17));
#4741=DIRECTION('ref_axis',(5.64528745887692E-17,0.0254848853607849,0.999675207564011));
#4742=DIRECTION('',(-1.,-1.85237631235433E-16,6.1193509574349E-17));
#4743=DIRECTION('center_axis',(1.,1.85237631235433E-16,-6.1193509574349E-17));
#4744=DIRECTION('ref_axis',(-5.64528745887693E-17,-0.0254848853607848,-0.999675207564011));
#4745=DIRECTION('',(1.,1.85237631235433E-16,-6.1193509574349E-17));
#4746=DIRECTION('center_axis',(1.,1.85237631235433E-16,-6.1193509574349E-17));
#4747=DIRECTION('ref_axis',(5.64528745887692E-17,0.0254848853607849,0.999675207564011));
#4748=DIRECTION('',(1.,1.85237631235433E-16,-6.1193509574349E-17));
#4749=DIRECTION('center_axis',(-1.,-1.85237631235433E-16,6.1193509574349E-17));
#4750=DIRECTION('ref_axis',(-5.64528745887693E-17,-0.0254848853607848,-0.999675207564011));
#4751=DIRECTION('',(-1.,-1.85237631235433E-16,6.1193509574349E-17));
#4752=DIRECTION('center_axis',(1.86736977030274E-16,-0.999675207564011,
0.0254848853607848));
#4753=DIRECTION('ref_axis',(1.,1.85237631235433E-16,-6.1193509574349E-17));
#4754=DIRECTION('',(1.,1.85237631235433E-16,-6.1193509574349E-17));
#4755=DIRECTION('',(-5.64528745887693E-17,-0.0254848853607848,-0.999675207564011));
#4756=DIRECTION('center_axis',(1.86736977030274E-16,-0.999675207564011,
0.0254848853607848));
#4757=DIRECTION('ref_axis',(1.,1.85237631235433E-16,-6.1193509574349E-17));
#4758=DIRECTION('',(5.64528745887693E-17,0.0254848853607848,0.999675207564011));
#4759=DIRECTION('',(1.,1.85237631235433E-16,-6.1193509574349E-17));
#4760=DIRECTION('center_axis',(1.,1.85237631235433E-16,-6.1193509574349E-17));
#4761=DIRECTION('ref_axis',(5.64528745887693E-17,0.0254848853607848,0.999675207564011));
#4762=DIRECTION('',(-1.,-1.85237631235433E-16,6.1193509574349E-17));
#4763=DIRECTION('center_axis',(-1.,-1.85237631235433E-16,6.1193509574349E-17));
#4764=DIRECTION('ref_axis',(5.64528745887693E-17,0.0254848853607848,0.999675207564011));
#4765=DIRECTION('center_axis',(-1.86736977030274E-16,0.999675207564011,
-0.0254848853607848));
#4766=DIRECTION('ref_axis',(-1.,-1.85237631235433E-16,6.1193509574349E-17));
#4767=DIRECTION('',(5.64528745887693E-17,0.0254848853607848,0.999675207564011));
#4768=DIRECTION('center_axis',(-1.86736977030274E-16,0.999675207564011,
-0.0254848853607848));
#4769=DIRECTION('ref_axis',(-1.,-1.85237631235433E-16,6.1193509574349E-17));
#4770=DIRECTION('',(-1.,-1.85237631235433E-16,6.1193509574349E-17));
#4771=DIRECTION('',(-5.64528745887693E-17,-0.0254848853607848,-0.999675207564011));
#4772=DIRECTION('center_axis',(-1.,-1.85237631235433E-16,6.1193509574349E-17));
#4773=DIRECTION('ref_axis',(5.64528745887693E-17,0.0254848853607848,0.999675207564011));
#4774=DIRECTION('center_axis',(1.,1.85237631235433E-16,-6.1193509574349E-17));
#4775=DIRECTION('ref_axis',(5.64528745887693E-17,0.0254848853607848,0.999675207564011));
#4776=DIRECTION('center_axis',(1.,1.85237631235433E-16,-6.1193509574349E-17));
#4777=DIRECTION('ref_axis',(5.64528745887693E-17,0.0254848853607848,0.999675207564011));
#4778=DIRECTION('center_axis',(-1.,-1.85237631235433E-16,6.1193509574349E-17));
#4779=DIRECTION('ref_axis',(5.64528745887693E-17,0.0254848853607848,0.999675207564011));
#4780=DIRECTION('center_axis',(-1.,2.1067409572882E-31,3.33066907387552E-15));
#4781=DIRECTION('ref_axis',(-3.33066907387552E-15,-6.12323399573669E-17,
-1.));
#4782=DIRECTION('',(-3.33066907387552E-15,-6.12323399573669E-17,-1.));
#4783=DIRECTION('',(-6.72943471178637E-33,-1.,6.12323399573669E-17));
#4784=DIRECTION('center_axis',(-0.780624749799799,1.1385451792901E-16,0.625000000000001));
#4785=DIRECTION('ref_axis',(0.625000000000001,1.83837610738499E-16,0.780624749799799));
#4786=DIRECTION('',(2.60208521396521E-17,-1.,2.14667262592165E-16));
#4787=DIRECTION('',(0.625000000000001,-1.27163963873931E-17,0.780624749799799));
#4788=DIRECTION('',(8.52239399069569E-17,1.,-7.57225618595015E-17));
#4789=DIRECTION('center_axis',(-0.780624749799799,1.1385451792901E-16,0.625000000000001));
#4790=DIRECTION('ref_axis',(0.625000000000001,1.83837610738499E-16,0.780624749799799));
#4791=DIRECTION('',(0.625000000000002,8.16882206964868E-17,0.780624749799798));
#4792=DIRECTION('',(2.60208521396521E-17,-1.,2.14667262592165E-16));
#4793=DIRECTION('',(0.625000000000002,4.77994800588757E-17,0.780624749799798));
#4794=DIRECTION('',(8.52239399069569E-17,1.,-7.57225618595015E-17));
#4795=DIRECTION('center_axis',(-0.625000000000001,-1.83837610738499E-16,
-0.780624749799799));
#4796=DIRECTION('ref_axis',(2.60208521396521E-17,-1.,2.14667262592165E-16));
#4797=DIRECTION('',(2.60208521396521E-17,-1.,2.14667262592165E-16));
#4798=DIRECTION('',(-0.780624749799799,1.1385451792901E-16,0.625000000000001));
#4799=DIRECTION('',(-6.72943471178637E-33,-1.,6.12323399573669E-17));
#4800=DIRECTION('',(6.93889390390722E-17,-1.,4.90890582279056E-17));
#4801=DIRECTION('',(-0.780624749799799,1.1385451792901E-16,0.625000000000001));
#4802=DIRECTION('center_axis',(0.625000000000001,5.84594346392504E-18,0.780624749799799));
#4803=DIRECTION('ref_axis',(8.52239399069569E-17,1.,-7.57225618595015E-17));
#4804=DIRECTION('',(8.52239399069569E-17,1.,-7.57225618595015E-17));
#4805=DIRECTION('',(-0.780624749799799,1.1385451792901E-16,0.625000000000001));
#4806=DIRECTION('',(-2.1987515768721E-17,1.,1.01153004610098E-17));
#4807=DIRECTION('',(2.62209603718443E-17,1.,-2.84823709497168E-17));
#4808=DIRECTION('',(-0.780624749799799,1.1385451792901E-16,0.625000000000001));
#4809=DIRECTION('center_axis',(-9.68254023140307E-17,-1.,6.12323399573675E-17));
#4810=DIRECTION('ref_axis',(0.625000000000001,-1.27163963873931E-17,0.780624749799799));
#4811=DIRECTION('',(0.625000000000001,-1.27163963873931E-17,0.780624749799799));
#4812=DIRECTION('center_axis',(-0.780624749799799,1.1385451792901E-16,0.625000000000001));
#4813=DIRECTION('ref_axis',(0.625000000000001,1.83837610738499E-16,0.780624749799799));
#4814=DIRECTION('',(-0.625000000000001,-1.83837610738499E-16,-0.780624749799799));
#4815=DIRECTION('center_axis',(0.780624749799802,3.82702124733541E-17,0.624999999999998));
#4816=DIRECTION('ref_axis',(-0.624999999999998,4.77994800588759E-17,0.780624749799802));
#4817=DIRECTION('',(-0.624999999999998,4.77994800588759E-17,0.780624749799802));
#4818=DIRECTION('',(-6.72943471178637E-33,-1.,6.12323399573669E-17));
#4819=DIRECTION('',(-6.72943471178637E-33,-1.,6.12323399573669E-17));
#4820=DIRECTION('center_axis',(1.,-2.1067409572882E-31,-3.33066907387552E-15));
#4821=DIRECTION('ref_axis',(3.33066907387552E-15,6.12323399573669E-17,1.));
#4822=DIRECTION('',(3.33066907387552E-15,6.12323399573669E-17,1.));
#4823=DIRECTION('',(-6.72943471178637E-33,-1.,6.12323399573669E-17));
#4824=DIRECTION('center_axis',(0.780624749799798,-3.82702124733545E-17,
-0.625000000000002));
#4825=DIRECTION('ref_axis',(0.625000000000002,4.77994800588757E-17,0.780624749799798));
#4826=DIRECTION('',(0.625000000000002,4.77994800588757E-17,0.780624749799798));
#4827=DIRECTION('center_axis',(-3.33066907387552E-15,-6.12323399573669E-17,
-1.));
#4828=DIRECTION('ref_axis',(1.,-2.1067409572882E-31,-3.33066907387552E-15));
#4829=DIRECTION('',(1.,-2.1067409572882E-31,-3.33066907387552E-15));
#4830=DIRECTION('',(-6.72943471178637E-33,-1.,6.12323399573669E-17));
#4831=DIRECTION('center_axis',(-0.780624749799802,-3.82702124733541E-17,
-0.624999999999998));
#4832=DIRECTION('ref_axis',(0.624999999999998,-4.77994800588759E-17,-0.780624749799802));
#4833=DIRECTION('',(0.624999999999998,-4.77994800588759E-17,-0.780624749799802));
#4834=DIRECTION('center_axis',(3.23412794129942E-15,6.12323399573669E-17,
1.));
#4835=DIRECTION('ref_axis',(-1.,2.04762656279051E-31,3.23412794129942E-15));
#4836=DIRECTION('',(-1.,2.04762656279051E-31,3.23412794129942E-15));
#4837=DIRECTION('center_axis',(-6.72943471178637E-33,-1.,6.12323399573669E-17));
#4838=DIRECTION('ref_axis',(-3.33066907387552E-15,-6.12323399573669E-17,
-1.));
#4839=DIRECTION('center_axis',(0.780624749799798,2.34860617838081E-17,-0.625000000000002));
#4840=DIRECTION('ref_axis',(0.625000000000002,8.16882206964868E-17,0.780624749799798));
#4841=DIRECTION('',(0.625000000000002,8.16882206964868E-17,0.780624749799798));
#4842=DIRECTION('',(6.93889390390722E-17,-1.,4.90890582279056E-17));
#4843=DIRECTION('',(0.625000000000002,8.16882206964868E-17,0.780624749799798));
#4844=DIRECTION('center_axis',(6.93889390390722E-17,-1.,4.90890582279055E-17));
#4845=DIRECTION('ref_axis',(-3.37893964016357E-15,-4.90890582279058E-17,
-1.));
#4846=DIRECTION('',(6.76048136554128E-15,4.9089058227906E-17,1.));
#4847=DIRECTION('',(-0.624999999999998,-5.04795310235332E-18,0.780624749799802));
#4848=DIRECTION('',(3.37893964016357E-15,4.90890582279058E-17,1.));
#4849=DIRECTION('',(1.,6.93889390390721E-17,-3.37893964016357E-15));
#4850=DIRECTION('',(0.625000000000004,8.16882206964868E-17,0.780624749799797));
#4851=DIRECTION('',(1.22425849531717E-16,4.90890582279056E-17,1.));
#4852=DIRECTION('',(-1.,-6.93889390390722E-17,1.22425849531717E-16));
#4853=DIRECTION('',(-1.22425849531717E-16,-4.90890582279056E-17,-1.));
#4854=DIRECTION('',(1.,6.93889390390722E-17,-1.22425849531717E-16));
#4855=DIRECTION('center_axis',(6.93889390390722E-17,-1.,4.90890582279055E-17));
#4856=DIRECTION('ref_axis',(-3.37893964016357E-15,-4.90890582279058E-17,
-1.));
#4857=DIRECTION('',(-0.624999999999998,-5.04795310235332E-18,0.780624749799802));
#4858=DIRECTION('',(-1.,-6.93889390390721E-17,3.23412794129941E-15));
#4859=DIRECTION('',(-0.625000000000002,-8.16882206964868E-17,-0.780624749799798));
#4860=DIRECTION('',(-3.37893964016357E-15,-4.90890582279058E-17,-1.));
#4861=DIRECTION('',(0.624999999999997,5.0479531023533E-18,-0.780624749799802));
#4862=DIRECTION('',(1.,6.93889390390721E-17,-3.37893964016357E-15));
#4863=DIRECTION('',(3.37893964016357E-15,4.90890582279058E-17,1.));
#4864=DIRECTION('',(-1.22425849531717E-16,-4.90890582279056E-17,-1.));
#4865=DIRECTION('',(-1.,-6.93889390390722E-17,1.22425849531717E-16));
#4866=DIRECTION('',(1.22425849531717E-16,4.90890582279056E-17,1.));
#4867=DIRECTION('',(1.,6.93889390390722E-17,-1.22425849531717E-16));
#4868=DIRECTION('',(2.44890529446451E-16,4.90890582279056E-17,1.));
#4869=DIRECTION('',(1.,6.93889390390722E-17,-2.44890529446451E-16));
#4870=DIRECTION('',(-2.44890529446451E-16,-4.90890582279056E-17,-1.));
#4871=DIRECTION('',(-1.,-6.93889390390722E-17,2.4489052944645E-16));
#4872=DIRECTION('center_axis',(1.,6.93889390390721E-17,-3.37893964016357E-15));
#4873=DIRECTION('ref_axis',(3.37893964016357E-15,4.90890582279058E-17,1.));
#4874=DIRECTION('',(6.93889390390722E-17,-1.,4.90890582279056E-17));
#4875=DIRECTION('center_axis',(-3.37893964016357E-15,-4.90890582279058E-17,
-1.));
#4876=DIRECTION('ref_axis',(1.,6.93889390390721E-17,-3.37893964016357E-15));
#4877=DIRECTION('',(6.93889390390722E-17,-1.,4.90890582279056E-17));
#4878=DIRECTION('center_axis',(-0.780624749799802,-8.48473845686903E-17,
-0.624999999999997));
#4879=DIRECTION('ref_axis',(0.624999999999997,5.0479531023533E-18,-0.780624749799802));
#4880=DIRECTION('',(6.93889390390722E-17,-1.,4.90890582279056E-17));
#4881=DIRECTION('center_axis',(-1.,-6.93889390390721E-17,3.37893964016357E-15));
#4882=DIRECTION('ref_axis',(-3.37893964016357E-15,-4.90890582279058E-17,
-1.));
#4883=DIRECTION('center_axis',(-0.780624749799798,-2.34860617838081E-17,
0.625000000000002));
#4884=DIRECTION('ref_axis',(-0.625000000000002,-8.16882206964868E-17,-0.780624749799798));
#4885=DIRECTION('center_axis',(3.23412794129941E-15,4.90890582279058E-17,
1.));
#4886=DIRECTION('ref_axis',(-1.,-6.93889390390721E-17,3.23412794129941E-15));
#4887=DIRECTION('',(6.93889390390722E-17,-1.,4.90890582279056E-17));
#4888=DIRECTION('center_axis',(0.780624749799802,8.48473845686903E-17,0.624999999999998));
#4889=DIRECTION('ref_axis',(-0.624999999999998,-5.04795310235332E-18,0.780624749799802));
#4890=DIRECTION('center_axis',(2.4489052944645E-16,6.53351286424126E-16,
1.));
#4891=DIRECTION('ref_axis',(1.79973377365036E-15,-1.,6.53351286424126E-16));
#4892=DIRECTION('',(-1.79973377365036E-15,1.,-6.53351286424126E-16));
#4893=DIRECTION('',(1.,1.79973377365036E-15,-2.44890529446451E-16));
#4894=DIRECTION('',(1.79973377365036E-15,-1.,6.53351286424126E-16));
#4895=DIRECTION('center_axis',(2.4489052944645E-16,6.53351286424126E-16,
1.));
#4896=DIRECTION('ref_axis',(1.79973377365036E-15,-1.,6.53351286424126E-16));
#4897=DIRECTION('',(1.79973377365036E-15,-1.,6.53351286424126E-16));
#4898=DIRECTION('',(1.,1.79973377365036E-15,-2.44890529446451E-16));
#4899=DIRECTION('',(-1.79973377365036E-15,1.,-6.53351286424126E-16));
#4900=DIRECTION('center_axis',(-1.,-1.79973377365036E-15,2.44890529446451E-16));
#4901=DIRECTION('ref_axis',(2.44890529446451E-16,6.12323399573763E-17,1.));
#4902=DIRECTION('',(1.79973377365036E-15,-1.,-2.34827133275999E-16));
#4903=DIRECTION('',(2.44890529446451E-16,6.12323399573763E-17,1.));
#4904=DIRECTION('center_axis',(-1.,-1.79973377365036E-15,2.44890529446451E-16));
#4905=DIRECTION('ref_axis',(2.44890529446451E-16,6.12323399573763E-17,1.));
#4906=DIRECTION('center_axis',(-1.,-1.79973377365036E-15,2.44890529446451E-16));
#4907=DIRECTION('ref_axis',(2.44890529446451E-16,6.12323399573763E-17,1.));
#4908=DIRECTION('',(1.79973377365036E-15,-1.,-2.34827133275999E-16));
#4909=DIRECTION('center_axis',(-2.44890529446451E-16,2.34827133275999E-16,
-1.));
#4910=DIRECTION('ref_axis',(-1.79973377365036E-15,1.,2.34827133275999E-16));
#4911=DIRECTION('',(-1.79973377365036E-15,1.,2.34827133275999E-16));
#4912=DIRECTION('',(1.,1.79973377365036E-15,-2.44890529446451E-16));
#4913=DIRECTION('center_axis',(-1.,-1.79973377365036E-15,2.44890529446451E-16));
#4914=DIRECTION('ref_axis',(2.44890529446451E-16,6.12323399573763E-17,1.));
#4915=DIRECTION('',(-2.44890529446451E-16,-6.12323399573763E-17,-1.));
#4916=DIRECTION('center_axis',(-1.,-1.79973377365036E-15,2.44890529446451E-16));
#4917=DIRECTION('ref_axis',(2.44890529446451E-16,6.12323399573763E-17,1.));
#4918=DIRECTION('',(-1.79973377365036E-15,1.,2.34827133275999E-16));
#4919=DIRECTION('center_axis',(1.,1.79973377365036E-15,-2.44890529446451E-16));
#4920=DIRECTION('ref_axis',(2.44890529446451E-16,6.12323399573763E-17,1.));
#4921=DIRECTION('center_axis',(1.79973377365036E-15,-1.,6.12323399573759E-17));
#4922=DIRECTION('ref_axis',(-2.44890529446451E-16,-6.12323399573763E-17,
-1.));
#4923=DIRECTION('center_axis',(1.,1.79973377365036E-15,-2.44890529446451E-16));
#4924=DIRECTION('ref_axis',(2.44890529446451E-16,6.12323399573763E-17,1.));
#4925=DIRECTION('',(1.,1.79973377365036E-15,-2.44890529446451E-16));
#4926=DIRECTION('center_axis',(-2.44890529446451E-16,2.34827133275999E-16,
-1.));
#4927=DIRECTION('ref_axis',(-1.79973377365036E-15,1.,2.34827133275999E-16));
#4928=DIRECTION('center_axis',(-1.22425849531717E-16,5.30886606509382E-16,
-1.));
#4929=DIRECTION('ref_axis',(-4.17350744310807E-32,-1.,-5.30886606509382E-16));
#4930=DIRECTION('',(4.17350744310807E-32,1.,5.30886606509382E-16));
#4931=DIRECTION('',(-1.,-2.32591693758407E-32,1.22425849531717E-16));
#4932=DIRECTION('',(-4.17350744310807E-32,-1.,-5.30886606509382E-16));
#4933=DIRECTION('center_axis',(-1.22425849531717E-16,5.30886606509382E-16,
-1.));
#4934=DIRECTION('ref_axis',(-4.17350744310807E-32,-1.,-5.30886606509382E-16));
#4935=DIRECTION('',(-4.17350744310807E-32,-1.,-5.30886606509382E-16));
#4936=DIRECTION('',(-1.,-2.32591693758407E-32,1.22425849531717E-16));
#4937=DIRECTION('',(4.17350744310807E-32,1.,5.30886606509382E-16));
#4938=DIRECTION('center_axis',(1.,2.32591693758407E-32,-1.22425849531717E-16));
#4939=DIRECTION('ref_axis',(-1.22425849531717E-16,-6.12323399573677E-17,
-1.));
#4940=DIRECTION('',(6.70009231364448E-32,-1.,3.57291813190743E-16));
#4941=DIRECTION('',(-1.22425849531717E-16,-6.12323399573677E-17,-1.));
#4942=DIRECTION('center_axis',(1.,2.32591693758407E-32,-1.22425849531717E-16));
#4943=DIRECTION('ref_axis',(-1.22425849531717E-16,-6.12323399573677E-17,
-1.));
#4944=DIRECTION('center_axis',(1.,2.32591693758407E-32,-1.22425849531717E-16));
#4945=DIRECTION('ref_axis',(-1.22425849531717E-16,-6.12323399573677E-17,
-1.));
#4946=DIRECTION('',(6.70009231364448E-32,-1.,3.57291813190743E-16));
#4947=DIRECTION('center_axis',(1.22425849531717E-16,3.57291813190743E-16,
1.));
#4948=DIRECTION('ref_axis',(-6.70009231364448E-32,1.,-3.57291813190743E-16));
#4949=DIRECTION('',(-6.70009231364448E-32,1.,-3.57291813190743E-16));
#4950=DIRECTION('',(-1.,-2.32591693758407E-32,1.22425849531717E-16));
#4951=DIRECTION('center_axis',(1.,2.32591693758407E-32,-1.22425849531717E-16));
#4952=DIRECTION('ref_axis',(-1.22425849531717E-16,-6.12323399573677E-17,
-1.));
#4953=DIRECTION('',(1.22425849531717E-16,6.12323399573677E-17,1.));
#4954=DIRECTION('center_axis',(1.,2.32591693758407E-32,-1.22425849531717E-16));
#4955=DIRECTION('ref_axis',(-1.22425849531717E-16,-6.12323399573677E-17,
-1.));
#4956=DIRECTION('',(-6.70009231364448E-32,1.,-3.57291813190743E-16));
#4957=DIRECTION('center_axis',(-1.,-2.32591693758407E-32,1.22425849531717E-16));
#4958=DIRECTION('ref_axis',(-1.22425849531717E-16,-6.12323399573677E-17,
-1.));
#4959=DIRECTION('center_axis',(3.07555906139363E-32,-1.,6.12323399573677E-17));
#4960=DIRECTION('ref_axis',(1.22425849531717E-16,6.12323399573677E-17,1.));
#4961=DIRECTION('center_axis',(-1.,-2.32591693758407E-32,1.22425849531717E-16));
#4962=DIRECTION('ref_axis',(-1.22425849531717E-16,-6.12323399573677E-17,
-1.));
#4963=DIRECTION('',(-1.,-2.32591693758407E-32,1.22425849531717E-16));
#4964=DIRECTION('center_axis',(1.22425849531717E-16,3.57291813190743E-16,
1.));
#4965=DIRECTION('ref_axis',(-6.70009231364448E-32,1.,-3.57291813190743E-16));
#4966=DIRECTION('center_axis',(-1.,1.11022302462513E-16,9.12724361083195E-17));
#4967=DIRECTION('ref_axis',(1.11022302462513E-16,1.,4.36108425939619E-32));
#4968=DIRECTION('',(1.,-1.11022302462513E-16,-9.12724361083195E-17));
#4969=DIRECTION('center_axis',(1.,-1.11022302462513E-16,-9.12724361083195E-17));
#4970=DIRECTION('ref_axis',(1.11022302462513E-16,1.,4.36108425939619E-32));
#4971=DIRECTION('center_axis',(1.,-6.39932522148636E-17,-9.12724361083195E-17));
#4972=DIRECTION('ref_axis',(-1.0978942109892E-16,-0.707106781186548,-0.707106781186547));
#4973=DIRECTION('center_axis',(1.,-6.39932522148636E-17,-9.12724361083195E-17));
#4974=DIRECTION('ref_axis',(-1.92892959162975E-17,0.707106781186547,-0.707106781186548));
#4975=DIRECTION('center_axis',(1.,-6.39932522148636E-17,-9.12724361083195E-17));
#4976=DIRECTION('ref_axis',(1.11022302462513E-16,1.,4.36108425939619E-32));
#4977=DIRECTION('center_axis',(1.,-6.39932522148636E-17,-9.12724361083195E-17));
#4978=DIRECTION('ref_axis',(-1.92892959162975E-17,0.707106781186547,-0.707106781186548));
#4979=DIRECTION('center_axis',(1.,-6.39932522148636E-17,-9.12724361083195E-17));
#4980=DIRECTION('ref_axis',(-1.92892959162975E-17,0.707106781186547,-0.707106781186548));
#4981=DIRECTION('',(-0.707106781186547,0.5,-0.5));
#4982=DIRECTION('center_axis',(1.,-6.39932522148636E-17,-9.12724361083195E-17));
#4983=DIRECTION('ref_axis',(-1.92892959162975E-17,0.707106781186547,-0.707106781186548));
#4984=DIRECTION('center_axis',(-1.,6.39932522148636E-17,9.12724361083195E-17));
#4985=DIRECTION('ref_axis',(1.0978942109892E-16,0.707106781186548,0.707106781186547));
#4986=DIRECTION('center_axis',(1.,-6.39932522148636E-17,-9.12724361083195E-17));
#4987=DIRECTION('ref_axis',(-1.92892959162975E-17,0.707106781186547,-0.707106781186548));
#4988=DIRECTION('center_axis',(-1.,6.39932522148636E-17,9.12724361083195E-17));
#4989=DIRECTION('ref_axis',(1.0978942109892E-16,0.707106781186548,0.707106781186547));
#4990=DIRECTION('center_axis',(1.,-6.39932522148636E-17,-9.12724361083195E-17));
#4991=DIRECTION('ref_axis',(-1.92892959162975E-17,0.707106781186547,-0.707106781186548));
#4992=DIRECTION('',(-1.,6.39932522148636E-17,9.12724361083195E-17));
#4993=DIRECTION('center_axis',(-1.,1.11022302462513E-16,9.12724361083195E-17));
#4994=DIRECTION('ref_axis',(1.11022302462513E-16,1.,4.36108425939619E-32));
#4995=DIRECTION('',(1.,-1.11022302462513E-16,-9.12724361083195E-17));
#4996=DIRECTION('center_axis',(1.,-1.11022302462513E-16,-9.12724361083195E-17));
#4997=DIRECTION('ref_axis',(-9.12724361083195E-17,5.37441186020701E-32,
-1.));
#4998=DIRECTION('center_axis',(-1.,8.28330459778925E-17,2.33630740314604E-15));
#4999=DIRECTION('ref_axis',(8.28330459778926E-17,1.,3.44110226774606E-17));
#5000=DIRECTION('',(1.,-8.28330459778925E-17,-2.33630740314604E-15));
#5001=DIRECTION('center_axis',(1.,-8.28330459778925E-17,-2.33630740314604E-15));
#5002=DIRECTION('ref_axis',(8.28330459778926E-17,1.,3.44110226774606E-17));
#5003=DIRECTION('center_axis',(1.,-6.41456510737188E-17,-2.33630740314604E-15));
#5004=DIRECTION('ref_axis',(1.60666098284305E-15,-0.707106781186547,0.707106781186548));
#5005=DIRECTION('center_axis',(1.,-6.41456510737188E-17,-2.33630740314604E-15));
#5006=DIRECTION('ref_axis',(-1.69737663255875E-15,-0.707106781186548,-0.707106781186547));
#5007=DIRECTION('center_axis',(1.,-6.41456510737188E-17,-2.33630740314604E-15));
#5008=DIRECTION('ref_axis',(8.28330459778926E-17,1.,3.44110226774606E-17));
#5009=DIRECTION('center_axis',(1.,-6.41456510737188E-17,-2.33630740314604E-15));
#5010=DIRECTION('ref_axis',(-1.69737663255875E-15,-0.707106781186548,-0.707106781186547));
#5011=DIRECTION('center_axis',(1.,-6.41456510737188E-17,-2.33630740314604E-15));
#5012=DIRECTION('ref_axis',(-1.69737663255875E-15,-0.707106781186548,-0.707106781186547));
#5013=DIRECTION('',(-0.707106781186548,-0.500000000000001,-0.499999999999998));
#5014=DIRECTION('center_axis',(1.,-6.41456510737188E-17,-2.33630740314604E-15));
#5015=DIRECTION('ref_axis',(-1.69737663255875E-15,-0.707106781186548,-0.707106781186547));
#5016=DIRECTION('center_axis',(-1.,6.41456510737188E-17,2.33630740314604E-15));
#5017=DIRECTION('ref_axis',(-1.60666098284305E-15,0.707106781186547,-0.707106781186548));
#5018=DIRECTION('center_axis',(1.,-6.41456510737188E-17,-2.33630740314604E-15));
#5019=DIRECTION('ref_axis',(-1.69737663255875E-15,-0.707106781186548,-0.707106781186547));
#5020=DIRECTION('center_axis',(-1.,6.41456510737188E-17,2.33630740314604E-15));
#5021=DIRECTION('ref_axis',(-1.60666098284305E-15,0.707106781186547,-0.707106781186548));
#5022=DIRECTION('center_axis',(1.,-6.41456510737188E-17,-2.33630740314604E-15));
#5023=DIRECTION('ref_axis',(-1.69737663255875E-15,-0.707106781186548,-0.707106781186547));
#5024=DIRECTION('',(-1.,6.41456510737188E-17,2.33630740314604E-15));
#5025=DIRECTION('center_axis',(-1.,8.28330459778925E-17,2.33630740314604E-15));
#5026=DIRECTION('ref_axis',(8.28330459778926E-17,1.,3.44110226774606E-17));
#5027=DIRECTION('',(1.,-8.28330459778925E-17,-2.33630740314604E-15));
#5028=DIRECTION('center_axis',(1.,-8.28330459778925E-17,-2.33630740314604E-15));
#5029=DIRECTION('ref_axis',(-2.33630740314604E-15,3.44110226774608E-17,
-1.));
#5030=DIRECTION('center_axis',(-6.93889390390773E-17,1.,5.81502172096704E-15));
#5031=DIRECTION('ref_axis',(1.,6.93889390391165E-17,-6.76048136554113E-15));
#5032=DIRECTION('',(0.624999999999994,4.58271796290975E-15,-0.780624749799805));
#5033=DIRECTION('',(1.,6.93889390391165E-17,-6.76048136554113E-15));
#5034=DIRECTION('',(-6.76048136554113E-15,5.81502172096704E-15,-1.));
#5035=DIRECTION('',(1.,6.93889390391165E-17,-6.76048136554113E-15));
#5036=DIRECTION('center_axis',(-6.93889390390773E-17,1.,5.81502172096704E-15));
#5037=DIRECTION('ref_axis',(1.,6.93889390391165E-17,-6.76048136554113E-15));
#5038=DIRECTION('',(0.625000000000004,-4.49598178911085E-15,0.780624749799797));
#5039=DIRECTION('',(1.,6.93889390391165E-17,-6.76048136554113E-15));
#5040=DIRECTION('',(-6.76048136554113E-15,5.81502172096704E-15,-1.));
#5041=DIRECTION('',(1.,6.93889390391165E-17,-6.76048136554113E-15));
#5042=DIRECTION('center_axis',(-1.,1.23693326113085E-16,6.76048136554113E-15));
#5043=DIRECTION('ref_axis',(1.23693326113124E-16,1.,5.81502172096704E-15));
#5044=DIRECTION('',(1.23693326113124E-16,1.,5.81502172096704E-15));
#5045=DIRECTION('',(1.23693326113124E-16,1.,5.81502172096704E-15));
#5046=DIRECTION('',(-6.76048136554113E-15,5.81502172096704E-15,-1.));
#5047=DIRECTION('center_axis',(-3.16775591265325E-16,-1.,-5.81502172096703E-15));
#5048=DIRECTION('ref_axis',(-1.,3.16775591265286E-16,6.76048136554113E-15));
#5049=DIRECTION('',(-1.,3.16775591265286E-16,6.76048136554113E-15));
#5050=DIRECTION('',(-1.,3.16775591265286E-16,6.76048136554113E-15));
#5051=DIRECTION('',(-6.76048136554113E-15,5.81502172096704E-15,-1.));
#5052=DIRECTION('center_axis',(1.,-1.23693326113085E-16,-6.76048136554113E-15));
#5053=DIRECTION('ref_axis',(-1.23693326113124E-16,-1.,-5.81502172096704E-15));
#5054=DIRECTION('',(-1.23693326113124E-16,-1.,-5.81502172096704E-15));
#5055=DIRECTION('',(-1.23693326113124E-16,-1.,-5.81502172096704E-15));
#5056=DIRECTION('center_axis',(-6.76048136554113E-15,5.81502172096704E-15,
-1.));
#5057=DIRECTION('ref_axis',(1.,-1.23693326113085E-16,-6.76048136554113E-15));
#5058=DIRECTION('center_axis',(-6.76048136554113E-15,5.81502172096704E-15,
-1.));
#5059=DIRECTION('ref_axis',(1.,-1.23693326113085E-16,-6.76048136554113E-15));
#5060=DIRECTION('center_axis',(2.67218630421029E-14,1.,5.81502172096686E-15));
#5061=DIRECTION('ref_axis',(6.76048136554113E-15,-5.81502172096704E-15,
1.));
#5062=DIRECTION('',(0.625000000000002,-2.12405142773245E-14,0.780624749799798));
#5063=DIRECTION('',(0.624999999999993,-1.2161814525304E-14,-0.780624749799805));
#5064=DIRECTION('',(-6.76048136554113E-15,5.81502172096704E-15,-1.));
#5065=DIRECTION('',(-0.625000000000004,2.12405142773246E-14,-0.780624749799797));
#5066=DIRECTION('',(-1.,2.67218630421029E-14,6.76048136554128E-15));
#5067=DIRECTION('',(-0.624999999999994,1.2161814525304E-14,0.780624749799805));
#5068=DIRECTION('',(6.76048136554113E-15,-5.81502172096704E-15,1.));
#5069=DIRECTION('center_axis',(-1.,2.67218630421029E-14,6.76048136554128E-15));
#5070=DIRECTION('ref_axis',(6.76048136554113E-15,-5.81502172096704E-15,
1.));
#5071=DIRECTION('',(-2.67218630421029E-14,-1.,-5.81502172096686E-15));
#5072=DIRECTION('',(2.67218630421029E-14,1.,5.81502172096686E-15));
#5073=DIRECTION('center_axis',(-0.780624749799805,2.44941362270305E-14,
-0.624999999999994));
#5074=DIRECTION('ref_axis',(-0.624999999999994,1.2161814525304E-14,0.780624749799805));
#5075=DIRECTION('',(2.67218630421029E-14,1.,5.81502172096686E-15));
#5076=DIRECTION('center_axis',(-6.76048136554113E-15,5.81502172096704E-15,
-1.));
#5077=DIRECTION('ref_axis',(-1.,2.67218630421029E-14,6.76048136554128E-15));
#5078=DIRECTION('',(2.67218630421029E-14,1.,5.81502172096686E-15));
#5079=DIRECTION('center_axis',(0.780624749799797,-1.72253590758217E-14,
-0.625000000000004));
#5080=DIRECTION('ref_axis',(-0.625000000000004,2.12405142773246E-14,-0.780624749799797));
#5081=DIRECTION('',(2.67218630421029E-14,1.,5.81502172096686E-15));
#5082=DIRECTION('center_axis',(1.,-2.67218630421029E-14,-6.76048136554128E-15));
#5083=DIRECTION('ref_axis',(-6.76048136554113E-15,5.81502172096704E-15,
-1.));
#5084=DIRECTION('',(2.67218630421029E-14,1.,5.81502172096686E-15));
#5085=DIRECTION('center_axis',(0.780624749799805,-2.44941362270305E-14,
0.624999999999993));
#5086=DIRECTION('ref_axis',(0.624999999999993,-1.2161814525304E-14,-0.780624749799805));
#5087=DIRECTION('center_axis',(-0.780624749799798,1.72253590758218E-14,
0.625000000000002));
#5088=DIRECTION('ref_axis',(0.625000000000002,-2.12405142773245E-14,0.780624749799798));
#5089=DIRECTION('center_axis',(-1.92224377218656E-16,1.,-2.09692811505916E-17));
#5090=DIRECTION('ref_axis',(4.34519701161571E-14,-2.09692811505832E-17,
-1.));
#5091=DIRECTION('',(1.,1.92224377218657E-16,4.30572241518459E-14));
#5092=DIRECTION('',(4.2905398780957E-14,-2.09692811505833E-17,-1.));
#5093=DIRECTION('',(-1.,-1.92224377218657E-16,-4.34519701161571E-14));
#5094=DIRECTION('',(-4.2905398780957E-14,2.09692811505833E-17,1.));
#5095=DIRECTION('center_axis',(1.03017441072304E-15,-1.,2.09692811506278E-17));
#5096=DIRECTION('ref_axis',(-0.23956297783284,-1.03968296586461E-16,0.970880826699066));
#5097=DIRECTION('center_axis',(-1.92224377218656E-16,1.,-2.09692811505916E-17));
#5098=DIRECTION('ref_axis',(4.34519701161571E-14,-2.09692811505832E-17,
-1.));
#5099=DIRECTION('',(1.,1.92224377218657E-16,4.30572241518459E-14));
#5100=DIRECTION('',(-4.2905398780957E-14,2.09692811505833E-17,1.));
#5101=DIRECTION('',(-1.,-1.92224377218657E-16,-4.34519701161571E-14));
#5102=DIRECTION('',(4.2905398780957E-14,-2.09692811505833E-17,-1.));
#5103=DIRECTION('center_axis',(-4.30572241518459E-14,2.09692811505833E-17,
1.));
#5104=DIRECTION('ref_axis',(1.,1.92224377218657E-16,4.30572241518459E-14));
#5105=DIRECTION('',(1.92224377218656E-16,-1.,2.09692811505916E-17));
#5106=DIRECTION('',(1.92224377218656E-16,-1.,2.09692811505916E-17));
#5107=DIRECTION('center_axis',(1.,1.92224377218657E-16,4.2905398780957E-14));
#5108=DIRECTION('ref_axis',(4.2905398780957E-14,-2.09692811505833E-17,-1.));
#5109=DIRECTION('',(1.92224377218656E-16,-1.,2.09692811505916E-17));
#5110=DIRECTION('center_axis',(4.34519701161571E-14,-2.09692811505832E-17,
-1.));
#5111=DIRECTION('ref_axis',(-1.,-1.92224377218657E-16,-4.34519701161571E-14));
#5112=DIRECTION('',(1.92224377218656E-16,-1.,2.09692811505916E-17));
#5113=DIRECTION('center_axis',(-1.,-1.92224377218657E-16,-4.2905398780957E-14));
#5114=DIRECTION('ref_axis',(-4.2905398780957E-14,2.09692811505833E-17,1.));
#5115=DIRECTION('center_axis',(-1.03017441072304E-15,1.,-2.09692811506278E-17));
#5116=DIRECTION('ref_axis',(-0.23956297783284,-1.03968296586461E-16,0.970880826699066));
#5117=DIRECTION('',(1.03017441072304E-15,-1.,2.09692811506278E-17));
#5118=DIRECTION('center_axis',(-1.92224377218656E-16,1.,-2.09692811505916E-17));
#5119=DIRECTION('ref_axis',(4.34519701161571E-14,-2.09692811505832E-17,
-1.));
#5120=DIRECTION('',(1.,1.92224377218657E-16,4.30572241518459E-14));
#5121=DIRECTION('',(4.2905398780957E-14,-2.09692811505833E-17,-1.));
#5122=DIRECTION('',(-1.,-1.92224377218657E-16,-4.34519701161571E-14));
#5123=DIRECTION('',(-4.2905398780957E-14,2.09692811505833E-17,1.));
#5124=DIRECTION('center_axis',(1.03017441072304E-15,-1.,2.09692811506278E-17));
#5125=DIRECTION('ref_axis',(-0.23956297783284,-1.03968296586461E-16,0.970880826699066));
#5126=DIRECTION('center_axis',(-1.92224377218656E-16,1.,-2.09692811505916E-17));
#5127=DIRECTION('ref_axis',(4.34519701161571E-14,-2.09692811505832E-17,
-1.));
#5128=DIRECTION('',(1.,1.92224377218657E-16,4.30572241518459E-14));
#5129=DIRECTION('',(-4.2905398780957E-14,2.09692811505833E-17,1.));
#5130=DIRECTION('',(-1.,-1.92224377218657E-16,-4.34519701161571E-14));
#5131=DIRECTION('',(4.2905398780957E-14,-2.09692811505833E-17,-1.));
#5132=DIRECTION('center_axis',(-4.30572241518459E-14,2.09692811505833E-17,
1.));
#5133=DIRECTION('ref_axis',(1.,1.92224377218657E-16,4.30572241518459E-14));
#5134=DIRECTION('',(1.92224377218656E-16,-1.,2.09692811505916E-17));
#5135=DIRECTION('',(1.92224377218656E-16,-1.,2.09692811505916E-17));
#5136=DIRECTION('center_axis',(1.,1.92224377218657E-16,4.2905398780957E-14));
#5137=DIRECTION('ref_axis',(4.2905398780957E-14,-2.09692811505833E-17,-1.));
#5138=DIRECTION('',(1.92224377218656E-16,-1.,2.09692811505916E-17));
#5139=DIRECTION('center_axis',(4.34519701161571E-14,-2.09692811505832E-17,
-1.));
#5140=DIRECTION('ref_axis',(-1.,-1.92224377218657E-16,-4.34519701161571E-14));
#5141=DIRECTION('',(1.92224377218656E-16,-1.,2.09692811505916E-17));
#5142=DIRECTION('center_axis',(-1.,-1.92224377218657E-16,-4.2905398780957E-14));
#5143=DIRECTION('ref_axis',(-4.2905398780957E-14,2.09692811505833E-17,1.));
#5144=DIRECTION('center_axis',(-1.03017441072304E-15,1.,-2.09692811506278E-17));
#5145=DIRECTION('ref_axis',(-0.23956297783284,-1.03968296586461E-16,0.970880826699066));
#5146=DIRECTION('',(1.03017441072304E-15,-1.,2.09692811506278E-17));
#5147=DIRECTION('center_axis',(1.40842530168899E-16,1.,2.09692811505783E-17));
#5148=DIRECTION('ref_axis',(4.26343830660719E-14,-2.09692811505843E-17,
1.));
#5149=DIRECTION('',(-1.,1.40842530168898E-16,4.30291290303831E-14));
#5150=DIRECTION('',(4.3180954401272E-14,-2.09692811505844E-17,1.));
#5151=DIRECTION('',(1.,-1.40842530168898E-16,-4.26343830660719E-14));
#5152=DIRECTION('',(-4.3180954401272E-14,2.09692811505844E-17,-1.));
#5153=DIRECTION('center_axis',(-9.78792563673284E-16,-1.,-2.09692811505425E-17));
#5154=DIRECTION('ref_axis',(0.239562977832756,-9.16591083006701E-17,-0.970880826699087));
#5155=DIRECTION('center_axis',(1.40842530168899E-16,1.,2.09692811505783E-17));
#5156=DIRECTION('ref_axis',(4.26343830660719E-14,-2.09692811505843E-17,
1.));
#5157=DIRECTION('',(-1.,1.40842530168898E-16,4.30291290303831E-14));
#5158=DIRECTION('',(-4.3180954401272E-14,2.09692811505844E-17,-1.));
#5159=DIRECTION('',(1.,-1.40842530168898E-16,-4.26343830660719E-14));
#5160=DIRECTION('',(4.3180954401272E-14,-2.09692811505844E-17,1.));
#5161=DIRECTION('center_axis',(-4.30291290303831E-14,2.09692811505844E-17,
-1.));
#5162=DIRECTION('ref_axis',(-1.,1.40842530168898E-16,4.30291290303831E-14));
#5163=DIRECTION('',(-1.40842530168899E-16,-1.,-2.09692811505783E-17));
#5164=DIRECTION('',(-1.40842530168899E-16,-1.,-2.09692811505783E-17));
#5165=DIRECTION('center_axis',(-1.,1.40842530168898E-16,4.3180954401272E-14));
#5166=DIRECTION('ref_axis',(4.3180954401272E-14,-2.09692811505844E-17,1.));
#5167=DIRECTION('',(-1.40842530168899E-16,-1.,-2.09692811505783E-17));
#5168=DIRECTION('center_axis',(4.26343830660719E-14,-2.09692811505843E-17,
1.));
#5169=DIRECTION('ref_axis',(1.,-1.40842530168898E-16,-4.26343830660719E-14));
#5170=DIRECTION('',(-1.40842530168899E-16,-1.,-2.09692811505783E-17));
#5171=DIRECTION('center_axis',(1.,-1.40842530168898E-16,-4.3180954401272E-14));
#5172=DIRECTION('ref_axis',(-4.3180954401272E-14,2.09692811505844E-17,-1.));
#5173=DIRECTION('center_axis',(9.78792563673284E-16,1.,2.09692811505425E-17));
#5174=DIRECTION('ref_axis',(0.239562977832756,-9.16591083006701E-17,-0.970880826699087));
#5175=DIRECTION('',(-9.78792563673284E-16,-1.,-2.09692811505425E-17));
#5176=DIRECTION('center_axis',(1.,-6.39932522148636E-17,-9.12724361083195E-17));
#5177=DIRECTION('ref_axis',(-8.33314764697033E-18,0.707106781186547,-0.707106781186548));
#5178=DIRECTION('center_axis',(1.,-6.39932522148636E-17,-9.12724361083195E-17));
#5179=DIRECTION('ref_axis',(-8.33314764697033E-18,0.707106781186547,-0.707106781186548));
#5180=DIRECTION('',(1.,-6.39932522148636E-17,-9.12724361083195E-17));
#5181=DIRECTION('center_axis',(1.,-6.39932522148636E-17,-9.12724361083195E-17));
#5182=DIRECTION('ref_axis',(-8.33314764697033E-18,0.707106781186547,-0.707106781186548));
#5183=DIRECTION('center_axis',(1.,-6.41456510737188E-17,-2.33630740314604E-15));
#5184=DIRECTION('ref_axis',(-1.68642048428942E-15,-0.707106781186548,-0.707106781186547));
#5185=DIRECTION('center_axis',(1.,-6.41456510737188E-17,-2.33630740314604E-15));
#5186=DIRECTION('ref_axis',(-1.68642048428942E-15,-0.707106781186548,-0.707106781186547));
#5187=DIRECTION('',(1.,-6.41456510737188E-17,-2.33630740314604E-15));
#5188=DIRECTION('center_axis',(1.,-6.41456510737188E-17,-2.33630740314604E-15));
#5189=DIRECTION('ref_axis',(-1.68642048428942E-15,-0.707106781186548,-0.707106781186547));
#5190=CARTESIAN_POINT('',(0.,0.,0.));
#5191=CARTESIAN_POINT('Origin',(-184.040016012813,499.,-1097.79991993593));
#5192=CARTESIAN_POINT('',(-184.040016012813,499.,-1097.79991993593));
#5193=CARTESIAN_POINT('',(-184.040016012813,-499.,-1097.79991993593));
#5194=CARTESIAN_POINT('',(-184.040016012813,499.,-1097.79991993593));
#5195=CARTESIAN_POINT('',(-184.430328387713,-499.,-1098.11241993593));
#5196=CARTESIAN_POINT('',(-184.040016012813,-499.,-1097.79991993593));
#5197=CARTESIAN_POINT('',(-184.430328387713,499.,-1098.11241993593));
#5198=CARTESIAN_POINT('',(-184.430328387713,499.,-1098.11241993593));
#5199=CARTESIAN_POINT('',(-184.040016012813,499.,-1097.79991993593));
#5200=CARTESIAN_POINT('Origin',(-409.977516012814,499.,-815.604072883307));
#5201=CARTESIAN_POINT('',(-409.977516012814,499.,-815.604072883307));
#5202=CARTESIAN_POINT('',(-409.977516012814,499.,-815.604072883307));
#5203=CARTESIAN_POINT('',(-410.367828387714,499.,-815.916572883307));
#5204=CARTESIAN_POINT('',(-410.367828387714,499.,-815.916572883307));
#5205=CARTESIAN_POINT('',(-409.977516012814,499.,-815.604072883307));
#5206=CARTESIAN_POINT('Origin',(-409.977516012814,-499.,-815.604072883307));
#5207=CARTESIAN_POINT('',(-409.977516012814,-499.,-815.604072883307));
#5208=CARTESIAN_POINT('',(-409.977516012814,-499.,-815.604072883307));
#5209=CARTESIAN_POINT('',(-410.367828387713,-499.,-815.916572883307));
#5210=CARTESIAN_POINT('',(-410.367828387713,-499.,-815.916572883307));
#5211=CARTESIAN_POINT('',(-409.977516012814,-499.,-815.604072883307));
#5212=CARTESIAN_POINT('Origin',(-184.040016012813,-499.,-1097.79991993593));
#5213=CARTESIAN_POINT('',(-184.040016012813,-499.,-1097.79991993593));
#5214=CARTESIAN_POINT('',(-184.430328387713,-499.,-1098.11241993593));
#5215=CARTESIAN_POINT('Origin',(-297.399078387713,-3.34196842672666E-13,
-957.01449640962));
#5216=CARTESIAN_POINT('Origin',(-297.008766012814,-3.6971500061503E-13,
-956.70199640962));
#5217=CARTESIAN_POINT('Origin',(410.919967974373,-1.34846096358253E-13,
-448.));
#5218=CARTESIAN_POINT('',(410.919967974373,-499.,-815.5));
#5219=CARTESIAN_POINT('',(410.919967974373,-499.,-80.4999999999999));
#5220=CARTESIAN_POINT('',(410.919967974373,-499.,-815.5));
#5221=CARTESIAN_POINT('',(410.919967974373,499.,-815.5));
#5222=CARTESIAN_POINT('',(410.919967974373,499.,-815.5));
#5223=CARTESIAN_POINT('',(410.919967974373,499.,-80.4999999999999));
#5224=CARTESIAN_POINT('',(410.919967974373,499.,-80.4999999999999));
#5225=CARTESIAN_POINT('',(410.919967974373,-499.,-80.4999999999999));
#5226=CARTESIAN_POINT('',(410.919967974373,-5.68411530421561,-672.928190392419));
#5227=CARTESIAN_POINT('',(410.919967974373,-5.7605699621609,-675.927216088187));
#5228=CARTESIAN_POINT('',(410.919967974373,-4.74919152980889,-636.254683527259));
#5229=CARTESIAN_POINT('',(410.919967974373,-5.78408282497201,-672.925641903883));
#5230=CARTESIAN_POINT('Origin',(410.919967974373,7.21470793817002E-14,-448.));
#5231=CARTESIAN_POINT('',(410.919967974373,-5.8605374829173,-675.924667599651));
#5232=CARTESIAN_POINT('',(410.919967974373,-4.84915905056529,-636.252135038722));
#5233=CARTESIAN_POINT('Origin',(410.919967974373,7.21470793817002E-14,-448.));
#5234=CARTESIAN_POINT('Origin',(410.419967974373,-1.34938715173871E-13,
-448.));
#5235=CARTESIAN_POINT('',(410.419967974373,-499.,-815.5));
#5236=CARTESIAN_POINT('',(410.419967974373,-499.,-80.4999999999999));
#5237=CARTESIAN_POINT('',(410.419967974373,-499.,-815.5));
#5238=CARTESIAN_POINT('',(410.419967974373,499.,-80.4999999999999));
#5239=CARTESIAN_POINT('',(410.419967974373,-499.,-80.4999999999999));
#5240=CARTESIAN_POINT('',(410.419967974373,499.,-815.5));
#5241=CARTESIAN_POINT('',(410.419967974373,499.,-80.4999999999999));
#5242=CARTESIAN_POINT('',(410.419967974373,499.,-815.5));
#5243=CARTESIAN_POINT('',(410.419967974373,-5.7605699621609,-675.927216088187));
#5244=CARTESIAN_POINT('',(410.419967974373,-5.68411530421561,-672.928190392419));
#5245=CARTESIAN_POINT('',(410.419967974373,-4.74919152980889,-636.254683527259));
#5246=CARTESIAN_POINT('',(410.419967974373,-5.8605374829173,-675.924667599651));
#5247=CARTESIAN_POINT('Origin',(410.419967974373,7.20544605660825E-14,-448.));
#5248=CARTESIAN_POINT('',(410.419967974373,-5.78408282497201,-672.925641903883));
#5249=CARTESIAN_POINT('',(410.419967974373,-4.84915905056529,-636.252135038722));
#5250=CARTESIAN_POINT('Origin',(410.419967974373,7.20544605660825E-14,-448.));
#5251=CARTESIAN_POINT('Origin',(410.919967974373,499.,-815.5));
#5252=CARTESIAN_POINT('',(410.919967974373,-499.,-815.5));
#5253=CARTESIAN_POINT('',(410.919967974373,499.,-815.5));
#5254=CARTESIAN_POINT('Origin',(410.919967974373,499.,-80.4999999999999));
#5255=CARTESIAN_POINT('',(410.919967974373,499.,-80.4999999999999));
#5256=CARTESIAN_POINT('Origin',(410.919967974373,-499.,-80.4999999999999));
#5257=CARTESIAN_POINT('',(410.919967974373,-499.,-80.4999999999999));
#5258=CARTESIAN_POINT('Origin',(410.919967974373,-499.,-815.5));
#5259=CARTESIAN_POINT('Origin',(357.,6.21590722378369E-14,-448.));
#5260=CARTESIAN_POINT('',(357.,-5.78408282497202,-672.925641903883));
#5261=CARTESIAN_POINT('',(357.,-5.78408282497202,-672.925641903883));
#5262=CARTESIAN_POINT('',(357.,-5.68411530421562,-672.928190392419));
#5263=CARTESIAN_POINT('Origin',(357.,6.21590722378369E-14,-448.));
#5264=CARTESIAN_POINT('',(357.,-5.68411530421562,-672.928190392419));
#5265=CARTESIAN_POINT('Origin',(357.,6.21590722378369E-14,-448.));
#5266=CARTESIAN_POINT('',(507.,-5.6841153042156,-672.928190392419));
#5267=CARTESIAN_POINT('',(357.,-5.68411530421562,-672.928190392419));
#5268=CARTESIAN_POINT('',(507.,-5.784082824972,-672.925641903883));
#5269=CARTESIAN_POINT('Origin',(507.,8.99447169231518E-14,-448.));
#5270=CARTESIAN_POINT('',(357.,-5.78408282497202,-672.925641903883));
#5271=CARTESIAN_POINT('Origin',(1857.,-9.64833434075219,-824.505544321713));
#5272=CARTESIAN_POINT('',(357.,-5.86053748291731,-675.924667599651));
#5273=CARTESIAN_POINT('',(357.,-5.86053748291731,-675.924667599651));
#5274=CARTESIAN_POINT('',(357.,-4.8491590505653,-636.252135038722));
#5275=CARTESIAN_POINT('Origin',(1857.,-9.64833434075219,-824.505544321713));
#5276=CARTESIAN_POINT('',(507.,-5.86053748291728,-675.924667599651));
#5277=CARTESIAN_POINT('',(507.,-4.84915905056527,-636.252135038722));
#5278=CARTESIAN_POINT('',(357.,-5.86053748291731,-675.924667599651));
#5279=CARTESIAN_POINT('Origin',(357.,6.21590722378369E-14,-448.));
#5280=CARTESIAN_POINT('',(357.,-5.76056996216091,-675.927216088187));
#5281=CARTESIAN_POINT('',(357.,-5.76056996216091,-675.927216088187));
#5282=CARTESIAN_POINT('Origin',(357.,6.21590722378369E-14,-448.));
#5283=CARTESIAN_POINT('Origin',(1857.,-9.54836681999579,-824.508092810249));
#5284=CARTESIAN_POINT('',(357.,-4.7491915298089,-636.254683527259));
#5285=CARTESIAN_POINT('Origin',(1857.,-9.54836681999579,-824.508092810249));
#5286=CARTESIAN_POINT('',(507.,-5.76056996216088,-675.927216088187));
#5287=CARTESIAN_POINT('',(357.,-5.76056996216091,-675.927216088187));
#5288=CARTESIAN_POINT('',(507.,-4.74919152980887,-636.254683527259));
#5289=CARTESIAN_POINT('Origin',(357.,6.21590722378369E-14,-448.));
#5290=CARTESIAN_POINT('Origin',(357.,6.21590722378369E-14,-448.));
#5291=CARTESIAN_POINT('Origin',(507.,8.99447169231518E-14,-448.));
#5292=CARTESIAN_POINT('Origin',(507.,8.99447169231518E-14,-448.));
#5293=CARTESIAN_POINT('Origin',(184.040016012813,499.,201.799919935934));
#5294=CARTESIAN_POINT('',(184.040016012813,499.,201.799919935934));
#5295=CARTESIAN_POINT('',(184.040016012813,-499.,201.799919935934));
#5296=CARTESIAN_POINT('',(184.040016012813,499.,201.799919935934));
#5297=CARTESIAN_POINT('',(184.430328387713,-499.,202.112419935934));
#5298=CARTESIAN_POINT('',(184.040016012813,-499.,201.799919935934));
#5299=CARTESIAN_POINT('',(184.430328387713,499.,202.112419935934));
#5300=CARTESIAN_POINT('',(184.430328387713,499.,202.112419935934));
#5301=CARTESIAN_POINT('',(184.040016012813,499.,201.799919935934));
#5302=CARTESIAN_POINT('Origin',(409.977516012814,499.,-80.3959271166935));
#5303=CARTESIAN_POINT('',(409.977516012814,499.,-80.3959271166935));
#5304=CARTESIAN_POINT('',(409.977516012814,499.,-80.3959271166935));
#5305=CARTESIAN_POINT('',(410.367828387714,499.,-80.0834271166935));
#5306=CARTESIAN_POINT('',(410.367828387714,499.,-80.0834271166935));
#5307=CARTESIAN_POINT('',(409.977516012814,499.,-80.3959271166935));
#5308=CARTESIAN_POINT('Origin',(409.977516012814,-499.000000000001,-80.3959271166934));
#5309=CARTESIAN_POINT('',(409.977516012814,-499.000000000001,-80.3959271166934));
#5310=CARTESIAN_POINT('',(409.977516012814,-499.,-80.3959271166934));
#5311=CARTESIAN_POINT('',(410.367828387714,-499.000000000001,-80.0834271166934));
#5312=CARTESIAN_POINT('',(410.367828387714,-499.,-80.0834271166934));
#5313=CARTESIAN_POINT('',(409.977516012814,-499.000000000001,-80.3959271166934));
#5314=CARTESIAN_POINT('Origin',(184.040016012813,-499.,201.799919935934));
#5315=CARTESIAN_POINT('',(184.040016012813,-499.,201.799919935934));
#5316=CARTESIAN_POINT('',(184.430328387713,-499.,202.112419935934));
#5317=CARTESIAN_POINT('Origin',(297.399078387713,-4.05251116248676E-13,
61.0144964096201));
#5318=CARTESIAN_POINT('Origin',(297.008766012814,-4.4076927419104E-13,60.7019964096201));
#5319=CARTESIAN_POINT('Origin',(360.000000000001,-1008.,-728.));
#5320=CARTESIAN_POINT('',(380.000000000002,-1008.,-708.000000000001));
#5321=CARTESIAN_POINT('',(340.000000000002,-1008.,-707.999999999999));
#5322=CARTESIAN_POINT('',(368.500000000002,-1008.,-708.));
#5323=CARTESIAN_POINT('',(340.000000000001,-1008.,-747.999999999999));
#5324=CARTESIAN_POINT('',(340.000000000002,-1008.,-719.499999999999));
#5325=CARTESIAN_POINT('',(380.000000000001,-1008.,-748.000000000001));
#5326=CARTESIAN_POINT('',(351.5,-1008.,-748.));
#5327=CARTESIAN_POINT('',(380.000000000001,-1008.,-736.500000000001));
#5328=CARTESIAN_POINT('',(358.083496177339,-1008.,-720.232953386407));
#5329=CARTESIAN_POINT('Origin',(360.000000000001,-1008.,-728.));
#5330=CARTESIAN_POINT('Origin',(377.000000000002,-1008.,-708.000000000001));
#5331=CARTESIAN_POINT('',(380.000000000002,-503.,-708.000000000001));
#5332=CARTESIAN_POINT('',(380.000000000002,-1008.,-708.000000000001));
#5333=CARTESIAN_POINT('',(340.000000000002,-503.,-707.999999999999));
#5334=CARTESIAN_POINT('',(368.500000000003,-502.999999999999,-708.));
#5335=CARTESIAN_POINT('',(340.000000000002,-1008.,-707.999999999999));
#5336=CARTESIAN_POINT('Origin',(340.000000000002,-1008.,-710.999999999999));
#5337=CARTESIAN_POINT('',(340.000000000001,-503.,-747.999999999999));
#5338=CARTESIAN_POINT('',(340.000000000002,-502.999999999999,-719.499999999998));
#5339=CARTESIAN_POINT('',(340.000000000001,-1008.,-747.999999999999));
#5340=CARTESIAN_POINT('Origin',(380.000000000001,-1008.,-745.000000000001));
#5341=CARTESIAN_POINT('',(380.000000000001,-503.,-748.000000000001));
#5342=CARTESIAN_POINT('',(380.000000000001,-1008.,-748.000000000001));
#5343=CARTESIAN_POINT('',(380.000000000001,-502.999999999999,-736.5));
#5344=CARTESIAN_POINT('Origin',(343.,-1008.,-747.999999999999));
#5345=CARTESIAN_POINT('',(351.500000000002,-502.999999999999,-748.));
#5346=CARTESIAN_POINT('Origin',(360.000000000004,-502.999999999999,-727.999999999998));
#5347=CARTESIAN_POINT('',(410.000000000001,-502.999999999999,-798.000000000001));
#5348=CARTESIAN_POINT('',(310.000000000001,-502.999999999999,-797.999999999996));
#5349=CARTESIAN_POINT('',(405.000000000001,-502.999999999999,-798.));
#5350=CARTESIAN_POINT('',(410.000000000007,-502.999999999999,-658.000000000001));
#5351=CARTESIAN_POINT('',(410.000000000007,-502.999999999999,-663.000000000001));
#5352=CARTESIAN_POINT('',(310.000000000007,-502.999999999999,-657.999999999996));
#5353=CARTESIAN_POINT('',(315.000000000007,-502.999999999999,-657.999999999996));
#5354=CARTESIAN_POINT('',(310.000000000001,-502.999999999999,-792.999999999996));
#5355=CARTESIAN_POINT('Origin',(360.000000000004,-498.999999999999,-727.999999999998));
#5356=CARTESIAN_POINT('',(410.000000000001,-498.999999999999,-798.000000000001));
#5357=CARTESIAN_POINT('',(310.000000000001,-498.999999999999,-797.999999999996));
#5358=CARTESIAN_POINT('',(405.000000000001,-498.999999999999,-798.));
#5359=CARTESIAN_POINT('',(310.000000000007,-498.999999999999,-657.999999999996));
#5360=CARTESIAN_POINT('',(310.000000000001,-498.999999999999,-792.999999999996));
#5361=CARTESIAN_POINT('',(410.000000000007,-498.999999999999,-658.000000000001));
#5362=CARTESIAN_POINT('',(315.000000000007,-498.999999999999,-657.999999999996));
#5363=CARTESIAN_POINT('',(410.000000000007,-498.999999999999,-663.000000000001));
#5364=CARTESIAN_POINT('Origin',(405.000000000001,-502.999999999999,-798.));
#5365=CARTESIAN_POINT('',(410.000000000001,-502.999999999999,-798.000000000001));
#5366=CARTESIAN_POINT('',(310.000000000001,-502.999999999999,-797.999999999996));
#5367=CARTESIAN_POINT('Origin',(310.000000000001,-502.999999999999,-792.999999999996));
#5368=CARTESIAN_POINT('',(310.000000000007,-502.999999999999,-657.999999999996));
#5369=CARTESIAN_POINT('Origin',(315.000000000007,-502.999999999999,-657.999999999996));
#5370=CARTESIAN_POINT('',(410.000000000007,-502.999999999999,-658.000000000001));
#5371=CARTESIAN_POINT('Origin',(410.000000000007,-502.999999999999,-663.000000000001));
#5372=CARTESIAN_POINT('Origin',(360.000000000003,-1056.5,-727.999999999999));
#5373=CARTESIAN_POINT('',(410.,-1056.5,-798.000000000001));
#5374=CARTESIAN_POINT('',(310.,-1056.5,-797.999999999997));
#5375=CARTESIAN_POINT('',(405.,-1056.5,-798.000000000001));
#5376=CARTESIAN_POINT('',(310.000000000006,-1056.5,-657.999999999997));
#5377=CARTESIAN_POINT('',(310.000000000001,-1056.5,-792.999999999997));
#5378=CARTESIAN_POINT('',(410.000000000006,-1056.5,-658.000000000001));
#5379=CARTESIAN_POINT('',(315.000000000006,-1056.5,-657.999999999997));
#5380=CARTESIAN_POINT('',(410.000000000006,-1056.5,-663.000000000001));
#5381=CARTESIAN_POINT('',(358.083496177339,-1056.5,-720.232953386407));
#5382=CARTESIAN_POINT('Origin',(360.000000000001,-1056.5,-728.));
#5383=CARTESIAN_POINT('Origin',(360.000000000003,-1060.5,-727.999999999999));
#5384=CARTESIAN_POINT('',(410.,-1060.5,-798.000000000001));
#5385=CARTESIAN_POINT('',(310.,-1060.5,-797.999999999997));
#5386=CARTESIAN_POINT('',(405.,-1060.5,-798.000000000001));
#5387=CARTESIAN_POINT('',(410.000000000006,-1060.5,-658.000000000001));
#5388=CARTESIAN_POINT('',(410.000000000006,-1060.5,-663.000000000001));
#5389=CARTESIAN_POINT('',(310.000000000006,-1060.5,-657.999999999997));
#5390=CARTESIAN_POINT('',(315.000000000006,-1060.5,-657.999999999997));
#5391=CARTESIAN_POINT('',(310.000000000001,-1060.5,-792.999999999997));
#5392=CARTESIAN_POINT('Origin',(405.,-1060.5,-798.000000000001));
#5393=CARTESIAN_POINT('',(410.,-1060.5,-798.000000000001));
#5394=CARTESIAN_POINT('',(310.,-1060.5,-797.999999999997));
#5395=CARTESIAN_POINT('Origin',(310.000000000001,-1060.5,-792.999999999997));
#5396=CARTESIAN_POINT('',(310.000000000006,-1060.5,-657.999999999997));
#5397=CARTESIAN_POINT('Origin',(315.000000000006,-1060.5,-657.999999999997));
#5398=CARTESIAN_POINT('',(410.000000000006,-1060.5,-658.000000000001));
#5399=CARTESIAN_POINT('Origin',(410.000000000006,-1060.5,-663.000000000001));
#5400=CARTESIAN_POINT('Origin',(360.000000000001,-1006.5,-728.));
#5401=CARTESIAN_POINT('',(358.083496177339,-1006.5,-720.232953386407));
#5402=CARTESIAN_POINT('Origin',(-359.999999999999,-1008.,-727.999999999969));
#5403=CARTESIAN_POINT('',(-339.999999999998,-1008.,-707.99999999997));
#5404=CARTESIAN_POINT('',(-379.999999999998,-1008.,-707.999999999968));
#5405=CARTESIAN_POINT('',(-351.499999999998,-1008.,-707.999999999969));
#5406=CARTESIAN_POINT('',(-379.999999999999,-1008.,-747.999999999968));
#5407=CARTESIAN_POINT('',(-379.999999999998,-1008.,-719.499999999968));
#5408=CARTESIAN_POINT('',(-339.999999999999,-1008.,-747.99999999997));
#5409=CARTESIAN_POINT('',(-368.5,-1008.,-747.999999999969));
#5410=CARTESIAN_POINT('',(-339.999999999999,-1008.,-736.49999999997));
#5411=CARTESIAN_POINT('',(-361.916503822661,-1008.,-720.232953386376));
#5412=CARTESIAN_POINT('Origin',(-359.999999999999,-1008.,-727.999999999969));
#5413=CARTESIAN_POINT('Origin',(-342.999999999998,-1008.,-707.99999999997));
#5414=CARTESIAN_POINT('',(-339.999999999998,-503.,-707.99999999997));
#5415=CARTESIAN_POINT('',(-339.999999999998,-1008.,-707.99999999997));
#5416=CARTESIAN_POINT('',(-379.999999999998,-503.,-707.999999999968));
#5417=CARTESIAN_POINT('',(-351.499999999997,-502.999999999999,-707.999999999969));
#5418=CARTESIAN_POINT('',(-379.999999999998,-1008.,-707.999999999968));
#5419=CARTESIAN_POINT('Origin',(-379.999999999998,-1008.,-710.999999999968));
#5420=CARTESIAN_POINT('',(-379.999999999999,-503.,-747.999999999968));
#5421=CARTESIAN_POINT('',(-379.999999999998,-502.999999999999,-719.499999999967));
#5422=CARTESIAN_POINT('',(-379.999999999999,-1008.,-747.999999999968));
#5423=CARTESIAN_POINT('Origin',(-339.999999999999,-1008.,-744.99999999997));
#5424=CARTESIAN_POINT('',(-339.999999999999,-503.,-747.99999999997));
#5425=CARTESIAN_POINT('',(-339.999999999999,-1008.,-747.99999999997));
#5426=CARTESIAN_POINT('',(-339.999999999999,-502.999999999999,-736.499999999969));
#5427=CARTESIAN_POINT('Origin',(-377.,-1008.,-747.999999999968));
#5428=CARTESIAN_POINT('',(-368.499999999998,-502.999999999999,-747.999999999969));
#5429=CARTESIAN_POINT('Origin',(-359.999999999996,-498.999999999999,-727.999999999967));
#5430=CARTESIAN_POINT('',(-409.919967974373,-498.999999999999,-797.999999999965));
#5431=CARTESIAN_POINT('',(-409.919967974373,-498.999999999999,-657.999999999965));
#5432=CARTESIAN_POINT('',(-409.919967974373,-499.,-815.5));
#5433=CARTESIAN_POINT('',(-309.999999999993,-498.999999999999,-657.99999999997));
#5434=CARTESIAN_POINT('',(-404.999999999993,-498.999999999999,-657.999999999965));
#5435=CARTESIAN_POINT('',(-309.999999999999,-498.999999999999,-797.99999999997));
#5436=CARTESIAN_POINT('',(-309.999999999993,-498.999999999999,-662.99999999997));
#5437=CARTESIAN_POINT('',(-314.999999999999,-498.999999999999,-797.999999999969));
#5438=CARTESIAN_POINT('Origin',(-359.999999999996,-502.999999999999,-727.999999999967));
#5439=CARTESIAN_POINT('',(-309.999999999999,-502.999999999999,-797.99999999997));
#5440=CARTESIAN_POINT('',(-409.999999999999,-502.999999999999,-797.999999999965));
#5441=CARTESIAN_POINT('',(-314.999999999999,-502.999999999999,-797.999999999969));
#5442=CARTESIAN_POINT('',(-309.999999999993,-502.999999999999,-657.99999999997));
#5443=CARTESIAN_POINT('',(-309.999999999993,-502.999999999999,-662.99999999997));
#5444=CARTESIAN_POINT('',(-409.999999999993,-502.999999999999,-657.999999999965));
#5445=CARTESIAN_POINT('',(-404.999999999993,-502.999999999999,-657.999999999965));
#5446=CARTESIAN_POINT('',(-409.999999999999,-502.999999999999,-792.999999999965));
#5447=CARTESIAN_POINT('Origin',(-314.999999999999,-502.999999999999,-797.999999999969));
#5448=CARTESIAN_POINT('',(-309.999999999999,-502.999999999999,-797.99999999997));
#5449=CARTESIAN_POINT('',(-409.999999999999,-498.999999999999,-797.999999999965));
#5450=CARTESIAN_POINT('',(-409.999999999999,-502.999999999999,-797.999999999965));
#5451=CARTESIAN_POINT('',(-362.459983987186,-499.,-797.999999999967));
#5452=CARTESIAN_POINT('Origin',(-409.999999999999,-502.999999999999,-792.999999999965));
#5453=CARTESIAN_POINT('',(-409.999999999993,-498.999999999999,-657.999999999965));
#5454=CARTESIAN_POINT('',(-409.999999999993,-502.999999999999,-657.999999999965));
#5455=CARTESIAN_POINT('',(-410.,-499.,-804.249999999982));
#5456=CARTESIAN_POINT('Origin',(-404.999999999993,-502.999999999999,-657.999999999965));
#5457=CARTESIAN_POINT('',(-309.999999999993,-502.999999999999,-657.99999999997));
#5458=CARTESIAN_POINT('',(-407.45998398718,-499.,-657.999999999965));
#5459=CARTESIAN_POINT('Origin',(-309.999999999993,-502.999999999999,-662.99999999997));
#5460=CARTESIAN_POINT('Origin',(-409.919967974373,-499.,-815.5));
#5461=CARTESIAN_POINT('',(-409.919967974373,-499.,-238.000000000035));
#5462=CARTESIAN_POINT('',(-409.919967974373,-499.,-815.5));
#5463=CARTESIAN_POINT('',(-409.999999999999,-499.,-238.000000000035));
#5464=CARTESIAN_POINT('',(-362.459983987198,-499.,-238.000000000033));
#5465=CARTESIAN_POINT('',(-410.000000000004,-499.,-98.000000000035));
#5466=CARTESIAN_POINT('',(-409.999999999986,-499.,-524.250000000018));
#5467=CARTESIAN_POINT('',(-409.919967974373,-499.,-98.0000000000349));
#5468=CARTESIAN_POINT('',(-407.459983987204,-499.,-98.0000000000349));
#5469=CARTESIAN_POINT('',(-409.919967974373,-499.,-80.5));
#5470=CARTESIAN_POINT('',(-409.919967974373,-499.,-815.5));
#5471=CARTESIAN_POINT('',(-410.419967974373,-499.,-80.5));
#5472=CARTESIAN_POINT('',(-409.919967974373,-499.,-80.5));
#5473=CARTESIAN_POINT('',(-410.419967974373,-499.,-815.5));
#5474=CARTESIAN_POINT('',(-410.419967974373,-499.,-815.5));
#5475=CARTESIAN_POINT('',(-409.919967974373,-499.,-815.5));
#5476=CARTESIAN_POINT('',(-409.919967974373,-499.,-815.5));
#5477=CARTESIAN_POINT('',(-409.919967974373,-499.,-815.5));
#5478=CARTESIAN_POINT('Origin',(-359.999999999999,-1007.5,-168.000000000031));
#5479=CARTESIAN_POINT('',(-379.999999999998,-1007.5,-188.000000000032));
#5480=CARTESIAN_POINT('',(-339.999999999998,-1007.5,-188.00000000003));
#5481=CARTESIAN_POINT('',(-368.499999999998,-1007.5,-188.000000000032));
#5482=CARTESIAN_POINT('',(-340.,-1007.5,-148.00000000003));
#5483=CARTESIAN_POINT('',(-339.999999999999,-1007.5,-176.50000000003));
#5484=CARTESIAN_POINT('',(-380.,-1007.5,-148.000000000032));
#5485=CARTESIAN_POINT('',(-351.5,-1007.5,-148.000000000031));
#5486=CARTESIAN_POINT('',(-379.999999999999,-1007.5,-159.500000000032));
#5487=CARTESIAN_POINT('',(-358.083496177336,-1007.5,-175.767046613624));
#5488=CARTESIAN_POINT('Origin',(-359.999999999999,-1007.5,-168.000000000031));
#5489=CARTESIAN_POINT('Origin',(-376.999999999998,-1007.5,-188.000000000032));
#5490=CARTESIAN_POINT('',(-379.999999999998,-502.5,-188.000000000032));
#5491=CARTESIAN_POINT('',(-379.999999999998,-1007.5,-188.000000000032));
#5492=CARTESIAN_POINT('',(-339.999999999998,-502.5,-188.00000000003));
#5493=CARTESIAN_POINT('',(-368.499999999999,-502.499999999999,-188.000000000032));
#5494=CARTESIAN_POINT('',(-339.999999999998,-1007.5,-188.00000000003));
#5495=CARTESIAN_POINT('Origin',(-339.999999999998,-1007.5,-185.00000000003));
#5496=CARTESIAN_POINT('',(-340.,-502.5,-148.00000000003));
#5497=CARTESIAN_POINT('',(-339.999999999999,-502.499999999999,-176.500000000031));
#5498=CARTESIAN_POINT('',(-340.,-1007.5,-148.00000000003));
#5499=CARTESIAN_POINT('Origin',(-380.,-1007.5,-151.000000000032));
#5500=CARTESIAN_POINT('',(-380.,-502.5,-148.000000000032));
#5501=CARTESIAN_POINT('',(-380.,-1007.5,-148.000000000032));
#5502=CARTESIAN_POINT('',(-379.999999999999,-502.499999999999,-159.500000000033));
#5503=CARTESIAN_POINT('Origin',(-343.,-1007.5,-148.00000000003));
#5504=CARTESIAN_POINT('',(-351.500000000001,-502.499999999999,-148.000000000031));
#5505=CARTESIAN_POINT('Origin',(-409.999999999999,-502.499999999999,-233.000000000035));
#5506=CARTESIAN_POINT('',(-409.999999999999,-502.499999999999,-238.000000000035));
#5507=CARTESIAN_POINT('',(-409.999999999999,-502.499999999999,-238.000000000035));
#5508=CARTESIAN_POINT('',(-410.000000000004,-502.499999999999,-98.0000000000349));
#5509=CARTESIAN_POINT('',(-409.999999999999,-502.499999999999,-233.000000000035));
#5510=CARTESIAN_POINT('',(-410.000000000004,-502.499999999999,-98.000000000035));
#5511=CARTESIAN_POINT('Origin',(-314.999999999999,-502.499999999999,-238.000000000031));
#5512=CARTESIAN_POINT('',(-409.919967974373,-498.499999999999,-238.000000000035));
#5513=CARTESIAN_POINT('',(-409.919967974373,-251.25,-238.000000000035));
#5514=CARTESIAN_POINT('',(-309.999999999999,-498.499999999999,-238.000000000031));
#5515=CARTESIAN_POINT('',(-157.479991993598,-498.5,-238.000000000024));
#5516=CARTESIAN_POINT('',(-309.999999999999,-502.499999999999,-238.000000000031));
#5517=CARTESIAN_POINT('',(-309.999999999999,-502.499999999999,-238.000000000031));
#5518=CARTESIAN_POINT('',(-314.999999999999,-502.499999999999,-238.000000000031));
#5519=CARTESIAN_POINT('Origin',(-360.000000000001,-502.499999999999,-168.000000000033));
#5520=CARTESIAN_POINT('',(-310.000000000004,-502.499999999999,-98.0000000000307));
#5521=CARTESIAN_POINT('',(-405.000000000004,-502.499999999999,-98.0000000000348));
#5522=CARTESIAN_POINT('',(-310.000000000004,-502.499999999999,-103.000000000031));
#5523=CARTESIAN_POINT('Origin',(-405.000000000004,-502.499999999999,-98.0000000000348));
#5524=CARTESIAN_POINT('',(-310.000000000004,-498.499999999999,-98.0000000000307));
#5525=CARTESIAN_POINT('',(-310.000000000004,-502.499999999999,-98.0000000000307));
#5526=CARTESIAN_POINT('',(-409.919967974373,-498.499999999999,-98.000000000035));
#5527=CARTESIAN_POINT('',(-202.479991993604,-498.5,-98.000000000026));
#5528=CARTESIAN_POINT('',(-409.919967974373,-251.25,-98.000000000035));
#5529=CARTESIAN_POINT('Origin',(-310.000000000004,-502.499999999999,-103.000000000031));
#5530=CARTESIAN_POINT('',(-309.999999999997,-498.5,-275.520008006427));
#5531=CARTESIAN_POINT('Origin',(-409.919967974373,-1.15377478318162E-13,
-448.));
#5532=CARTESIAN_POINT('',(-409.919967974373,-498.5,-815.5));
#5533=CARTESIAN_POINT('',(-409.919967974374,499.,-815.5));
#5534=CARTESIAN_POINT('',(-409.919967974374,-498.5,-80.50404163331));
#5535=CARTESIAN_POINT('Origin',(-409.919967974373,-1.15377478318162E-13,
-448.));
#5536=CARTESIAN_POINT('',(-409.919967974374,-498.5,-80.50404163331));
#5537=CARTESIAN_POINT('',(-409.919967974374,-498.5,-80.50404163331));
#5538=CARTESIAN_POINT('',(-409.919967974374,-498.,-80.50404163331));
#5539=CARTESIAN_POINT('',(-409.919967974374,-498.,-80.50404163331));
#5540=CARTESIAN_POINT('',(-409.919967974373,-498.,-815.5));
#5541=CARTESIAN_POINT('',(-409.919967974374,-498.,-80.50404163331));
#5542=CARTESIAN_POINT('',(-409.919967974374,498.,-815.5));
#5543=CARTESIAN_POINT('',(-409.919967974374,499.,-815.5));
#5544=CARTESIAN_POINT('',(-409.919967974374,498.,-80.50404163331));
#5545=CARTESIAN_POINT('',(-409.919967974374,498.,-80.5040416333101));
#5546=CARTESIAN_POINT('',(-409.919967974374,498.5,-80.50404163331));
#5547=CARTESIAN_POINT('',(-409.919967974374,498.5,-80.50404163331));
#5548=CARTESIAN_POINT('',(-409.919967974374,498.5,-815.5));
#5549=CARTESIAN_POINT('',(-409.919967974374,498.5,-80.5040416333101));
#5550=CARTESIAN_POINT('',(-409.919967974374,499.,-815.5));
#5551=CARTESIAN_POINT('',(-409.919967974374,499.,-815.5));
#5552=CARTESIAN_POINT('',(-409.919967974373,499.,-80.4999999999998));
#5553=CARTESIAN_POINT('',(-409.919967974373,499.,-80.4999999999998));
#5554=CARTESIAN_POINT('',(-409.919967974373,-499.,-80.5));
#5555=CARTESIAN_POINT('',(-409.919967974373,-5.68411530421573,-672.928190392419));
#5556=CARTESIAN_POINT('',(-409.919967974373,-5.76056996216102,-675.927216088187));
#5557=CARTESIAN_POINT('',(-409.919967974373,-4.74919152980901,-636.254683527259));
#5558=CARTESIAN_POINT('',(-409.919967974373,-5.78408282497213,-672.925641903883));
#5559=CARTESIAN_POINT('Origin',(-409.919967974373,-4.43232047421524E-14,
-448.));
#5560=CARTESIAN_POINT('',(-409.919967974373,-5.86053748291742,-675.924667599651));
#5561=CARTESIAN_POINT('',(-409.919967974373,-4.84915905056541,-636.252135038722));
#5562=CARTESIAN_POINT('Origin',(-409.919967974373,-4.43232047421524E-14,
-448.));
#5563=CARTESIAN_POINT('Origin',(360.000000000001,-1007.5,-168.));
#5564=CARTESIAN_POINT('',(340.000000000002,-1007.5,-188.000000000001));
#5565=CARTESIAN_POINT('',(380.000000000002,-1007.5,-187.999999999999));
#5566=CARTESIAN_POINT('',(351.500000000002,-1007.5,-188.000000000001));
#5567=CARTESIAN_POINT('',(380.,-1007.5,-147.999999999999));
#5568=CARTESIAN_POINT('',(380.000000000001,-1007.5,-176.499999999999));
#5569=CARTESIAN_POINT('',(340.,-1007.5,-148.000000000001));
#5570=CARTESIAN_POINT('',(368.5,-1007.5,-148.));
#5571=CARTESIAN_POINT('',(340.000000000001,-1007.5,-159.500000000001));
#5572=CARTESIAN_POINT('',(361.916503822664,-1007.5,-175.767046613593));
#5573=CARTESIAN_POINT('Origin',(360.000000000001,-1007.5,-168.));
#5574=CARTESIAN_POINT('Origin',(343.000000000002,-1007.5,-188.000000000001));
#5575=CARTESIAN_POINT('',(340.000000000002,-502.5,-188.000000000001));
#5576=CARTESIAN_POINT('',(340.000000000002,-1007.5,-188.000000000001));
#5577=CARTESIAN_POINT('',(380.000000000002,-502.5,-187.999999999999));
#5578=CARTESIAN_POINT('',(351.5,-502.499999999999,-188.000000000001));
#5579=CARTESIAN_POINT('',(380.000000000002,-1007.5,-187.999999999999));
#5580=CARTESIAN_POINT('Origin',(380.000000000002,-1007.5,-184.999999999999));
#5581=CARTESIAN_POINT('',(380.,-502.5,-147.999999999999));
#5582=CARTESIAN_POINT('',(380.000000000001,-502.499999999999,-176.5));
#5583=CARTESIAN_POINT('',(380.,-1007.5,-147.999999999999));
#5584=CARTESIAN_POINT('Origin',(340.,-1007.5,-151.000000000001));
#5585=CARTESIAN_POINT('',(340.,-502.5,-148.000000000001));
#5586=CARTESIAN_POINT('',(340.,-1007.5,-148.000000000001));
#5587=CARTESIAN_POINT('',(340.000000000001,-502.499999999999,-159.500000000002));
#5588=CARTESIAN_POINT('Origin',(377.,-1007.5,-147.999999999999));
#5589=CARTESIAN_POINT('',(368.499999999999,-502.499999999999,-148.));
#5590=CARTESIAN_POINT('Origin',(359.999999999998,-502.499999999999,-168.000000000002));
#5591=CARTESIAN_POINT('',(309.999999999995,-502.499999999999,-98.0000000000039));
#5592=CARTESIAN_POINT('',(409.999999999995,-502.499999999999,-97.9999999999997));
#5593=CARTESIAN_POINT('',(314.999999999995,-502.499999999999,-98.0000000000037));
#5594=CARTESIAN_POINT('',(310.000000000001,-502.499999999999,-238.000000000004));
#5595=CARTESIAN_POINT('',(310.000000000001,-502.499999999999,-233.000000000004));
#5596=CARTESIAN_POINT('',(410.000000000001,-502.499999999999,-238.));
#5597=CARTESIAN_POINT('',(405.000000000001,-502.499999999999,-238.));
#5598=CARTESIAN_POINT('',(409.999999999996,-502.499999999999,-103.));
#5599=CARTESIAN_POINT('Origin',(314.999999999995,-502.499999999999,-98.0000000000037));
#5600=CARTESIAN_POINT('',(309.999999999995,-498.499999999999,-98.000000000004));
#5601=CARTESIAN_POINT('',(409.999999999995,-498.499999999999,-97.9999999999997));
#5602=CARTESIAN_POINT('',(157.520008006396,-498.5,-98.0000000000105));
#5603=CARTESIAN_POINT('',(309.999999999995,-502.499999999999,-98.000000000004));
#5604=CARTESIAN_POINT('',(409.999999999995,-502.499999999999,-97.9999999999997));
#5605=CARTESIAN_POINT('Origin',(405.000000000001,-502.499999999999,-238.));
#5606=CARTESIAN_POINT('',(410.000000000001,-498.499999999999,-238.));
#5607=CARTESIAN_POINT('',(410.000000000001,-502.499999999999,-238.));
#5608=CARTESIAN_POINT('',(310.000000000001,-498.499999999999,-238.000000000004));
#5609=CARTESIAN_POINT('',(310.000000000001,-502.499999999999,-238.000000000004));
#5610=CARTESIAN_POINT('',(202.520008006402,-498.5,-238.000000000009));
#5611=CARTESIAN_POINT('Origin',(310.000000000001,-502.499999999999,-233.000000000004));
#5612=CARTESIAN_POINT('',(310.000000000006,-498.5,-340.520008006401));
#5613=CARTESIAN_POINT('Origin',(0.0400160128118987,-498.5,-448.040016012811));
#5614=CARTESIAN_POINT('',(-409.919967974376,-498.5,-815.575990392309));
#5615=CARTESIAN_POINT('',(-409.919967974374,-498.5,-80.50404163331));
#5616=CARTESIAN_POINT('',(-183.95998398719,-498.5,-1097.79991993593));
#5617=CARTESIAN_POINT('',(-409.919967974377,-498.5,-815.575990392309));
#5618=CARTESIAN_POINT('',(184.04001601281,-498.5,-1097.79991993593));
#5619=CARTESIAN_POINT('',(-183.95998398719,-498.5,-1097.79991993593));
#5620=CARTESIAN_POINT('',(409.977516012812,-498.5,-815.604072883306));
#5621=CARTESIAN_POINT('',(184.04001601281,-498.5,-1097.79991993593));
#5622=CARTESIAN_POINT('',(409.999999999998,-498.5,-815.575990392312));
#5623=CARTESIAN_POINT('',(184.04001601281,-498.5,-1097.79991993593));
#5624=CARTESIAN_POINT('',(409.999999999998,-498.5,-815.575990392312));
#5625=CARTESIAN_POINT('',(410.,-498.5,-80.5040416333126));
#5626=CARTESIAN_POINT('',(409.999999999998,-498.5,-815.575990392312));
#5627=CARTESIAN_POINT('',(184.040016012814,-498.5,201.719887910312));
#5628=CARTESIAN_POINT('',(410.,-498.5,-80.5040416333126));
#5629=CARTESIAN_POINT('',(-183.959983987186,-498.5,201.719887910313));
#5630=CARTESIAN_POINT('',(184.040016012814,-498.5,201.719887910312));
#5631=CARTESIAN_POINT('',(-184.350296362086,-498.5,202.032387910313));
#5632=CARTESIAN_POINT('',(-184.350296362086,-498.5,202.032387910313));
#5633=CARTESIAN_POINT('',(-410.287796362087,-498.5,-80.1634591423141));
#5634=CARTESIAN_POINT('',(-184.350296362086,-498.5,202.032387910313));
#5635=CARTESIAN_POINT('',(-409.897483987187,-498.5,-80.4759591423141));
#5636=CARTESIAN_POINT('',(-410.287796362087,-498.5,-80.1634591423141));
#5637=CARTESIAN_POINT('',(-183.959983987186,-498.5,201.719887910313));
#5638=CARTESIAN_POINT('Origin',(2.8421709430404E-13,498.500000000001,-447.99991993593));
#5639=CARTESIAN_POINT('',(-183.959983987186,498.5,201.719887910313));
#5640=CARTESIAN_POINT('',(-184.035168728721,498.500000000002,201.780083879595));
#5641=CARTESIAN_POINT('',(30.3912182089435,498.499999999997,30.101576542476));
#5642=CARTESIAN_POINT('',(184.040016012814,498.5,201.719887910312));
#5643=CARTESIAN_POINT('',(184.040016012814,498.5,201.719887910312));
#5644=CARTESIAN_POINT('',(207.000000000004,498.499999999992,173.042877101659));
#5645=CARTESIAN_POINT('',(410.000000000001,498.5,-80.5040416333127));
#5646=CARTESIAN_POINT('',(207.000000000004,498.499999999992,173.097018815059));
#5647=CARTESIAN_POINT('',(206.999999999996,498.499999999999,-1069.09685868692));
#5648=CARTESIAN_POINT('',(183.458774532452,498.499999999992,202.500000000002));
#5649=CARTESIAN_POINT('',(207.000000000004,498.499999999992,173.097018815059));
#5650=CARTESIAN_POINT('',(-183.458774532443,498.500000000002,202.500000000005));
#5651=CARTESIAN_POINT('',(0.020008006415815,498.499999999997,202.500000000003));
#5652=CARTESIAN_POINT('',(-183.058454147928,498.500000000002,203.000000000007));
#5653=CARTESIAN_POINT('Origin',(2.8421709430404E-13,498.500000000001,-447.99991993593));
#5654=CARTESIAN_POINT('',(-183.858966711852,498.50000000001,-1098.));
#5655=CARTESIAN_POINT('',(183.858966711844,498.5,-1098.));
#5656=CARTESIAN_POINT('',(-183.959983987186,498.500000000002,-1098.));
#5657=CARTESIAN_POINT('',(184.019158968203,498.5,-1097.79991993593));
#5658=CARTESIAN_POINT('',(183.058454147929,498.5,-1098.99983987187));
#5659=CARTESIAN_POINT('',(-183.95998398719,498.5,-1097.79991993593));
#5660=CARTESIAN_POINT('',(-183.95998398719,498.5,-1097.79991993593));
#5661=CARTESIAN_POINT('',(-207.000000000004,498.50000000001,-1069.02294915932));
#5662=CARTESIAN_POINT('',(-409.919967974376,498.5,-815.575990392309));
#5663=CARTESIAN_POINT('',(-207.000000000004,498.50000000001,-1069.09685868692));
#5664=CARTESIAN_POINT('',(-206.999999999996,498.500000000003,173.097018815062));
#5665=CARTESIAN_POINT('',(-207.000000000004,498.50000000001,-1069.09685868692));
#5666=CARTESIAN_POINT('Origin',(2.8421709430404E-13,498.500000000001,-447.99991993593));
#5667=CARTESIAN_POINT('',(-183.45864632734,498.50000000001,-1098.5));
#5668=CARTESIAN_POINT('',(183.458646327331,498.5,-1098.5));
#5669=CARTESIAN_POINT('',(-183.959983987186,498.500000000002,-1098.5));
#5670=CARTESIAN_POINT('',(-183.058454147937,498.50000000001,-1098.99983987187));
#5671=CARTESIAN_POINT('',(-207.000000000004,498.50000000001,-1069.09685868692));
#5672=CARTESIAN_POINT('',(183.058454147929,498.5,-1098.99983987187));
#5673=CARTESIAN_POINT('',(-183.058454147937,498.50000000001,-1098.99983987187));
#5674=CARTESIAN_POINT('',(183.058454147929,498.5,-1098.99983987187));
#5675=CARTESIAN_POINT('Origin',(0.0400160128136307,1.91846538655227E-12,
203.));
#5676=CARTESIAN_POINT('',(-183.959983987186,499.000000000002,203.000000000005));
#5677=CARTESIAN_POINT('',(-183.058454147928,499.000000000002,203.000000000007));
#5678=CARTESIAN_POINT('',(-183.959983987186,499.000000000002,203.000000000005));
#5679=CARTESIAN_POINT('',(-183.959983987186,-498.999999999998,202.999999999999));
#5680=CARTESIAN_POINT('',(-183.959983987186,-498.999999999998,202.999999999999));
#5681=CARTESIAN_POINT('',(184.040016012814,-498.999999999998,202.999999999996));
#5682=CARTESIAN_POINT('',(184.040016012814,-498.999999999998,202.999999999996));
#5683=CARTESIAN_POINT('',(184.040016012814,499.000000000002,203.000000000002));
#5684=CARTESIAN_POINT('',(184.040016012814,499.000000000002,203.000000000002));
#5685=CARTESIAN_POINT('',(183.058454147937,499.000000000002,203.000000000004));
#5686=CARTESIAN_POINT('',(-183.959983987186,499.000000000002,203.000000000005));
#5687=CARTESIAN_POINT('',(183.058454147938,506.499999999992,203.000000000004));
#5688=CARTESIAN_POINT('',(183.058454147938,503.499999999992,203.000000000004));
#5689=CARTESIAN_POINT('',(-183.058454147928,506.500000000002,203.000000000007));
#5690=CARTESIAN_POINT('',(-183.058454147928,506.500000000002,203.000000000007));
#5691=CARTESIAN_POINT('',(-183.058454147928,503.500000000002,203.000000000007));
#5692=CARTESIAN_POINT('Origin',(-183.959983987186,499.000000000002,203.000000000005));
#5693=CARTESIAN_POINT('',(-183.458774532443,499.000000000002,202.500000000005));
#5694=CARTESIAN_POINT('',(-183.234534194659,499.000000000002,202.780076092129));
#5695=CARTESIAN_POINT('',(-183.959983987186,499.000000000002,202.500000000005));
#5696=CARTESIAN_POINT('',(-183.959983987186,499.000000000002,202.500000000005));
#5697=CARTESIAN_POINT('',(-183.959983987186,499.000000000002,203.000000000005));
#5698=CARTESIAN_POINT('Origin',(-183.959983987186,499.000000000002,203.000000000005));
#5699=CARTESIAN_POINT('',(183.458774532452,499.000000000002,202.500000000002));
#5700=CARTESIAN_POINT('',(123.345938375706,499.000000000001,277.580908295389));
#5701=CARTESIAN_POINT('',(184.040016012814,499.000000000002,202.500000000002));
#5702=CARTESIAN_POINT('',(184.040016012814,499.000000000002,203.000000000002));
#5703=CARTESIAN_POINT('',(-183.959983987186,499.000000000002,202.500000000005));
#5704=CARTESIAN_POINT('Origin',(-183.959983987186,-498.999999999998,202.999999999999));
#5705=CARTESIAN_POINT('',(-183.959983987186,-498.999999999998,202.499999999999));
#5706=CARTESIAN_POINT('',(-183.959983987186,-498.999999999998,202.499999999999));
#5707=CARTESIAN_POINT('',(-183.959983987186,-498.999999999998,202.999999999999));
#5708=CARTESIAN_POINT('Origin',(184.040016012814,-498.999999999998,202.999999999996));
#5709=CARTESIAN_POINT('',(184.040016012814,-498.999999999998,202.499999999996));
#5710=CARTESIAN_POINT('',(184.040016012814,-498.999999999998,202.499999999996));
#5711=CARTESIAN_POINT('',(184.040016012814,-498.999999999998,202.999999999996));
#5712=CARTESIAN_POINT('Origin',(184.040016012814,499.000000000002,203.000000000002));
#5713=CARTESIAN_POINT('',(184.040016012814,499.000000000002,202.500000000002));
#5714=CARTESIAN_POINT('Origin',(0.0400160128136273,1.92137289741275E-12,
202.5));
#5715=CARTESIAN_POINT('',(183.458774532445,251.749999999995,202.500000000001));
#5716=CARTESIAN_POINT('',(-183.458774532449,251.750000000004,202.500000000003));
#5717=CARTESIAN_POINT('Origin',(-410.287796362087,499.5,-80.1634591423142));
#5718=CARTESIAN_POINT('',(-184.035168728721,499.5,201.780083879595));
#5719=CARTESIAN_POINT('',(-206.999999999996,499.5,173.097018815062));
#5720=CARTESIAN_POINT('',(-296.515561438325,499.5,61.2921184134873));
#5721=CARTESIAN_POINT('',(-206.999999999995,499.5,172.9429171337));
#5722=CARTESIAN_POINT('',(-206.999999999996,499.5,46.4667798363733));
#5723=CARTESIAN_POINT('',(-409.897483987187,499.5,-80.4759591423142));
#5724=CARTESIAN_POINT('',(-409.897483987187,499.5,-80.4759591423142));
#5725=CARTESIAN_POINT('',(-410.287796362087,499.5,-80.1634591423142));
#5726=CARTESIAN_POINT('',(-410.287796362087,499.5,-80.1634591423142));
#5727=CARTESIAN_POINT('',(-184.350296362086,499.5,202.032387910313));
#5728=CARTESIAN_POINT('',(-410.287796362087,499.5,-80.1634591423142));
#5729=CARTESIAN_POINT('',(-184.350296362086,499.5,202.032387910313));
#5730=CARTESIAN_POINT('Origin',(-296.928733987186,0.499999999999936,60.6219643839992));
#5731=CARTESIAN_POINT('',(-206.999999999996,498.500000000003,172.9429171337));
#5732=CARTESIAN_POINT('',(-207.000000000002,251.999999999998,172.942917133692));
#5733=CARTESIAN_POINT('',(-409.897483987187,498.5,-80.4759591423142));
#5734=CARTESIAN_POINT('',(-183.959983987186,498.5,201.719887910313));
#5735=CARTESIAN_POINT('',(-409.897483987187,-498.5,-80.4759591423141));
#5736=CARTESIAN_POINT('Origin',(0.0400160128120941,498.5,-448.040016012811));
#5737=CARTESIAN_POINT('',(-206.999999999998,498.5,-137.471498598874));
#5738=CARTESIAN_POINT('',(-409.919967974376,498.5,-815.575990392309));
#5739=CARTESIAN_POINT('',(-409.919967974376,498.5,-815.575990392309));
#5740=CARTESIAN_POINT('',(-409.919967974374,498.5,-80.5040416333101));
#5741=CARTESIAN_POINT('',(-183.959983987186,498.5,201.719887910313));
#5742=CARTESIAN_POINT('',(-349.,498.5,-402.999999999999));
#5743=CARTESIAN_POINT('',(-349.,498.5,-492.999999999999));
#5744=CARTESIAN_POINT('',(-349.,498.5,-448.020008006405));
#5745=CARTESIAN_POINT('',(-357.,498.5,-402.999999999999));
#5746=CARTESIAN_POINT('',(-178.479991993594,498.5,-402.999999999999));
#5747=CARTESIAN_POINT('',(-357.,498.5,-492.999999999999));
#5748=CARTESIAN_POINT('',(-357.,498.5,-448.020008006405));
#5749=CARTESIAN_POINT('',(-178.479991993594,498.5,-492.999999999999));
#5750=CARTESIAN_POINT('Origin',(-297.319046362086,0.499999999999936,60.9344643839992));
#5751=CARTESIAN_POINT('',(-184.350296362086,499.5,202.032387910313));
#5752=CARTESIAN_POINT('',(-410.287796362087,-498.5,-80.1634591423141));
#5753=CARTESIAN_POINT('',(-284.456323571686,-397.999999999999,77.0000000000003));
#5754=CARTESIAN_POINT('Origin',(-284.456323571686,-359.999999999999,77.0000000000003));
#5755=CARTESIAN_POINT('',(-284.456323571686,322.,77.0000000000001));
#5756=CARTESIAN_POINT('Origin',(-284.456323571686,360.,77.0000000000001));
#5757=CARTESIAN_POINT('Origin',(-296.928733987186,0.499999999999936,60.6219643839992));
#5758=CARTESIAN_POINT('',(-183.959983987186,-498.,201.719887910313));
#5759=CARTESIAN_POINT('',(-409.897483987187,-498.,-80.4759591423141));
#5760=CARTESIAN_POINT('',(-183.959983987186,-498.,201.719887910313));
#5761=CARTESIAN_POINT('',(-409.897483987187,498.,-80.4759591423142));
#5762=CARTESIAN_POINT('',(-409.897483987187,-498.5,-80.4759591423141));
#5763=CARTESIAN_POINT('',(-183.959983987186,498.,201.719887910313));
#5764=CARTESIAN_POINT('',(-183.959983987186,498.,201.719887910313));
#5765=CARTESIAN_POINT('',(-183.959983987186,499.5,201.719887910313));
#5766=CARTESIAN_POINT('',(-283.815810956465,-397.999999999999,77.0000000000003));
#5767=CARTESIAN_POINT('Origin',(-283.815810956465,-359.999999999999,77.0000000000003));
#5768=CARTESIAN_POINT('',(-283.815810956465,322.,77.0000000000001));
#5769=CARTESIAN_POINT('Origin',(-283.815810956465,360.,77.0000000000001));
#5770=CARTESIAN_POINT('Origin',(-184.350296362086,499.5,202.032387910313));
#5771=CARTESIAN_POINT('',(-184.035168728721,501.500000000001,201.780083879595));
#5772=CARTESIAN_POINT('',(-183.959983987186,-498.,201.719887910313));
#5773=CARTESIAN_POINT('',(-183.959983987186,498.5,201.719887910313));
#5774=CARTESIAN_POINT('Origin',(-410.287796362087,-498.5,-80.1634591423141));
#5775=CARTESIAN_POINT('',(-409.897483987187,-4.08058783650752E-14,-80.4759591423141));
#5776=CARTESIAN_POINT('',(-409.897483987187,-498.25,-80.4759591423141));
#5777=CARTESIAN_POINT('Origin',(-183.959983987186,-498.,201.719887910313));
#5778=CARTESIAN_POINT('',(-183.959983987186,-498.,201.719887910313));
#5779=CARTESIAN_POINT('Origin',(-410.419967974373,-1.1547009713378E-13,
-448.));
#5780=CARTESIAN_POINT('',(-410.419967974373,499.,-80.4999999999998));
#5781=CARTESIAN_POINT('',(-410.419967974373,-499.,-80.5));
#5782=CARTESIAN_POINT('',(-410.419967974373,499.,-815.5));
#5783=CARTESIAN_POINT('',(-410.419967974373,499.,-80.4999999999998));
#5784=CARTESIAN_POINT('',(-410.419967974373,499.,-815.5));
#5785=CARTESIAN_POINT('',(-410.419967974373,-5.76056996216102,-675.927216088187));
#5786=CARTESIAN_POINT('',(-410.419967974373,-5.68411530421573,-672.928190392419));
#5787=CARTESIAN_POINT('',(-410.419967974373,-4.74919152980901,-636.254683527259));
#5788=CARTESIAN_POINT('',(-410.419967974373,-5.86053748291742,-675.924667599651));
#5789=CARTESIAN_POINT('Origin',(-410.419967974373,-4.44158235577701E-14,
-448.));
#5790=CARTESIAN_POINT('',(-410.419967974373,-5.78408282497213,-672.925641903883));
#5791=CARTESIAN_POINT('',(-410.419967974373,-4.84915905056541,-636.252135038722));
#5792=CARTESIAN_POINT('Origin',(-410.419967974373,-4.44158235577701E-14,
-448.));
#5793=CARTESIAN_POINT('Origin',(-409.919967974374,499.,-815.5));
#5794=CARTESIAN_POINT('',(-409.919967974376,498.75,-815.5));
#5795=CARTESIAN_POINT('',(-409.919967974376,0.499999999999985,-815.5));
#5796=CARTESIAN_POINT('',(-409.919967974374,499.,-815.5));
#5797=CARTESIAN_POINT('Origin',(-409.919967974373,499.,-80.4999999999998));
#5798=CARTESIAN_POINT('',(-409.919967974373,499.,-80.4999999999998));
#5799=CARTESIAN_POINT('Origin',(-409.919967974373,-499.,-80.5));
#5800=CARTESIAN_POINT('Origin',(-507.,-6.23060799148394E-14,-448.));
#5801=CARTESIAN_POINT('',(-507.,-5.78408282497215,-672.925641903883));
#5802=CARTESIAN_POINT('',(-507.,-5.78408282497215,-672.925641903883));
#5803=CARTESIAN_POINT('',(-507.,-5.68411530421575,-672.928190392419));
#5804=CARTESIAN_POINT('Origin',(-507.,-6.23060799148394E-14,-448.));
#5805=CARTESIAN_POINT('',(-507.,-5.68411530421575,-672.928190392419));
#5806=CARTESIAN_POINT('Origin',(-507.,-6.23060799148394E-14,-448.));
#5807=CARTESIAN_POINT('',(-357.,-5.68411530421572,-672.928190392419));
#5808=CARTESIAN_POINT('',(-507.,-5.68411530421575,-672.928190392419));
#5809=CARTESIAN_POINT('',(-357.,-5.78408282497212,-672.925641903883));
#5810=CARTESIAN_POINT('Origin',(-357.,-3.45204352295245E-14,-448.));
#5811=CARTESIAN_POINT('',(-507.,-5.78408282497215,-672.925641903883));
#5812=CARTESIAN_POINT('Origin',(993.,-9.64833434075231,-824.505544321713));
#5813=CARTESIAN_POINT('',(-507.,-5.86053748291743,-675.924667599651));
#5814=CARTESIAN_POINT('',(-507.,-5.86053748291743,-675.924667599651));
#5815=CARTESIAN_POINT('',(-507.,-4.84915905056543,-636.252135038722));
#5816=CARTESIAN_POINT('Origin',(993.,-9.64833434075231,-824.505544321713));
#5817=CARTESIAN_POINT('',(-357.,-5.86053748291741,-675.924667599651));
#5818=CARTESIAN_POINT('',(-357.,-4.8491590505654,-636.252135038722));
#5819=CARTESIAN_POINT('',(-507.,-5.86053748291743,-675.924667599651));
#5820=CARTESIAN_POINT('Origin',(-507.,-6.23060799148394E-14,-448.));
#5821=CARTESIAN_POINT('',(-507.,-5.76056996216103,-675.927216088187));
#5822=CARTESIAN_POINT('',(-507.,-5.76056996216103,-675.927216088187));
#5823=CARTESIAN_POINT('Origin',(-507.,-6.23060799148394E-14,-448.));
#5824=CARTESIAN_POINT('Origin',(993.,-9.54836681999591,-824.508092810249));
#5825=CARTESIAN_POINT('',(-507.,-4.74919152980903,-636.254683527259));
#5826=CARTESIAN_POINT('Origin',(993.,-9.54836681999591,-824.508092810249));
#5827=CARTESIAN_POINT('',(-357.,-5.76056996216101,-675.927216088187));
#5828=CARTESIAN_POINT('',(-507.,-5.76056996216103,-675.927216088187));
#5829=CARTESIAN_POINT('',(-357.,-4.749191529809,-636.254683527259));
#5830=CARTESIAN_POINT('Origin',(-507.,-6.23060799148394E-14,-448.));
#5831=CARTESIAN_POINT('Origin',(-507.,-6.23060799148394E-14,-448.));
#5832=CARTESIAN_POINT('Origin',(-357.,-3.45204352295245E-14,-448.));
#5833=CARTESIAN_POINT('Origin',(-357.,-3.45204352295245E-14,-448.));
#5834=CARTESIAN_POINT('Origin',(-409.919967974374,-498.,-80.50404163331));
#5835=CARTESIAN_POINT('',(-409.919967974377,-498.,-815.575990392309));
#5836=CARTESIAN_POINT('',(-409.919967974374,-498.,-80.50404163331));
#5837=CARTESIAN_POINT('',(-409.919967974377,-498.,-815.575990392309));
#5838=CARTESIAN_POINT('Origin',(297.008766012813,-0.500000000000164,-956.70199640962));
#5839=CARTESIAN_POINT('',(184.040016012813,-499.5,-1097.79991993593));
#5840=CARTESIAN_POINT('',(184.040016012813,498.5,-1097.79991993593));
#5841=CARTESIAN_POINT('',(409.977516012813,-499.5,-815.604072883307));
#5842=CARTESIAN_POINT('',(184.040016012813,-499.5,-1097.79991993593));
#5843=CARTESIAN_POINT('',(409.977516012813,-499.5,-815.604072883307));
#5844=CARTESIAN_POINT('Origin',(297.008766012813,-0.500000000000164,-956.70199640962));
#5845=CARTESIAN_POINT('',(184.04001601281,498.,-1097.79991993593));
#5846=CARTESIAN_POINT('',(409.977516012813,498.,-815.604072883307));
#5847=CARTESIAN_POINT('',(184.04001601281,498.,-1097.79991993593));
#5848=CARTESIAN_POINT('',(184.04001601281,-498.,-1097.79991993593));
#5849=CARTESIAN_POINT('',(184.040016012813,498.5,-1097.79991993593));
#5850=CARTESIAN_POINT('',(409.977516012812,-498.,-815.604072883306));
#5851=CARTESIAN_POINT('',(184.04001601281,-498.,-1097.79991993593));
#5852=CARTESIAN_POINT('',(409.977516012813,-499.5,-815.604072883307));
#5853=CARTESIAN_POINT('Origin',(184.430328387713,498.5,-1098.11241993593));
#5854=CARTESIAN_POINT('',(184.430328387713,498.5,-1098.11241993593));
#5855=CARTESIAN_POINT('',(184.430328387713,-499.5,-1098.11241993593));
#5856=CARTESIAN_POINT('',(184.430328387713,498.5,-1098.11241993593));
#5857=CARTESIAN_POINT('',(184.430328387713,-499.5,-1098.11241993593));
#5858=CARTESIAN_POINT('',(184.04001601281,-498.,-1097.79991993593));
#5859=CARTESIAN_POINT('',(184.04001601281,498.5,-1097.79991993593));
#5860=CARTESIAN_POINT('',(184.04001601281,498.5,-1097.79991993593));
#5861=CARTESIAN_POINT('',(184.430328387713,498.5,-1098.11241993593));
#5862=CARTESIAN_POINT('Origin',(410.367828387713,-499.5,-815.916572883307));
#5863=CARTESIAN_POINT('',(410.367828387713,-499.5,-815.916572883307));
#5864=CARTESIAN_POINT('',(410.367828387713,498.5,-815.916572883307));
#5865=CARTESIAN_POINT('',(410.367828387713,-499.5,-815.916572883307));
#5866=CARTESIAN_POINT('',(409.977516012813,498.5,-815.604072883307));
#5867=CARTESIAN_POINT('',(410.367828387713,498.5,-815.916572883307));
#5868=CARTESIAN_POINT('',(409.977516012812,-0.500000000000148,-815.604072883306));
#5869=CARTESIAN_POINT('',(409.977516012812,-498.75,-815.604072883306));
#5870=CARTESIAN_POINT('',(410.367828387713,-499.5,-815.916572883307));
#5871=CARTESIAN_POINT('Origin',(184.430328387713,-499.5,-1098.11241993593));
#5872=CARTESIAN_POINT('',(184.430328387713,-499.5,-1098.11241993593));
#5873=CARTESIAN_POINT('Origin',(297.399078387713,-0.500000000000199,-957.01449640962));
#5874=CARTESIAN_POINT('',(410.367828387713,498.5,-815.916572883307));
#5875=CARTESIAN_POINT('Origin',(410.,-498.,-80.5040416333126));
#5876=CARTESIAN_POINT('',(410.,-498.,-80.5040416333126));
#5877=CARTESIAN_POINT('',(184.040016012814,-498.,201.719887910312));
#5878=CARTESIAN_POINT('',(410.,-498.,-80.5040416333126));
#5879=CARTESIAN_POINT('',(184.040016012814,-498.,201.719887910312));
#5880=CARTESIAN_POINT('',(410.,-498.,-80.5040416333126));
#5881=CARTESIAN_POINT('Origin',(409.999999999998,-498.,-815.575990392312));
#5882=CARTESIAN_POINT('',(409.999999999998,-498.,-815.575990392312));
#5883=CARTESIAN_POINT('',(409.999999999998,-498.,-815.575990392312));
#5884=CARTESIAN_POINT('',(409.999999999998,-498.,-815.575990392312));
#5885=CARTESIAN_POINT('Origin',(184.04001601281,-498.,-1097.79991993593));
#5886=CARTESIAN_POINT('',(184.04001601281,-498.,-1097.79991993593));
#5887=CARTESIAN_POINT('Origin',(-183.95998398719,-498.,-1097.79991993593));
#5888=CARTESIAN_POINT('',(-183.95998398719,-498.,-1097.79991993593));
#5889=CARTESIAN_POINT('',(-183.95998398719,-498.,-1097.79991993593));
#5890=CARTESIAN_POINT('',(-183.95998398719,-498.,-1097.79991993593));
#5891=CARTESIAN_POINT('Origin',(-409.919967974377,-498.,-815.575990392309));
#5892=CARTESIAN_POINT('',(-409.919967974377,-498.,-815.575990392309));
#5893=CARTESIAN_POINT('Origin',(184.040016012814,-498.,201.719887910312));
#5894=CARTESIAN_POINT('',(184.040016012814,-498.,201.719887910312));
#5895=CARTESIAN_POINT('Origin',(0.0400160128118987,-498.,-448.040016012811));
#5896=CARTESIAN_POINT('Origin',(184.04001601281,498.5,-1097.79991993593));
#5897=CARTESIAN_POINT('',(409.999999999998,498.5,-815.575990392312));
#5898=CARTESIAN_POINT('',(184.04001601281,498.5,-1097.79991993593));
#5899=CARTESIAN_POINT('',(409.999999999998,498.,-815.575990392312));
#5900=CARTESIAN_POINT('',(409.999999999998,498.5,-815.575990392312));
#5901=CARTESIAN_POINT('',(184.04001601281,498.,-1097.79991993593));
#5902=CARTESIAN_POINT('Origin',(0.0400160128120941,498.5,-448.040016012811));
#5903=CARTESIAN_POINT('',(206.999999999996,498.499999999999,-1069.09685868692));
#5904=CARTESIAN_POINT('',(206.999999999998,498.5,-758.568437349868));
#5905=CARTESIAN_POINT('',(410.000000000001,498.5,-80.5040416333127));
#5906=CARTESIAN_POINT('',(410.000000000001,498.5,-80.5040416333127));
#5907=CARTESIAN_POINT('',(409.999999999998,498.5,-815.575990392312));
#5908=CARTESIAN_POINT('',(-183.95998398719,498.5,-1097.79991993593));
#5909=CARTESIAN_POINT('',(306.111212208944,498.5,-945.30699431418));
#5910=CARTESIAN_POINT('',(349.,498.5,-493.));
#5911=CARTESIAN_POINT('',(349.,498.5,-403.));
#5912=CARTESIAN_POINT('',(349.,498.5,-448.020008006405));
#5913=CARTESIAN_POINT('',(357.,498.5,-493.));
#5914=CARTESIAN_POINT('',(178.520008006406,498.5,-493.));
#5915=CARTESIAN_POINT('',(357.,498.5,-403.));
#5916=CARTESIAN_POINT('',(357.,498.5,-448.020008006405));
#5917=CARTESIAN_POINT('',(178.520008006406,498.5,-403.));
#5918=CARTESIAN_POINT('Origin',(0.0400160128120941,498.,-448.040016012811));
#5919=CARTESIAN_POINT('',(410.000000000001,498.,-80.5040416333127));
#5920=CARTESIAN_POINT('',(184.040016012814,498.,201.719887910312));
#5921=CARTESIAN_POINT('',(410.000000000001,498.,-80.5040416333127));
#5922=CARTESIAN_POINT('',(184.040016012814,498.,201.719887910312));
#5923=CARTESIAN_POINT('',(-183.959983987186,498.,201.719887910313));
#5924=CARTESIAN_POINT('',(-409.919967974376,498.,-815.575990392309));
#5925=CARTESIAN_POINT('',(-409.919967974374,498.,-80.5040416333101));
#5926=CARTESIAN_POINT('',(-183.95998398719,498.,-1097.79991993593));
#5927=CARTESIAN_POINT('',(-409.919967974376,498.,-815.575990392309));
#5928=CARTESIAN_POINT('',(-183.95998398719,498.,-1097.79991993593));
#5929=CARTESIAN_POINT('',(409.999999999998,498.,-815.575990392312));
#5930=CARTESIAN_POINT('',(349.,498.,-403.));
#5931=CARTESIAN_POINT('',(349.,498.,-493.));
#5932=CARTESIAN_POINT('',(349.,498.,-448.020008006405));
#5933=CARTESIAN_POINT('',(357.,498.,-403.));
#5934=CARTESIAN_POINT('',(178.520008006406,498.,-403.));
#5935=CARTESIAN_POINT('',(357.,498.,-493.));
#5936=CARTESIAN_POINT('',(357.,498.,-448.020008006405));
#5937=CARTESIAN_POINT('',(178.520008006406,498.,-493.));
#5938=CARTESIAN_POINT('',(-349.,498.,-492.999999999999));
#5939=CARTESIAN_POINT('',(-349.,498.,-402.999999999999));
#5940=CARTESIAN_POINT('',(-349.,498.,-448.020008006405));
#5941=CARTESIAN_POINT('',(-357.,498.,-492.999999999999));
#5942=CARTESIAN_POINT('',(-178.479991993594,498.,-492.999999999999));
#5943=CARTESIAN_POINT('',(-357.,498.,-402.999999999999));
#5944=CARTESIAN_POINT('',(-357.,498.,-448.020008006405));
#5945=CARTESIAN_POINT('',(-178.479991993594,498.,-402.999999999999));
#5946=CARTESIAN_POINT('Origin',(409.999999999998,498.5,-815.575990392312));
#5947=CARTESIAN_POINT('',(410.000000000001,498.5,-80.5040416333127));
#5948=CARTESIAN_POINT('Origin',(-183.95998398719,498.5,-1097.79991993593));
#5949=CARTESIAN_POINT('',(-183.95998398719,498.5,-1097.79991993593));
#5950=CARTESIAN_POINT('Origin',(-409.919967974376,498.5,-815.575990392309));
#5951=CARTESIAN_POINT('',(-409.919967974376,498.5,-815.575990392309));
#5952=CARTESIAN_POINT('Origin',(-409.919967974374,498.5,-80.50404163331));
#5953=CARTESIAN_POINT('Origin',(-183.959983987186,498.5,201.719887910313));
#5954=CARTESIAN_POINT('Origin',(184.040016012814,498.5,201.719887910312));
#5955=CARTESIAN_POINT('',(184.040016012814,498.5,201.719887910312));
#5956=CARTESIAN_POINT('Origin',(410.000000000001,498.5,-80.5040416333127));
#5957=CARTESIAN_POINT('Origin',(-357.,565.,-402.999999999999));
#5958=CARTESIAN_POINT('',(-357.,448.,-402.999999999999));
#5959=CARTESIAN_POINT('',(-357.,445.,-402.999999999999));
#5960=CARTESIAN_POINT('',(-349.,448.,-402.999999999999));
#5961=CARTESIAN_POINT('',(-357.,448.,-402.999999999999));
#5962=CARTESIAN_POINT('',(-349.,445.,-402.999999999999));
#5963=CARTESIAN_POINT('Origin',(-357.,565.,-402.999999999999));
#5964=CARTESIAN_POINT('',(-349.,565.,-402.999999999999));
#5965=CARTESIAN_POINT('',(-349.,445.,-402.999999999999));
#5966=CARTESIAN_POINT('',(-357.,565.,-402.999999999999));
#5967=CARTESIAN_POINT('',(-357.,565.,-402.999999999999));
#5968=CARTESIAN_POINT('',(-357.,445.,-402.999999999999));
#5969=CARTESIAN_POINT('Origin',(-357.,529.,-447.999999999999));
#5970=CARTESIAN_POINT('',(-357.,448.,-492.999999999999));
#5971=CARTESIAN_POINT('',(-357.,565.,-492.999999999999));
#5972=CARTESIAN_POINT('',(-357.,448.,-797.999999999999));
#5973=CARTESIAN_POINT('Origin',(-357.,529.,-447.999999999999));
#5974=CARTESIAN_POINT('',(-357.,565.,-492.999999999999));
#5975=CARTESIAN_POINT('Origin',(-357.,565.,-447.999999999999));
#5976=CARTESIAN_POINT('',(-357.,565.,-492.999999999999));
#5977=CARTESIAN_POINT('Origin',(-357.,448.,-492.999999999999));
#5978=CARTESIAN_POINT('',(-349.,448.,-492.999999999999));
#5979=CARTESIAN_POINT('',(-349.,565.,-492.999999999999));
#5980=CARTESIAN_POINT('',(-357.,448.,-492.999999999999));
#5981=CARTESIAN_POINT('Origin',(-349.,529.,-447.999999999999));
#5982=CARTESIAN_POINT('',(-349.,448.,-797.999999999999));
#5983=CARTESIAN_POINT('Origin',(-349.,529.,-447.999999999999));
#5984=CARTESIAN_POINT('',(-349.,565.,-492.999999999999));
#5985=CARTESIAN_POINT('',(-349.,565.,-492.999999999999));
#5986=CARTESIAN_POINT('Origin',(-349.,565.,-447.999999999999));
#5987=CARTESIAN_POINT('Origin',(-357.,448.,-402.999999999999));
#5988=CARTESIAN_POINT('Origin',(-357.,565.,-447.999999999999));
#5989=CARTESIAN_POINT('',(-357.,565.,-492.999999999999));
#5990=CARTESIAN_POINT('Origin',(-357.,448.,-492.999999999999));
#5991=CARTESIAN_POINT('Origin',(357.,565.000000000001,-493.));
#5992=CARTESIAN_POINT('',(357.,448.000000000001,-493.));
#5993=CARTESIAN_POINT('',(357.,445.000000000001,-493.));
#5994=CARTESIAN_POINT('',(349.,448.000000000001,-493.));
#5995=CARTESIAN_POINT('',(357.,448.000000000001,-493.));
#5996=CARTESIAN_POINT('',(349.,445.000000000001,-493.));
#5997=CARTESIAN_POINT('Origin',(357.,565.000000000001,-493.));
#5998=CARTESIAN_POINT('',(349.,565.000000000001,-493.));
#5999=CARTESIAN_POINT('',(349.,445.000000000001,-493.));
#6000=CARTESIAN_POINT('',(357.,565.000000000001,-493.));
#6001=CARTESIAN_POINT('',(357.,565.000000000001,-493.));
#6002=CARTESIAN_POINT('',(357.,445.000000000001,-493.));
#6003=CARTESIAN_POINT('Origin',(357.,529.000000000001,-448.));
#6004=CARTESIAN_POINT('',(357.,448.000000000001,-403.));
#6005=CARTESIAN_POINT('',(357.,565.000000000001,-403.));
#6006=CARTESIAN_POINT('',(357.,448.000000000001,-97.9999999999998));
#6007=CARTESIAN_POINT('Origin',(357.,529.000000000001,-448.));
#6008=CARTESIAN_POINT('',(357.,565.000000000001,-403.));
#6009=CARTESIAN_POINT('Origin',(357.,565.000000000001,-448.));
#6010=CARTESIAN_POINT('',(357.,565.000000000001,-403.));
#6011=CARTESIAN_POINT('Origin',(357.,448.000000000001,-403.));
#6012=CARTESIAN_POINT('',(349.,448.000000000001,-403.));
#6013=CARTESIAN_POINT('',(349.,565.000000000001,-403.));
#6014=CARTESIAN_POINT('',(357.,448.000000000001,-403.));
#6015=CARTESIAN_POINT('Origin',(349.,529.000000000001,-448.));
#6016=CARTESIAN_POINT('',(349.,448.000000000001,-97.9999999999998));
#6017=CARTESIAN_POINT('Origin',(349.,529.000000000001,-448.));
#6018=CARTESIAN_POINT('',(349.,565.000000000001,-403.));
#6019=CARTESIAN_POINT('',(349.,565.000000000001,-403.));
#6020=CARTESIAN_POINT('Origin',(349.,565.000000000001,-448.));
#6021=CARTESIAN_POINT('Origin',(357.,448.000000000001,-493.));
#6022=CARTESIAN_POINT('Origin',(357.,565.000000000001,-448.));
#6023=CARTESIAN_POINT('',(357.,565.000000000001,-403.));
#6024=CARTESIAN_POINT('Origin',(357.,448.000000000001,-403.));
#6025=CARTESIAN_POINT('Origin',(160.,360.,77.));
#6026=CARTESIAN_POINT('',(160.,322.,77.));
#6027=CARTESIAN_POINT('',(160.,322.,77.));
#6028=CARTESIAN_POINT('Origin',(160.,360.,77.));
#6029=CARTESIAN_POINT('Origin',(-482.999999999999,405.608387386532,31.3916126134677));
#6030=CARTESIAN_POINT('',(-482.999999999999,296.360389693211,140.639610306789));
#6031=CARTESIAN_POINT('Origin',(-482.999999999999,360.,77.0000000000001));
#6032=CARTESIAN_POINT('',(-482.999999999999,322.,77.0000000000001));
#6033=CARTESIAN_POINT('Origin',(-482.999999999999,360.,77.0000000000001));
#6034=CARTESIAN_POINT('Origin',(-505.499999999999,360.,77.0000000000001));
#6035=CARTESIAN_POINT('',(-503.999999999999,314.745166004061,122.254833995939));
#6036=CARTESIAN_POINT('Origin',(-503.999999999999,360.,77.0000000000001));
#6037=CARTESIAN_POINT('',(-506.999999999999,316.86648634762,120.133513652379));
#6038=CARTESIAN_POINT('',(-505.499999999999,315.805826175841,121.194173824159));
#6039=CARTESIAN_POINT('Origin',(-506.999999999999,360.,77.0000000000001));
#6040=CARTESIAN_POINT('Origin',(-503.999999999999,414.447222151364,22.5527778486359));
#6041=CARTESIAN_POINT('',(-503.999999999999,296.360389693211,140.639610306789));
#6042=CARTESIAN_POINT('Origin',(-503.999999999999,360.,77.0000000000001));
#6043=CARTESIAN_POINT('Origin',(-506.999999999999,395.355339059327,41.6446609406727));
#6044=CARTESIAN_POINT('Origin',(-493.499999999999,360.,77.0000000000001));
#6045=CARTESIAN_POINT('',(-493.499999999999,296.360389693211,140.639610306789));
#6046=CARTESIAN_POINT('Origin',(160.,360.,77.));
#6047=CARTESIAN_POINT('',(160.,322.,77.));
#6048=CARTESIAN_POINT('Origin',(160.,360.,77.));
#6049=CARTESIAN_POINT('Origin',(160.,-359.999999999999,76.9999999999993));
#6050=CARTESIAN_POINT('',(160.,-397.999999999999,76.9999999999993));
#6051=CARTESIAN_POINT('',(160.,-397.999999999999,76.9999999999993));
#6052=CARTESIAN_POINT('Origin',(160.,-359.999999999999,76.9999999999993));
#6053=CARTESIAN_POINT('Origin',(-483.000000000001,-405.608387386532,31.3916126134684));
#6054=CARTESIAN_POINT('',(-483.000000000001,-296.36038969321,140.63961030679));
#6055=CARTESIAN_POINT('Origin',(-483.000000000001,-360.,77.0000000000007));
#6056=CARTESIAN_POINT('',(-483.000000000001,-397.999999999999,77.0000000000008));
#6057=CARTESIAN_POINT('Origin',(-483.000000000001,-359.999999999999,77.0000000000008));
#6058=CARTESIAN_POINT('Origin',(-505.500000000001,-360.,77.0000000000007));
#6059=CARTESIAN_POINT('',(-504.000000000001,-314.745166004061,122.25483399594));
#6060=CARTESIAN_POINT('Origin',(-504.000000000001,-360.,77.0000000000007));
#6061=CARTESIAN_POINT('',(-507.000000000001,-316.86648634762,120.13351365238));
#6062=CARTESIAN_POINT('',(-505.500000000001,-315.805826175841,121.19417382416));
#6063=CARTESIAN_POINT('Origin',(-507.000000000001,-360.,77.0000000000007));
#6064=CARTESIAN_POINT('Origin',(-504.000000000001,-414.447222151364,22.5527778486366));
#6065=CARTESIAN_POINT('',(-504.000000000001,-296.36038969321,140.63961030679));
#6066=CARTESIAN_POINT('Origin',(-504.000000000001,-360.,77.0000000000007));
#6067=CARTESIAN_POINT('Origin',(-507.000000000001,-395.355339059327,41.6446609406734));
#6068=CARTESIAN_POINT('Origin',(-493.500000000001,-360.,77.0000000000007));
#6069=CARTESIAN_POINT('',(-493.500000000001,-296.36038969321,140.63961030679));
#6070=CARTESIAN_POINT('Origin',(160.,-359.999999999999,76.9999999999993));
#6071=CARTESIAN_POINT('',(160.,-397.999999999999,76.9999999999993));
#6072=CARTESIAN_POINT('Origin',(160.,-359.999999999999,76.9999999999993));
#6073=CARTESIAN_POINT('Origin',(-183.959983987186,498.500000000002,-1098.));
#6074=CARTESIAN_POINT('',(-195.449213292517,498.500000000002,-1083.52378666056));
#6075=CARTESIAN_POINT('',(-183.959983987186,498.500000000002,-1098.5));
#6076=CARTESIAN_POINT('',(-183.959983987186,498.500000000002,-1098.5));
#6077=CARTESIAN_POINT('',(-183.959983987186,498.500000000002,-1098.));
#6078=CARTESIAN_POINT('',(-183.959983987186,498.500000000002,-1098.));
#6079=CARTESIAN_POINT('',(-183.959983987186,498.500000000002,-1098.));
#6080=CARTESIAN_POINT('Origin',(-183.959983987186,498.500000000002,-1098.));
#6081=CARTESIAN_POINT('',(111.619071621482,498.500000000002,-1188.22760004876));
#6082=CARTESIAN_POINT('',(184.040016012814,498.500000000002,-1098.));
#6083=CARTESIAN_POINT('',(-183.959983987186,498.500000000002,-1098.));
#6084=CARTESIAN_POINT('',(184.040016012814,498.500000000002,-1098.5));
#6085=CARTESIAN_POINT('',(184.040016012814,498.500000000002,-1098.));
#6086=CARTESIAN_POINT('',(-183.959983987186,498.500000000002,-1098.5));
#6087=CARTESIAN_POINT('Origin',(-183.959983987186,-499.499999999998,-1098.));
#6088=CARTESIAN_POINT('',(-183.959983987186,-499.499999999998,-1098.));
#6089=CARTESIAN_POINT('',(-183.959983987186,-499.499999999998,-1098.));
#6090=CARTESIAN_POINT('',(-183.959983987186,-499.499999999998,-1098.5));
#6091=CARTESIAN_POINT('',(-183.959983987186,-499.499999999998,-1098.5));
#6092=CARTESIAN_POINT('',(-183.959983987186,-499.499999999998,-1098.));
#6093=CARTESIAN_POINT('Origin',(184.040016012814,-499.499999999998,-1098.));
#6094=CARTESIAN_POINT('',(184.040016012814,-499.499999999998,-1098.));
#6095=CARTESIAN_POINT('',(184.040016012814,-499.499999999998,-1098.));
#6096=CARTESIAN_POINT('',(184.040016012814,-499.499999999998,-1098.5));
#6097=CARTESIAN_POINT('',(184.040016012814,-499.499999999998,-1098.5));
#6098=CARTESIAN_POINT('',(184.040016012814,-499.499999999998,-1098.));
#6099=CARTESIAN_POINT('Origin',(184.040016012814,498.500000000002,-1098.));
#6100=CARTESIAN_POINT('',(184.040016012814,498.500000000002,-1098.));
#6101=CARTESIAN_POINT('',(184.040016012814,498.500000000002,-1098.5));
#6102=CARTESIAN_POINT('Origin',(0.0400160128136264,-0.499999999998192,-1098.5));
#6103=CARTESIAN_POINT('Origin',(0.0400160128136298,-0.499999999998195,-1098.));
#6104=CARTESIAN_POINT('Origin',(4.9737991503207E-13,506.500000000001,-447.99991993593));
#6105=CARTESIAN_POINT('',(-206.999999999995,506.500000000003,173.097018815062));
#6106=CARTESIAN_POINT('',(-206.999999999995,506.500000000003,173.097018815062));
#6107=CARTESIAN_POINT('',(207.000000000005,506.499999999992,173.097018815059));
#6108=CARTESIAN_POINT('',(183.058454147938,506.499999999992,203.000000000004));
#6109=CARTESIAN_POINT('',(206.999999999996,506.499999999999,-1069.09685868692));
#6110=CARTESIAN_POINT('',(207.000000000005,506.499999999992,173.097018815059));
#6111=CARTESIAN_POINT('',(183.058454147929,506.5,-1098.99983987187));
#6112=CARTESIAN_POINT('',(206.999999999996,506.499999999999,-1069.09685868692));
#6113=CARTESIAN_POINT('',(-183.058454147937,506.50000000001,-1098.99983987187));
#6114=CARTESIAN_POINT('',(183.058454147929,506.5,-1098.99983987187));
#6115=CARTESIAN_POINT('',(-207.000000000004,506.50000000001,-1069.09685868692));
#6116=CARTESIAN_POINT('',(-183.058454147937,506.50000000001,-1098.99983987187));
#6117=CARTESIAN_POINT('',(-207.000000000004,506.50000000001,-1069.09685868692));
#6118=CARTESIAN_POINT('Origin',(-207.000000000004,503.50000000001,-1069.09685868692));
#6119=CARTESIAN_POINT('',(-206.999999999995,503.500000000003,173.097018815062));
#6120=CARTESIAN_POINT('',(-207.000000000004,503.50000000001,-1069.09685868692));
#6121=CARTESIAN_POINT('Origin',(-183.058454147937,503.50000000001,-1098.99983987187));
#6122=CARTESIAN_POINT('',(-183.058454147937,503.50000000001,-1098.99983987187));
#6123=CARTESIAN_POINT('Origin',(183.058454147929,503.5,-1098.99983987187));
#6124=CARTESIAN_POINT('',(183.058454147929,503.5,-1098.99983987187));
#6125=CARTESIAN_POINT('Origin',(206.999999999996,503.499999999999,-1069.09685868692));
#6126=CARTESIAN_POINT('',(206.999999999996,503.499999999999,-1069.09685868692));
#6127=CARTESIAN_POINT('Origin',(207.000000000005,503.499999999992,173.097018815059));
#6128=CARTESIAN_POINT('',(207.000000000005,503.499999999992,173.097018815059));
#6129=CARTESIAN_POINT('Origin',(183.058454147938,503.499999999992,203.000000000004));
#6130=CARTESIAN_POINT('Origin',(-206.999999999995,503.500000000003,173.097018815062));
#6131=CARTESIAN_POINT('Origin',(359.999999999999,-1056.,-168.000000000002));
#6132=CARTESIAN_POINT('',(309.999999999996,-1056.,-98.0000000000038));
#6133=CARTESIAN_POINT('',(409.999999999996,-1056.,-97.9999999999994));
#6134=CARTESIAN_POINT('',(314.999999999996,-1056.,-98.0000000000035));
#6135=CARTESIAN_POINT('',(410.000000000002,-1056.,-237.999999999999));
#6136=CARTESIAN_POINT('',(409.999999999996,-1056.,-102.999999999999));
#6137=CARTESIAN_POINT('',(310.000000000002,-1056.,-238.000000000004));
#6138=CARTESIAN_POINT('',(405.000000000002,-1056.,-238.));
#6139=CARTESIAN_POINT('',(310.000000000001,-1056.,-233.000000000004));
#6140=CARTESIAN_POINT('',(361.916503822664,-1056.,-175.767046613593));
#6141=CARTESIAN_POINT('Origin',(360.000000000001,-1056.,-168.));
#6142=CARTESIAN_POINT('Origin',(359.999999999999,-1060.,-168.000000000002));
#6143=CARTESIAN_POINT('',(309.999999999996,-1060.,-98.0000000000037));
#6144=CARTESIAN_POINT('',(409.999999999996,-1060.,-97.9999999999994));
#6145=CARTESIAN_POINT('',(314.999999999996,-1060.,-98.0000000000035));
#6146=CARTESIAN_POINT('',(310.000000000002,-1060.,-238.000000000004));
#6147=CARTESIAN_POINT('',(310.000000000001,-1060.,-233.000000000004));
#6148=CARTESIAN_POINT('',(410.000000000002,-1060.,-237.999999999999));
#6149=CARTESIAN_POINT('',(405.000000000002,-1060.,-238.));
#6150=CARTESIAN_POINT('',(409.999999999996,-1060.,-102.999999999999));
#6151=CARTESIAN_POINT('Origin',(314.999999999996,-1060.,-98.0000000000035));
#6152=CARTESIAN_POINT('',(309.999999999996,-1060.,-98.0000000000038));
#6153=CARTESIAN_POINT('',(409.999999999996,-1060.,-97.9999999999994));
#6154=CARTESIAN_POINT('Origin',(409.999999999996,-1060.,-102.999999999999));
#6155=CARTESIAN_POINT('',(410.000000000002,-1060.,-237.999999999999));
#6156=CARTESIAN_POINT('Origin',(405.000000000002,-1060.,-238.));
#6157=CARTESIAN_POINT('',(310.000000000002,-1060.,-238.000000000004));
#6158=CARTESIAN_POINT('Origin',(310.000000000001,-1060.,-233.000000000004));
#6159=CARTESIAN_POINT('Origin',(360.000000000001,-1006.,-168.));
#6160=CARTESIAN_POINT('',(361.916503822664,-1006.,-175.767046613593));
#6161=CARTESIAN_POINT('Origin',(-360.000000000001,-1056.,-168.000000000033));
#6162=CARTESIAN_POINT('',(-410.000000000004,-1056.,-98.0000000000348));
#6163=CARTESIAN_POINT('',(-310.000000000004,-1056.,-98.0000000000305));
#6164=CARTESIAN_POINT('',(-405.000000000004,-1056.,-98.0000000000345));
#6165=CARTESIAN_POINT('',(-309.999999999998,-1056.,-238.00000000003));
#6166=CARTESIAN_POINT('',(-310.000000000004,-1056.,-103.00000000003));
#6167=CARTESIAN_POINT('',(-409.999999999998,-1056.,-238.000000000035));
#6168=CARTESIAN_POINT('',(-314.999999999998,-1056.,-238.000000000031));
#6169=CARTESIAN_POINT('',(-409.999999999998,-1056.,-233.000000000035));
#6170=CARTESIAN_POINT('',(-358.083496177336,-1056.,-175.767046613624));
#6171=CARTESIAN_POINT('Origin',(-359.999999999999,-1056.,-168.000000000031));
#6172=CARTESIAN_POINT('Origin',(-360.000000000001,-1060.,-168.000000000033));
#6173=CARTESIAN_POINT('',(-410.000000000004,-1060.,-98.0000000000347));
#6174=CARTESIAN_POINT('',(-310.000000000004,-1060.,-98.0000000000305));
#6175=CARTESIAN_POINT('',(-405.000000000004,-1060.,-98.0000000000345));
#6176=CARTESIAN_POINT('',(-409.999999999998,-1060.,-238.000000000035));
#6177=CARTESIAN_POINT('',(-409.999999999998,-1060.,-233.000000000035));
#6178=CARTESIAN_POINT('',(-309.999999999998,-1060.,-238.00000000003));
#6179=CARTESIAN_POINT('',(-314.999999999998,-1060.,-238.000000000031));
#6180=CARTESIAN_POINT('',(-310.000000000004,-1060.,-103.00000000003));
#6181=CARTESIAN_POINT('Origin',(-405.000000000004,-1060.,-98.0000000000345));
#6182=CARTESIAN_POINT('',(-410.000000000004,-1060.,-98.0000000000348));
#6183=CARTESIAN_POINT('',(-310.000000000004,-1060.,-98.0000000000305));
#6184=CARTESIAN_POINT('Origin',(-310.000000000004,-1060.,-103.00000000003));
#6185=CARTESIAN_POINT('',(-309.999999999998,-1060.,-238.00000000003));
#6186=CARTESIAN_POINT('Origin',(-314.999999999998,-1060.,-238.000000000031));
#6187=CARTESIAN_POINT('',(-409.999999999998,-1060.,-238.000000000035));
#6188=CARTESIAN_POINT('Origin',(-409.999999999998,-1060.,-233.000000000035));
#6189=CARTESIAN_POINT('Origin',(-359.999999999999,-1006.,-168.000000000031));
#6190=CARTESIAN_POINT('',(-358.083496177336,-1006.,-175.767046613624));
#6191=CARTESIAN_POINT('Origin',(-359.999999999997,-1056.5,-727.999999999968));
#6192=CARTESIAN_POINT('',(-310.,-1056.5,-797.99999999997));
#6193=CARTESIAN_POINT('',(-410.,-1056.5,-797.999999999966));
#6194=CARTESIAN_POINT('',(-315.,-1056.5,-797.99999999997));
#6195=CARTESIAN_POINT('',(-409.999999999994,-1056.5,-657.999999999966));
#6196=CARTESIAN_POINT('',(-409.999999999999,-1056.5,-792.999999999966));
#6197=CARTESIAN_POINT('',(-309.999999999994,-1056.5,-657.99999999997));
#6198=CARTESIAN_POINT('',(-404.999999999994,-1056.5,-657.999999999966));
#6199=CARTESIAN_POINT('',(-309.999999999994,-1056.5,-662.99999999997));
#6200=CARTESIAN_POINT('',(-361.916503822661,-1056.5,-720.232953386376));
#6201=CARTESIAN_POINT('Origin',(-359.999999999999,-1056.5,-727.999999999969));
#6202=CARTESIAN_POINT('Origin',(-359.999999999997,-1060.5,-727.999999999968));
#6203=CARTESIAN_POINT('',(-310.,-1060.5,-797.99999999997));
#6204=CARTESIAN_POINT('',(-410.,-1060.5,-797.999999999966));
#6205=CARTESIAN_POINT('',(-315.,-1060.5,-797.99999999997));
#6206=CARTESIAN_POINT('',(-309.999999999994,-1060.5,-657.99999999997));
#6207=CARTESIAN_POINT('',(-309.999999999994,-1060.5,-662.99999999997));
#6208=CARTESIAN_POINT('',(-409.999999999994,-1060.5,-657.999999999966));
#6209=CARTESIAN_POINT('',(-404.999999999994,-1060.5,-657.999999999966));
#6210=CARTESIAN_POINT('',(-409.999999999999,-1060.5,-792.999999999966));
#6211=CARTESIAN_POINT('Origin',(-315.,-1060.5,-797.99999999997));
#6212=CARTESIAN_POINT('',(-310.,-1060.5,-797.99999999997));
#6213=CARTESIAN_POINT('',(-410.,-1060.5,-797.999999999966));
#6214=CARTESIAN_POINT('Origin',(-409.999999999999,-1060.5,-792.999999999966));
#6215=CARTESIAN_POINT('',(-409.999999999994,-1060.5,-657.999999999966));
#6216=CARTESIAN_POINT('Origin',(-404.999999999994,-1060.5,-657.999999999966));
#6217=CARTESIAN_POINT('',(-309.999999999994,-1060.5,-657.99999999997));
#6218=CARTESIAN_POINT('Origin',(-309.999999999994,-1060.5,-662.99999999997));
#6219=CARTESIAN_POINT('Origin',(-359.999999999999,-1006.5,-727.999999999969));
#6220=CARTESIAN_POINT('',(-361.916503822661,-1006.5,-720.232953386376));
#6221=CARTESIAN_POINT('Origin',(-494.999999999999,360.,77.0000000000001));
#6222=CARTESIAN_POINT('',(-505.999999999999,333.129942314911,103.870057685089));
#6223=CARTESIAN_POINT('Origin',(-505.999999999999,360.,77.0000000000001));
#6224=CARTESIAN_POINT('',(-483.999999999999,333.129942314911,103.870057685089));
#6225=CARTESIAN_POINT('',(-494.999999999999,333.129942314911,103.870057685089));
#6226=CARTESIAN_POINT('Origin',(-483.999999999999,360.,77.0000000000001));
#6227=CARTESIAN_POINT('Origin',(-495.000000000001,-360.,77.0000000000007));
#6228=CARTESIAN_POINT('',(-506.000000000001,-333.129942314911,103.87005768509));
#6229=CARTESIAN_POINT('Origin',(-506.000000000001,-360.,77.0000000000007));
#6230=CARTESIAN_POINT('',(-484.000000000001,-333.129942314911,103.870057685089));
#6231=CARTESIAN_POINT('',(-495.000000000001,-333.129942314911,103.870057685089));
#6232=CARTESIAN_POINT('Origin',(-484.000000000001,-360.,77.0000000000007));
#6233=UNCERTAINTY_MEASURE_WITH_UNIT(LENGTH_MEASURE(0.01),#6237,
'DISTANCE_ACCURACY_VALUE',
'Maximum model space distance between geometric entities at asserted c
onnectivities');
#6234=UNCERTAINTY_MEASURE_WITH_UNIT(LENGTH_MEASURE(0.01),#6237,
'DISTANCE_ACCURACY_VALUE',
'Maximum model space distance between geometric entities at asserted c
onnectivities');
#6235=(
GEOMETRIC_REPRESENTATION_CONTEXT(3)
GLOBAL_UNCERTAINTY_ASSIGNED_CONTEXT((#6233))
GLOBAL_UNIT_ASSIGNED_CONTEXT((#6237,#6239,#6240))
REPRESENTATION_CONTEXT('','3D')
);
#6236=(
GEOMETRIC_REPRESENTATION_CONTEXT(3)
GLOBAL_UNCERTAINTY_ASSIGNED_CONTEXT((#6234))
GLOBAL_UNIT_ASSIGNED_CONTEXT((#6237,#6239,#6240))
REPRESENTATION_CONTEXT('','3D')
);
#6237=(
LENGTH_UNIT()
NAMED_UNIT(*)
SI_UNIT(.MILLI.,.METRE.)
);
#6238=(
LENGTH_UNIT()
NAMED_UNIT(*)
SI_UNIT(.CENTI.,.METRE.)
);
#6239=(
NAMED_UNIT(*)
PLANE_ANGLE_UNIT()
SI_UNIT($,.RADIAN.)
);
#6240=(
NAMED_UNIT(*)
SI_UNIT($,.STERADIAN.)
SOLID_ANGLE_UNIT()
);
#6241=SHAPE_DEFINITION_REPRESENTATION(#6242,#6243);
#6242=PRODUCT_DEFINITION_SHAPE('',$,#6245);
#6243=SHAPE_REPRESENTATION('',(#3957,#19,#20),#6235);
#6244=PRODUCT_DEFINITION_CONTEXT('part definition',#6249,'design');
#6245=PRODUCT_DEFINITION('PREMIUM EQS2-3000-3500 (BIM)',
'PREMIUM EQS2-3000-3500 (BIM)',#6246,#6244);
#6246=PRODUCT_DEFINITION_FORMATION('',$,#6251);
#6247=PRODUCT_RELATED_PRODUCT_CATEGORY('PREMIUM EQS2-3000-3500 (BIM)',
'PREMIUM EQS2-3000-3500 (BIM)',(#6251));
#6248=APPLICATION_PROTOCOL_DEFINITION('international standard',
'automotive_design',2009,#6249);
#6249=APPLICATION_CONTEXT(
'Core Data for Automotive Mechanical Design Process');
#6250=PRODUCT_CONTEXT('part definition',#6249,'mechanical');
#6251=PRODUCT('PREMIUM EQS2-3000-3500 (BIM)',
'PREMIUM EQS2-3000-3500 (BIM)',$,(#6250));
#6252=PRESENTATION_STYLE_ASSIGNMENT((#6254));
#6253=PRESENTATION_STYLE_ASSIGNMENT((#6255));
#6254=SURFACE_STYLE_USAGE(.BOTH.,#6260);
#6255=SURFACE_STYLE_USAGE(.BOTH.,#6261);
#6256=SURFACE_STYLE_RENDERING_WITH_PROPERTIES($,#6268,(#6258));
#6257=SURFACE_STYLE_RENDERING_WITH_PROPERTIES($,#6269,(#6259));
#6258=SURFACE_STYLE_TRANSPARENT(0.);
#6259=SURFACE_STYLE_TRANSPARENT(0.);
#6260=SURFACE_SIDE_STYLE('',(#6262,#6256));
#6261=SURFACE_SIDE_STYLE('',(#6263,#6257));
#6262=SURFACE_STYLE_FILL_AREA(#6264);
#6263=SURFACE_STYLE_FILL_AREA(#6265);
#6264=FILL_AREA_STYLE('',(#6266));
#6265=FILL_AREA_STYLE('',(#6267));
#6266=FILL_AREA_STYLE_COLOUR('',#6268);
#6267=FILL_AREA_STYLE_COLOUR('',#6269);
#6268=COLOUR_RGB('',0.749019607843137,0.749019607843137,0.749019607843137);
#6269=COLOUR_RGB('',0.87843137254902,0.874509803921569,0.858823529411765);
ENDSEC;
END-ISO-10303-21;
